"Table_Number","Year","Measure","Age","Sex","Indigenous_Status","Remoteness","Disability_Status","Housing_Type","Year_Dollars","Description1","Description2","Description3","Description4","Description5","Description6","Uncertainty","Data_Source","Unit","NSW","Vic","Qld","WA","SA","Tas","ACT","NT","Total","Aust"
"18A.1","2024-25","Recurrent expenditure","All ages","All people","All households","All areas","All households","Public housing","2024-25 dollars","Public housing","State and territory government real expenditure","","Net recurrent expenditure","","","","Derived from State and territory governments (unpublished); ABS Australian National Accounts: National Income Expenditure and Product","$m","1291.5","707.4","609.1","860.4","437.4","89.0","192.9","251.5","","4439.1"
"18A.1","2024-25","Recurrent expenditure","All ages","All people","All households","All areas","All households","State owned and managed Indigenous housing","2024-25 dollars","State owned and managed Indigenous housing","State and territory government real expenditure","","Net recurrent expenditure","","","","Derived from State and territory governments (unpublished); ABS Australian National Accounts: National Income Expenditure and Product","$m","71.4","..","53.1","..","25.9","2.7","..","386.3","","539.4"
"18A.1","2024-25","Recurrent expenditure","All ages","All people","All households","All areas","All households","Community housing","2024-25 dollars","Community housing","State and territory government real expenditure","","Net recurrent expenditure","","","","Derived from State and territory governments (unpublished); ABS Australian National Accounts: National Income Expenditure and Product","$m","101.3","189.4","103.9","12.6","50.2","72.1","11.3","na","","540.8"
"18A.1","2024-25","Recurrent expenditure","All ages","All people","All households","All areas","All households","Indigenous community housing","2024-25 dollars","Indigenous community housing","State and territory government real expenditure","","Net recurrent expenditure","","","","Derived from State and territory governments (unpublished); ABS Australian National Accounts: National Income Expenditure and Product","$m","10.4","..","150.7","51.8","16.7","na","..","na","","229.5"
"18A.1","2024-25","Recurrent expenditure","All ages","All people","All households","All areas","All households","","2024-25 dollars","All social housing","State and territory government real expenditure","","Net recurrent expenditure","","","","Derived from State and territory governments (unpublished); ABS Australian National Accounts: National Income Expenditure and Product","$m","1568.8","896.8","916.8","924.8","564.9","168.1","204.2","637.8","","5882.1"
"18A.1","2024-25","Recurrent expenditure","All ages","All people","All households","All areas","All households","Public housing","2024-25 dollars","Public housing","State and territory government real expenditure","","Capital expenditure","","","","Derived from State and territory governments (unpublished); ABS Australian National Accounts: National Income Expenditure and Product","$m","1022.1","970.6","510.1","551.3","263.3","100.6","80.9","10.6","","3509.5"
"18A.1","2024-25","Recurrent expenditure","All ages","All people","All households","All areas","All households","State owned and managed Indigenous housing","2024-25 dollars","State owned and managed Indigenous housing","State and territory government real expenditure","","Capital expenditure","","","","Derived from State and territory governments (unpublished); ABS Australian National Accounts: National Income Expenditure and Product","$m","37.2","..","21.6","..","6.6","3.3","..","na","","68.7"
"18A.1","2024-25","Recurrent expenditure","All ages","All people","All households","All areas","All households","Community housing","2024-25 dollars","Community housing","State and territory government real expenditure","","Capital expenditure","","","","Derived from State and territory governments (unpublished); ABS Australian National Accounts: National Income Expenditure and Product","$m","0.1","287.1","501.8","..","0","1.3","0","na","","790.3"
"18A.1","2024-25","Recurrent expenditure","All ages","All people","All households","All areas","All households","Indigenous community housing","2024-25 dollars","Indigenous community housing","State and territory government real expenditure","","Capital expenditure","","","","Derived from State and territory governments (unpublished); ABS Australian National Accounts: National Income Expenditure and Product","$m","144.1","..","110.4","23.7","5.8","na","..","na","","284.0"
"18A.1","2024-25","Recurrent expenditure","All ages","All people","All households","All areas","All households","","2024-25 dollars","All social housing","State and territory government real expenditure","","Capital expenditure","","","","Derived from State and territory governments (unpublished); ABS Australian National Accounts: National Income Expenditure and Product","$m","1203.5","1257.7","1143.9","575.0","275.7","109.6","80.9","284.7","","4931.0"
"18A.1","2024-25","Recurrent expenditure","All ages","All people","All households","All areas","All households","","2024-25 dollars","All social housing","State and territory government real expenditure","","Total","","","","Derived from State and territory governments (unpublished); ABS Australian National Accounts: National Income Expenditure and Product","$m","2772.2","2154.5","2060.7","1499.8","840.6","277.6","285.1","922.5","","10813.1"
"18A.1","2024-25","Recurrent expenditure","All ages","All people","All households","All areas","All households","","2024-25 dollars","All social housing","State and territory government real expenditure","","Net recurrent expenditure","per person in the population","","","Derived from State and territory governments (unpublished); ABS Australian National Accounts: National Income Expenditure and Product; ABS National state and territory population - December","$","183.59","127.91","163.17","307.37","298.63","291.88","423.88","2432.53","","214.67"
"18A.1","2023-24","Recurrent expenditure","All ages","All people","All households","All areas","All households","Public housing","2024-25 dollars","Public housing","State and territory government real expenditure","","Net recurrent expenditure","","","","Derived from State and territory governments (unpublished); ABS Australian National Accounts: National Income Expenditure and Product","$m","1291.2","710.9","618.1","828.6","407.3","87.8","174.8","121.7","","4240.4"
"18A.1","2023-24","Recurrent expenditure","All ages","All people","All households","All areas","All households","State owned and managed Indigenous housing","2024-25 dollars","State owned and managed Indigenous housing","State and territory government real expenditure","","Net recurrent expenditure","","","","Derived from State and territory governments (unpublished); ABS Australian National Accounts: National Income Expenditure and Product","$m","47.2","..","55.0","..","24.8","2.7","..","226.9","","356.7"
"18A.1","2023-24","Recurrent expenditure","All ages","All people","All households","All areas","All households","Community housing","2024-25 dollars","Community housing","State and territory government real expenditure","","Net recurrent expenditure","","","","Derived from State and territory governments (unpublished); ABS Australian National Accounts: National Income Expenditure and Product","$m","138.0","214.0","98.7","21.3","48.6","74.1","12.1","na","","606.8"
"18A.1","2023-24","Recurrent expenditure","All ages","All people","All households","All areas","All households","Indigenous community housing","2024-25 dollars","Indigenous community housing","State and territory government real expenditure","","Net recurrent expenditure","","","","Derived from State and territory governments (unpublished); ABS Australian National Accounts: National Income Expenditure and Product","$m","12.2","0.4","131.3","48.7","15.6","na","0","na","","208.3"
"18A.1","2023-24","Recurrent expenditure","All ages","All people","All households","All areas","All households","","2024-25 dollars","All social housing","State and territory government real expenditure","","Net recurrent expenditure","","","","Derived from State and territory governments (unpublished); ABS Australian National Accounts: National Income Expenditure and Product","$m","1550.3","925.3","903.2","898.5","530.0","168.2","186.9","348.6","","5511.1"
"18A.1","2023-24","Recurrent expenditure","All ages","All people","All households","All areas","All households","Public housing","2024-25 dollars","Public housing","State and territory government real expenditure","","Capital expenditure","","","","Derived from State and territory governments (unpublished); ABS Australian National Accounts: National Income Expenditure and Product","$m","570.7","1011.3","377.5","397.8","128.6","110.6","103.6","4.6","","2704.7"
"18A.1","2023-24","Recurrent expenditure","All ages","All people","All households","All areas","All households","State owned and managed Indigenous housing","2024-25 dollars","State owned and managed Indigenous housing","State and territory government real expenditure","","Capital expenditure","","","","Derived from State and territory governments (unpublished); ABS Australian National Accounts: National Income Expenditure and Product","$m","21.6","..","11.9","..","5.4","3.6","..","45.0","","87.7"
"18A.1","2023-24","Recurrent expenditure","All ages","All people","All households","All areas","All households","Community housing","2024-25 dollars","Community housing","State and territory government real expenditure","","Capital expenditure","","","","Derived from State and territory governments (unpublished); ABS Australian National Accounts: National Income Expenditure and Product","$m","3.3","420.0","436.1","..","0","25.2","0","na","","884.7"
"18A.1","2023-24","Recurrent expenditure","All ages","All people","All households","All areas","All households","Indigenous community housing","2024-25 dollars","Indigenous community housing","State and territory government real expenditure","","Capital expenditure","","","","Derived from State and territory governments (unpublished); ABS Australian National Accounts: National Income Expenditure and Product","$m","105.1","0","80.6","15.3","7.9","na","0","na","","209.0"
"18A.1","2023-24","Recurrent expenditure","All ages","All people","All households","All areas","All households","","2024-25 dollars","All social housing","State and territory government real expenditure","","Capital expenditure","","","","Derived from State and territory governments (unpublished); ABS Australian National Accounts: National Income Expenditure and Product","$m","700.7","1431.4","906.1","413.1","142.0","144.2","103.6","430.6","","4271.8"
"18A.1","2023-24","Recurrent expenditure","All ages","All people","All households","All areas","All households","","2024-25 dollars","All social housing","State and territory government real expenditure","","Total","","","","Derived from State and territory governments (unpublished); ABS Australian National Accounts: National Income Expenditure and Product","$m","2251.0","2356.7","1809.4","1311.6","671.9","312.5","290.5","779.2","","9782.8"
"18A.1","2023-24","Recurrent expenditure","All ages","All people","All households","All areas","All households","","2024-25 dollars","All social housing","State and territory government real expenditure","","Net recurrent expenditure","per person in the population","","","Derived from State and territory governments (unpublished); ABS Australian National Accounts: National Income Expenditure and Product; ABS National state and territory population - December","$","183.79","133.99","163.38","306.89","283.97","292.72","397.47","1374.51","","204.36"
"18A.1","2022-23","Recurrent expenditure","All ages","All people","All households","All areas","All households","Public housing","2024-25 dollars","Public housing","State and territory government real expenditure","","Net recurrent expenditure","","","","Derived from State and territory governments (unpublished); ABS Australian National Accounts: National Income Expenditure and Product","$m","1304.5","671.8","577.1","699.0","364.6","108.1","166.0","118.4","","4009.4"
"18A.1","2022-23","Recurrent expenditure","All ages","All people","All households","All areas","All households","State owned and managed Indigenous housing","2024-25 dollars","State owned and managed Indigenous housing","State and territory government real expenditure","","Net recurrent expenditure","","","","Derived from State and territory governments (unpublished); ABS Australian National Accounts: National Income Expenditure and Product","$m","46.6","..","48.7","..","19.7","3.2","..","167.9","","286.2"
"18A.1","2022-23","Recurrent expenditure","All ages","All people","All households","All areas","All households","Community housing","2024-25 dollars","Community housing","State and territory government real expenditure","","Net recurrent expenditure","","","","Derived from State and territory governments (unpublished); ABS Australian National Accounts: National Income Expenditure and Product","$m","193.7","231.5","83.0","11.5","45.6","60.0","11.8","0.5","","637.6"
"18A.1","2022-23","Recurrent expenditure","All ages","All people","All households","All areas","All households","Indigenous community housing","2024-25 dollars","Indigenous community housing","State and territory government real expenditure","","Net recurrent expenditure","","","","Derived from State and territory governments (unpublished); ABS Australian National Accounts: National Income Expenditure and Product","$m","21.4","0.7","117.3","57.1","16.0","na","..","0","","212.5"
"18A.1","2022-23","Recurrent expenditure","All ages","All people","All households","All areas","All households","","2024-25 dollars","All social housing","State and territory government real expenditure","","Net recurrent expenditure","","","","Derived from State and territory governments (unpublished); ABS Australian National Accounts: National Income Expenditure and Product","$m","1587.7","904.1","826.1","767.5","480.1","173.6","177.8","288.0","","5204.9"
"18A.1","2022-23","Recurrent expenditure","All ages","All people","All households","All areas","All households","Public housing","2024-25 dollars","Public housing","State and territory government real expenditure","","Capital expenditure","","","","Derived from State and territory governments (unpublished); ABS Australian National Accounts: National Income Expenditure and Product","$m","744.9","1110.2","260.8","383.8","88.7","102.0","45.1","1.2","","2736.7"
"18A.1","2022-23","Recurrent expenditure","All ages","All people","All households","All areas","All households","State owned and managed Indigenous housing","2024-25 dollars","State owned and managed Indigenous housing","State and territory government real expenditure","","Capital expenditure","","","","Derived from State and territory governments (unpublished); ABS Australian National Accounts: National Income Expenditure and Product","$m","16.1","..","14.2","..","3.2","3.4","..","22.8","","59.7"
"18A.1","2022-23","Recurrent expenditure","All ages","All people","All households","All areas","All households","Community housing","2024-25 dollars","Community housing","State and territory government real expenditure","","Capital expenditure","","","","Derived from State and territory governments (unpublished); ABS Australian National Accounts: National Income Expenditure and Product","$m","0.6","406.3","218.7","0","0","62.8","0","0","","688.4"
"18A.1","2022-23","Recurrent expenditure","All ages","All people","All households","All areas","All households","Indigenous community housing","2024-25 dollars","Indigenous community housing","State and territory government real expenditure","","Capital expenditure","","","","Derived from State and territory governments (unpublished); ABS Australian National Accounts: National Income Expenditure and Product","$m","81.8","0","70.9","0.2","9.6","na","..","0","","162.6"
"18A.1","2022-23","Recurrent expenditure","All ages","All people","All households","All areas","All households","","2024-25 dollars","All social housing","State and territory government real expenditure","","Capital expenditure","","","","Derived from State and territory governments (unpublished); ABS Australian National Accounts: National Income Expenditure and Product","$m","843.4","1516.5","564.6","384.1","101.5","170.7","45.1","383.6","","4009.4"
"18A.1","2022-23","Recurrent expenditure","All ages","All people","All households","All areas","All households","","2024-25 dollars","All social housing","State and territory government real expenditure","","Total","","","","Derived from State and territory governments (unpublished); ABS Australian National Accounts: National Income Expenditure and Product","$m","2431.1","2420.6","1390.7","1151.6","581.6","344.3","222.9","671.5","","9214.3"
"18A.1","2022-23","Recurrent expenditure","All ages","All people","All households","All areas","All households","","2024-25 dollars","All social housing","State and territory government real expenditure","","Net recurrent expenditure","per person in the population","","","Derived from State and territory governments (unpublished); ABS Australian National Accounts: National Income Expenditure and Product; ABS National state and territory population - December","$","192.71","134.85","153.60","271.68","261.73","303.77","385.77","1151.20","","198.14"
"18A.1","2021-22","Recurrent expenditure","All ages","All people","All households","All areas","All households","Public housing","2024-25 dollars","Public housing","State and territory government real expenditure","","Net recurrent expenditure","","","","Derived from State and territory governments (unpublished); ABS Australian National Accounts: National Income Expenditure and Product","$m","1081.7","743.3","544.5","533.2","369.0","67.0","187.0","110.8","","3636.5"
"18A.1","2021-22","Recurrent expenditure","All ages","All people","All households","All areas","All households","State owned and managed Indigenous housing","2024-25 dollars","State owned and managed Indigenous housing","State and territory government real expenditure","","Net recurrent expenditure","","","","Derived from State and territory governments (unpublished); ABS Australian National Accounts: National Income Expenditure and Product","$m","56.2","..","46.8","..","23.2","2.1","..","100.0","","228.3"
"18A.1","2021-22","Recurrent expenditure","All ages","All people","All households","All areas","All households","","2024-25 dollars","All social housing","State and territory government real expenditure","","Net recurrent expenditure","","","","Derived from State and territory governments (unpublished); ABS Australian National Accounts: National Income Expenditure and Product","$m","1624.1","980.5","779.8","660.3","494.3","166.4","199.0","288.9","","5193.3"
"18A.1","2021-22","Recurrent expenditure","All ages","All people","All households","All areas","All households","","2024-25 dollars","All social housing","State and territory government real expenditure","","Capital expenditure","","","","Derived from State and territory governments (unpublished); ABS Australian National Accounts: National Income Expenditure and Product","$m","695.1","1461.4","357.5","294.5","102.0","110.3","-36.4","250.1","","3234.5"
"18A.1","2021-22","Recurrent expenditure","All ages","All people","All households","All areas","All households","","2024-25 dollars","All social housing","State and territory government real expenditure","","Total","","","","Derived from State and territory governments (unpublished); ABS Australian National Accounts: National Income Expenditure and Product","$m","2319.2","2441.9","1137.3","954.8","596.3","276.7","162.6","539.0","","8427.8"
"18A.1","2021-22","Recurrent expenditure","All ages","All people","All households","All areas","All households","","2024-25 dollars","All social housing","State and territory government real expenditure","","Net recurrent expenditure","per person in the population","","","Derived from State and territory governments (unpublished); ABS Australian National Accounts: National Income Expenditure and Product; ABS National state and territory population - December","$","200.62","149.47","148.10","239.05","273.59","292.05","439.05","1158.69","","201.55"
"18A.1","2020-21","Recurrent expenditure","All ages","All people","All households","All areas","All households","Public housing","2024-25 dollars","Public housing","State and territory government real expenditure","","Net recurrent expenditure","","","","Derived from State and territory governments (unpublished); ABS Australian National Accounts: National Income Expenditure and Product","$m","1138.2","713.2","534.1","546.4","390.4","68.5","158.8","107.3","","3656.9"
"18A.1","2020-21","Recurrent expenditure","All ages","All people","All households","All areas","All households","State owned and managed Indigenous housing","2024-25 dollars","State owned and managed Indigenous housing","State and territory government real expenditure","","Net recurrent expenditure","","","","Derived from State and territory governments (unpublished); ABS Australian National Accounts: National Income Expenditure and Product","$m","55.5","..","46.3","..","16.6","1.6","..","99.4","","219.6"
"18A.1","2020-21","Recurrent expenditure","All ages","All people","All households","All areas","All households","","2024-25 dollars","All social housing","State and territory government real expenditure","","Net recurrent expenditure","","","","Derived from State and territory governments (unpublished); ABS Australian National Accounts: National Income Expenditure and Product","$m","1592.5","1044.6","755.7","690.0","512.7","197.2","165.7","250.6","","5209.2"
"18A.1","2020-21","Recurrent expenditure","All ages","All people","All households","All areas","All households","","2024-25 dollars","All social housing","State and territory government real expenditure","","Capital expenditure","","","","Derived from State and territory governments (unpublished); ABS Australian National Accounts: National Income Expenditure and Product","$m","654.3","757.1","374.7","64.7","161.5","89.3","24.7","274.2","","2400.6"
"18A.1","2020-21","Recurrent expenditure","All ages","All people","All households","All areas","All households","","2024-25 dollars","All social housing","State and territory government real expenditure","","Total","","","","Derived from State and territory governments (unpublished); ABS Australian National Accounts: National Income Expenditure and Product","$m","2246.8","1801.6","1130.4","754.7","674.3","286.6","190.5","524.8","","7609.7"
"18A.1","2020-21","Recurrent expenditure","All ages","All people","All households","All areas","All households","","2024-25 dollars","All social housing","State and territory government real expenditure","","Net recurrent expenditure","per person in the population","","","Derived from State and territory governments (unpublished); ABS Australian National Accounts: National Income Expenditure and Product; ABS National state and territory population - December","$","196.75","159.06","145.78","252.92","285.73","351.03","370.18","1011.32","","203.24"
"18A.1","2019-20","Recurrent expenditure","All ages","All people","All households","All areas","All households","Public housing","2024-25 dollars","Public housing","State and territory government real expenditure","","Net recurrent expenditure","","","","Derived from State and territory governments (unpublished); ABS Australian National Accounts: National Income Expenditure and Product","$m","1126.6","589.6","578.0","580.7","453.6","72.7","165.0","106.2","","3672.4"
"18A.1","2019-20","Recurrent expenditure","All ages","All people","All households","All areas","All households","State owned and managed Indigenous housing","2024-25 dollars","State owned and managed Indigenous housing","State and territory government real expenditure","","Net recurrent expenditure","","","","Derived from State and territory governments (unpublished); ABS Australian National Accounts: National Income Expenditure and Product","$m","57.9","..","52.0","..","25.1","1.8","..","98.7","","235.5"
"18A.1","2019-20","Recurrent expenditure","All ages","All people","All households","All areas","All households","","2024-25 dollars","All social housing","State and territory government real expenditure","","Net recurrent expenditure","","","","Derived from State and territory governments (unpublished); ABS Australian National Accounts: National Income Expenditure and Product","$m","1517.4","796.5","822.6","763.1","589.9","173.4","170.2","208.2","","5041.2"
"18A.1","2019-20","Recurrent expenditure","All ages","All people","All households","All areas","All households","","2024-25 dollars","All social housing","State and territory government real expenditure","","Capital expenditure","","","","Derived from State and territory governments (unpublished); ABS Australian National Accounts: National Income Expenditure and Product","$m","431.8","291.0","442.7","35.3","144.3","75.5","15.9","245.0","","1681.4"
"18A.1","2019-20","Recurrent expenditure","All ages","All people","All households","All areas","All households","","2024-25 dollars","All social housing","State and territory government real expenditure","","Total","","","","Derived from State and territory governments (unpublished); ABS Australian National Accounts: National Income Expenditure and Product","$m","1949.1","1087.5","1265.3","798.3","734.2","248.9","186.1","453.1","","6722.6"
"18A.1","2019-20","Recurrent expenditure","All ages","All people","All households","All areas","All households","","2024-25 dollars","All social housing","State and territory government real expenditure","","Net recurrent expenditure","per person in the population","","","Derived from State and territory governments (unpublished); ABS Australian National Accounts: National Income Expenditure and Product; ABS National state and territory population - December","$","187.60","120.86","160.37","283.79","331.62","313.33","386.52","845.41","","197.54"
"18A.1","2018-19","Recurrent expenditure","All ages","All people","All households","All areas","All households","Public housing","2024-25 dollars","Public housing","State and territory government real expenditure","","Net recurrent expenditure","","","","Derived from State and territory governments (unpublished); ABS Australian National Accounts: National Income Expenditure and Product","$m","1224.8","575.2","585.5","571.4","337.6","73.0","160.0","112.5","","3639.9"
"18A.1","2018-19","Recurrent expenditure","All ages","All people","All households","All areas","All households","State owned and managed Indigenous housing","2024-25 dollars","State owned and managed Indigenous housing","State and territory government real expenditure","","Net recurrent expenditure","","","","Derived from State and territory governments (unpublished); ABS Australian National Accounts: National Income Expenditure and Product","$m","57.6","..","54.1","..","24.0","1.9","..","123.6","","261.2"
"18A.1","2018-19","Recurrent expenditure","All ages","All people","All households","All areas","All households","","2024-25 dollars","All social housing","State and territory government real expenditure","","Net recurrent expenditure","","","","Derived from State and territory governments (unpublished); ABS Australian National Accounts: National Income Expenditure and Product","$m","1592.1","722.7","836.3","754.8","392.5","129.6","166.2","236.8","","4831.1"
"18A.1","2018-19","Recurrent expenditure","All ages","All people","All households","All areas","All households","","2024-25 dollars","All social housing","State and territory government real expenditure","","Capital expenditure","","","","Derived from State and territory governments (unpublished); ABS Australian National Accounts: National Income Expenditure and Product","$m","436.9","323.7","409.2","20.0","197.5","71.1","7.1","320.4","","1785.9"
"18A.1","2018-19","Recurrent expenditure","All ages","All people","All households","All areas","All households","","2024-25 dollars","All social housing","State and territory government real expenditure","","Total","","","","Derived from State and territory governments (unpublished); ABS Australian National Accounts: National Income Expenditure and Product","$m","2029.1","1046.4","1245.5","774.8","590.0","200.7","173.3","557.2","","6617.0"
"18A.1","2018-19","Recurrent expenditure","All ages","All people","All households","All areas","All households","","2024-25 dollars","All social housing","State and territory government real expenditure","","Net recurrent expenditure","per person in the population","","","Derived from State and territory governments (unpublished); ABS Australian National Accounts: National Income Expenditure and Product; ABS National state and territory population - December","$","198.93","111.54","165.71","286.30","223.57","238.76","385.87","962.87","","192.12"
"18A.1","2017-18","Recurrent expenditure","All ages","All people","All households","All areas","All households","Public housing","2024-25 dollars","Public housing","State and territory government real expenditure","","Net recurrent expenditure","","","","Derived from State and territory governments (unpublished); ABS Australian National Accounts: National Income Expenditure and Product","$m","1344.8","508.9","577.1","596.5","344.5","75.1","152.5","116.2","","3715.6"
"18A.1","2017-18","Recurrent expenditure","All ages","All people","All households","All areas","All households","State owned and managed Indigenous housing","2024-25 dollars","State owned and managed Indigenous housing","State and territory government real expenditure","","Net recurrent expenditure","","","","Derived from State and territory governments (unpublished); ABS Australian National Accounts: National Income Expenditure and Product","$m","58.7","..","50.7","..","24.6","1.9","..","108.6","","244.5"
"18A.1","2017-18","Recurrent expenditure","All ages","All people","All households","All areas","All households","","2024-25 dollars","All social housing","State and territory government real expenditure","","Net recurrent expenditure","","","","Derived from State and territory governments (unpublished); ABS Australian National Accounts: National Income Expenditure and Product","$m","1694.0","653.9","812.0","866.0","399.7","166.9","158.5","225.0","","4975.9"
"18A.1","2017-18","Recurrent expenditure","All ages","All people","All households","All areas","All households","","2024-25 dollars","All social housing","State and territory government real expenditure","","Capital expenditure","","","","Derived from State and territory governments (unpublished); ABS Australian National Accounts: National Income Expenditure and Product","$m","587.8","336.1","474.5","42.7","213.9","40.7","-3.6","230.4","","1922.5"
"18A.1","2017-18","Recurrent expenditure","All ages","All people","All households","All areas","All households","","2024-25 dollars","All social housing","State and territory government real expenditure","","Total","","","","Derived from State and territory governments (unpublished); ABS Australian National Accounts: National Income Expenditure and Product","$m","2281.7","990.0","1286.5","908.7","613.6","207.6","154.9","455.4","","6898.4"
"18A.1","2017-18","Recurrent expenditure","All ages","All people","All households","All areas","All households","","2024-25 dollars","All social housing","State and territory government real expenditure","","Net recurrent expenditure","per person in the population","","","Derived from State and territory governments (unpublished); ABS Australian National Accounts: National Income Expenditure and Product; ABS National state and territory population - December","$","214.40","102.84","163.67","333.09","230.26","313.98","377.22","911.34","","200.97"
"18A.2","2024-25","Properties transferred to community housing","All ages","All people","All households","All areas","All households","Community housing","2024-25 dollars","Community housing","Property transferred from state and territory housing authorities to community housing organisations","","Value of property transferred","","","","Derived from State and territory governments (unpublished); ABS Australian National Accounts: National Income Expenditure and Product","$m","70.7","0","0","0","0","32.5","0","45.6","",""
"18A.2","2024-25","Properties transferred to community housing","All ages","All people","All households","All areas","All households","Community housing","","Community housing","Property transferred from state and territory housing authorities to community housing organisations","","Number of dwellings transferred","","","","State and territory governments (unpublished)","no.","108","0","0","0","0","81","0","451","",""
"18A.2","2023-24","Properties transferred to community housing","All ages","All people","All households","All areas","All households","Community housing","2024-25 dollars","Community housing","Property transferred from state and territory housing authorities to community housing organisations","","Value of property transferred","","","","Derived from State and territory governments (unpublished); ABS Australian National Accounts: National Income Expenditure and Product","$m","50.9","0","0","0","0","9.9","0","19.1","",""
"18A.2","2023-24","Properties transferred to community housing","All ages","All people","All households","All areas","All households","Community housing","","Community housing","Property transferred from state and territory housing authorities to community housing organisations","","Number of dwellings transferred","","","","State and territory governments (unpublished)","no.","83","0","0","0","0","20","0","251","",""
"18A.2","2022-23","Properties transferred to community housing","All ages","All people","All households","All areas","All households","Community housing","2024-25 dollars","Community housing","Property transferred from state and territory housing authorities to community housing organisations","","Value of property transferred","","","","Derived from State and territory governments (unpublished); ABS Australian National Accounts: National Income Expenditure and Product","$m","525.3","0","5.9","0","0","7.0","0","29.0","",""
"18A.2","2022-23","Properties transferred to community housing","All ages","All people","All households","All areas","All households","Community housing","","Community housing","Property transferred from state and territory housing authorities to community housing organisations","","Number of dwellings transferred","","","","State and territory governments (unpublished)","no.","1056","0","32","0","0","54","0","60","",""
"18A.2","2021-22","Properties transferred to community housing","All ages","All people","All households","All areas","All households","Community housing","2024-25 dollars","Community housing","Property transferred from state and territory housing authorities to community housing organisations","","Value of property transferred","","","","Derived from State and territory governments (unpublished); ABS Australian National Accounts: National Income Expenditure and Product","$m","314.4","0","0.3","0","0","698.8","0","0.4","",""
"18A.2","2021-22","Properties transferred to community housing","All ages","All people","All households","All areas","All households","Community housing","","Community housing","Property transferred from state and territory housing authorities to community housing organisations","","Number of dwellings transferred","","","","State and territory governments (unpublished)","no.","558","0","1","0","0","2027","0","12","",""
"18A.2","2020-21","Properties transferred to community housing","All ages","All people","All households","All areas","All households","Community housing","2024-25 dollars","Community housing","Property transferred from state and territory housing authorities to community housing organisations","","Value of property transferred","","","","Derived from State and territory governments (unpublished); ABS Australian National Accounts: National Income Expenditure and Product","$m","22.9","0","0","0","86.1","2.9","0","0","",""
"18A.2","2020-21","Properties transferred to community housing","All ages","All people","All households","All areas","All households","Community housing","","Community housing","Property transferred from state and territory housing authorities to community housing organisations","","Number of dwellings transferred","","","","State and territory governments (unpublished)","no.","47","0","0","0","250","24","0","0","",""
"18A.3","2025","Descriptive data","All ages","All people","All households","All areas","All households","Public housing","","Public housing","Dwellings; at 30 June","","","","","","AIHW (unpublished) National Housing Assistance Data Repository","no.","92709","64277","53727","33940","31611","5051","11097","4129","","296541"
"18A.3","2025","Descriptive data","All ages","All people","All households","All areas","All households","State owned and managed Indigenous housing","","State owned and managed Indigenous housing","Dwellings; at 30 June","","","","","","AIHW (unpublished) National Housing Assistance Data Repository","no.","6552","..","3291","..","1369","162","..","5789","","17163"
"18A.3","2025","Descriptive data","All ages","All people","All households","All areas","All households","Community housing","","Community housing","Dwellings; at 30 June","Number of Tenancy (Rental) Units","","","","","AIHW (unpublished) National Housing Assistance Data Repository","no.","52439","19625","13158","7611","13010","10430","1246","906","","118425"
"18A.3","2025","Descriptive data","All ages","All people","All households","All areas","All households","Community housing","","Community housing","Dwellings; at 30 June","Number of dwellings","","","","","AIHW (unpublished) National Housing Assistance Data Repository","no.","51927","18545","12832","6641","12455","10050","850","906","","114206"
"18A.3","2025","Descriptive data","All ages","All people","All households","All areas","All households","Indigenous community housing","","Indigenous community housing","Dwellings; at 30 June","","","","","","AIHW (unpublished) National Housing Assistance Data Repository","no.","5471","2146","5406","2687","688","96","..","1984","","18478"
"18A.3","2024","Descriptive data","All ages","All people","All households","All areas","All households","Public housing","","Public housing","Dwellings; at 30 June","","","","","","AIHW (unpublished) National Housing Assistance Data Repository","no.","94470","64223","53509","33436","31462","5066","10952","4566","","297684"
"18A.3","2024","Descriptive data","All ages","All people","All households","All areas","All households","State owned and managed Indigenous housing","","State owned and managed Indigenous housing","Dwellings; at 30 June","","","","","","AIHW (unpublished) National Housing Assistance Data Repository","no.","5380","..","3259","..","1360","164","..","5705","","15868"
"18A.3","2024","Descriptive data","All ages","All people","All households","All areas","All households","Community housing","","Community housing","Dwellings; at 30 June","Number of Tenancy (Rental) Units","","","","","AIHW (unpublished) National Housing Assistance Data Repository","no.","54412","18191","12548","8012","13048","10139","1736","731","","118817"
"18A.3","2024","Descriptive data","All ages","All people","All households","All areas","All households","Community housing","","Community housing","Dwellings; at 30 June","Number of dwellings","","","","","AIHW (unpublished) National Housing Assistance Data Repository","no.","53896","15011","12305","6994","12473","9724","1273","731","","112407"
"18A.3","2024","Descriptive data","All ages","All people","All households","All areas","All households","Indigenous community housing","","Indigenous community housing","Dwellings; at 30 June","","","","","","AIHW (unpublished) National Housing Assistance Data Repository","no.","5336","2060","5433","2683","696","96","..","1878","","18182"
"18A.3","2023","Descriptive data","All ages","All people","All households","All areas","All households","Public housing","","Public housing","Dwellings; at 30 June","","","","","","AIHW (unpublished) National Housing Assistance Data Repository","no.","95765","64720","53010","32694","31577","4997","10827","4814","","298404"
"18A.3","2023","Descriptive data","All ages","All people","All households","All areas","All households","State owned and managed Indigenous housing","","State owned and managed Indigenous housing","Dwellings; at 30 June","","","","","","AIHW (unpublished) National Housing Assistance Data Repository","no.","3737","..","3226","..","1315","164","..","5586","","14028"
"18A.3","2023","Descriptive data","All ages","All people","All households","All areas","All households","Community housing","","Community housing","Dwellings; at 30 June","Number of Tenancy (Rental) Units","","","","","AIHW (unpublished) National Housing Assistance Data Repository","no.","53913","16363","11665","7978","12333","9715","1695","488","","114150"
"18A.3","2023","Descriptive data","All ages","All people","All households","All areas","All households","Community housing","","Community housing","Dwellings; at 30 June","Number of dwellings","","","","","AIHW (unpublished) National Housing Assistance Data Repository","no.","53329","13539","11614","6424","12023","9348","1343","488","","108108"
"18A.3","2023","Descriptive data","All ages","All people","All households","All areas","All households","Indigenous community housing","","Indigenous community housing","Dwellings; at 30 June","","","","","","AIHW (unpublished) National Housing Assistance Data Repository","no.","4978","1763","5477","2692","683","96","..","1844","","17533"
"18A.3","2022","Descriptive data","All ages","All people","All households","All areas","All households","Public housing","","Public housing","Dwellings; at 30 June","","","","","","AIHW (unpublished) National Housing Assistance Data Repository","no.","96712","63987","52643","32034","31591","4999","10744","4890","","297600"
"18A.3","2022","Descriptive data","All ages","All people","All households","All areas","All households","State owned and managed Indigenous housing","","State owned and managed Indigenous housing","Dwellings; at 30 June","","","","","","AIHW (unpublished) National Housing Assistance Data Repository","no.","4120","..","3229","..","1350","164","..","5428","","14291"
"18A.3","2022","Descriptive data","All ages","All people","All households","All areas","All households","Community housing","","Community housing","Dwellings; at 30 June","Number of Tenancy (Rental) Units","","","","","AIHW (unpublished) National Housing Assistance Data Repository","no.","54292","16159","11524","7718","12430","9267","958","495","","112843"
"18A.3","2022","Descriptive data","All ages","All people","All households","All areas","All households","Community housing","","Community housing","Dwellings; at 30 June","Number of dwellings","","","","","AIHW (unpublished) National Housing Assistance Data Repository","no.","54098","12154","11495","7186","12121","8806","687","495","","107042"
"18A.3","2022","Descriptive data","All ages","All people","All households","All areas","All households","Indigenous community housing","","Indigenous community housing","Dwellings; at 30 June","","","","","","AIHW (unpublished) National Housing Assistance Data Repository","no.","3989","1864","5184","2698","681","96","..","1790","","16302"
"18A.3","2021","Descriptive data","All ages","All people","All households","All areas","All households","Public housing","","Public housing","Dwellings; at 30 June","","","","","","AIHW (unpublished) National Housing Assistance Data Repository","no.","96728","63921","52195","31919","31938","7031","10859","4929","","299520"
"18A.3","2021","Descriptive data","All ages","All people","All households","All areas","All households","State owned and managed Indigenous housing","","State owned and managed Indigenous housing","Dwellings; at 30 June","","","","","","AIHW (unpublished) National Housing Assistance Data Repository","no.","4531","..","3216","..","1365","221","..","5381","","14714"
"18A.3","2021","Descriptive data","All ages","All people","All households","All areas","All households","Community housing","","Community housing","Dwellings; at 30 June","Number of Tenancy (Rental) Units","","","","","AIHW (unpublished) National Housing Assistance Data Repository","no.","53233","14996","11439","7997","12387","7019","970","478","","108519"
"18A.3","2021","Descriptive data","All ages","All people","All households","All areas","All households","Community housing","","Community housing","Dwellings; at 30 June","Number of dwellings","","","","","AIHW (unpublished) National Housing Assistance Data Repository","no.","52963","10905","11422","6638","12067","6717","690","478","","101880"
"18A.3","2021","Descriptive data","All ages","All people","All households","All areas","All households","Indigenous community housing","","Indigenous community housing","Dwellings; at 30 June","","","","","","AIHW (unpublished) National Housing Assistance Data Repository","no.","3611","1694","5236","2699","681","90","..","1803","","15814"
"18A.3","2020","Descriptive data","All ages","All people","All households","All areas","All households","Public housing","","Public housing","Dwellings; at 30 June","","","","","","AIHW (unpublished) National Housing Assistance Data Repository","no.","96939","64072","51890","32409","32147","7050","10985","4911","","300403"
"18A.3","2020","Descriptive data","All ages","All people","All households","All areas","All households","State owned and managed Indigenous housing","","State owned and managed Indigenous housing","Dwellings; at 30 June","","","","","","AIHW (unpublished) National Housing Assistance Data Repository","no.","4560","..","3242","..","1388","218","..","5231","","14639"
"18A.3","2020","Descriptive data","All ages","All people","All households","All areas","All households","Community housing","","Community housing","Dwellings; at 30 June","Number of Tenancy (Rental) Units","","","","","AIHW (unpublished) National Housing Assistance Data Repository","no.","49509","14857","11054","8005","12151","6919","936","464","","103895"
"18A.3","2020","Descriptive data","All ages","All people","All households","All areas","All households","Community housing","","Community housing","Dwellings; at 30 June","Number of dwellings","","","","","AIHW (unpublished) National Housing Assistance Data Repository","no.","49312","10728","11049","6899","11830","6457","523","464","","97262"
"18A.3","2020","Descriptive data","All ages","All people","All households","All areas","All households","Indigenous community housing","","Indigenous community housing","Dwellings; at 30 June","","","","","","AIHW (unpublished) National Housing Assistance Data Repository","no.","2869","1670","5238","2699","689","87","..","1801","","15053"
"18A.3","2019","Descriptive data","All ages","All people","All households","All areas","All households","Public housing","","Public housing","Dwellings; at 30 June","","","","","","AIHW (unpublished) National Housing Assistance Data Repository","no.","100623","64428","51817","32905","32472","7037","10955","4954","","305191"
"18A.3","2019","Descriptive data","All ages","All people","All households","All areas","All households","State owned and managed Indigenous housing","","State owned and managed Indigenous housing","Dwellings; at 30 June","","","","","","AIHW (unpublished) National Housing Assistance Data Repository","no.","4591","..","3271","..","1414","218","..","5168","","14662"
"18A.3","2019","Descriptive data","All ages","All people","All households","All areas","All households","Community housing","","Community housing","Dwellings; at 30 June","Number of Tenancy (Rental) Units","","","","","AIHW (unpublished) National Housing Assistance Data Repository","no.","46557","15081","10941","7968","11622","6698","907","431","","100205"
"18A.3","2019","Descriptive data","All ages","All people","All households","All areas","All households","Community housing","","Community housing","Dwellings; at 30 June","Number of dwellings","","","","","AIHW (unpublished) National Housing Assistance Data Repository","no.","46250","10627","10941","6872","11284","6218","647","431","","93270"
"18A.3","2019","Descriptive data","All ages","All people","All households","All areas","All households","Indigenous community housing","","Indigenous community housing","Dwellings; at 30 June","","","","","","AIHW (unpublished) National Housing Assistance Data Repository","no.","3719","1612","5400","2711","697","81","..","1973","","16193"
"18A.3","2018","Descriptive data","All ages","All people","All households","All areas","All households","Public housing","","Public housing","Dwellings; at 30 June","","","","","","AIHW (unpublished) National Housing Assistance Data Repository","no.","111341","64295","51413","33293","32686","7005","11181","5017","","316231"
"18A.3","2018","Descriptive data","All ages","All people","All households","All areas","All households","State owned and managed Indigenous housing","","State owned and managed Indigenous housing","Dwellings; at 30 June","","","","","","AIHW (unpublished) National Housing Assistance Data Repository","no.","4603","..","3292","..","1449","222","..","5120","","14686"
"18A.3","2018","Descriptive data","All ages","All people","All households","All areas","All households","Community housing","","Community housing","Dwellings; at 30 June","Number of Tenancy (Rental) Units","","","","","AIHW (unpublished) National Housing Assistance Data Repository","no.","35345","14486","11116","8062","11561","5980","895","374","","87819"
"18A.3","2018","Descriptive data","All ages","All people","All households","All areas","All households","Community housing","","Community housing","Dwellings; at 30 June","Number of dwellings","","","","","AIHW (unpublished) National Housing Assistance Data Repository","no.","34743","10341","11104","6961","11271","6056","677","374","","81527"
"18A.3","2018","Descriptive data","All ages","All people","All households","All areas","All households","Indigenous community housing","","Indigenous community housing","Dwellings; at 30 June","","","","","","AIHW (unpublished) National Housing Assistance Data Repository","no.","3461","1707","5224","2704","727","81","..","1862","","15766"
"18A.3","2017","Descriptive data","All ages","All people","All households","All areas","All households","Public housing","","Public housing","Dwellings; at 30 June","","","","","","AIHW (unpublished) National Housing Assistance Data Repository","no.","110221","64170","51263","33836","37281","7065","11077","5000","","319913"
"18A.3","2017","Descriptive data","All ages","All people","All households","All areas","All households","State owned and managed Indigenous housing","","State owned and managed Indigenous housing","Dwellings; at 30 June","","","","","","AIHW (unpublished) National Housing Assistance Data Repository","no.","4608","..","3324","..","1734","223","..","5032","","14921"
"18A.3","2017","Descriptive data","All ages","All people","All households","All areas","All households","Community housing","","Community housing","Dwellings; at 30 June","Number of Tenancy (Rental) Units","","","","","AIHW (unpublished) National Housing Assistance Data Repository","no.","34398","14278","11512","7847","7484","6115","883","385","","82902"
"18A.3","2017","Descriptive data","All ages","All people","All households","All areas","All households","Community housing","","Community housing","Dwellings; at 30 June","Number of dwellings","","","","","AIHW (unpublished) National Housing Assistance Data Repository","no.","33837","10042","11490","6722","7134","6044","674","385","","76328"
"18A.3","2017","Descriptive data","All ages","All people","All households","All areas","All households","Indigenous community housing","","Indigenous community housing","Dwellings; at 30 June","","","","","","AIHW (unpublished) National Housing Assistance Data Repository","no.","3370","1720","5232","2649","735","76","..","2248","","16030"
"18A.3","2016","Descriptive data","All ages","All people","All households","All areas","All households","Public housing","","Public housing","Dwellings; at 30 June","","","","","","AIHW (unpublished) National Housing Assistance Data Repository","no.","110174","64241","51188","33533","37852","7166","10917","4970","","320041"
"18A.3","2016","Descriptive data","All ages","All people","All households","All areas","All households","State owned and managed Indigenous housing","","State owned and managed Indigenous housing","Dwellings; at 30 June","","","","","","AIHW (unpublished) National Housing Assistance Data Repository","no.","4613","..","3344","..","1769","223","..","na","","9949"
"18A.3","2016","Descriptive data","All ages","All people","All households","All areas","All households","Community housing","","Community housing","Dwellings; at 30 June","Number of Tenancy (Rental) Units","","","","","AIHW (unpublished) National Housing Assistance Data Repository","no.","32266","14236","11679","7409","7472","6076","715","373","","80226"
"18A.3","2016","Descriptive data","All ages","All people","All households","All areas","All households","Community housing","","Community housing","Dwellings; at 30 June","Number of dwellings","","","","","AIHW (unpublished) National Housing Assistance Data Repository","no.","32647","9902","11737","6282","7173","6156","563","373","","74833"
"18A.3","2016","Descriptive data","All ages","All people","All households","All areas","All households","Indigenous community housing","","Indigenous community housing","Dwellings; at 30 June","","","","","","AIHW (unpublished) National Housing Assistance Data Repository","no.","3004","1939","5154","2670","692","76","..","1926","","15461"
"18A.4","2025","Descriptive data","All ages","All people","All households","All areas","All households","Public housing","","Public housing","Households; at 30 June","","","","","","AIHW (unpublished) National Housing Assistance Data Repository","no.","89424","61140","52713","32725","29935","4867","10575","3877","","285256"
"18A.4","2025","Descriptive data","All ages","All people","All households","All areas","All households","State owned and managed Indigenous housing","","State owned and managed Indigenous housing","Households; at 30 June","","","","","","AIHW (unpublished) National Housing Assistance Data Repository","no.","6325","..","3224","..","1291","161","..","5050","","16051"
"18A.4","2025","Descriptive data","All ages","All people","All households","All areas","All households","Community housing","","Community housing","Households; at 30 June","","","","","","AIHW (unpublished) National Housing Assistance Data Repository","no.","48593","17445","12735","7071","12615","10027","971","869","","110326"
"18A.4","2025","Descriptive data","All ages","All people","All households","All areas","All households","Indigenous community housing","","Indigenous community housing","Households; at 30 June","","","","","","AIHW (unpublished) National Housing Assistance Data Repository","no.","3842","1850","7148","2378","637","95","..","1984","","17934"
"18A.4","2024","Descriptive data","All ages","All people","All households","All areas","All households","Public housing","","Public housing","Households; at 30 June","","","","","","AIHW (unpublished) National Housing Assistance Data Repository","no.","90600","61417","52647","32304","29685","4861","10314","4399","","286227"
"18A.4","2024","Descriptive data","All ages","All people","All households","All areas","All households","State owned and managed Indigenous housing","","State owned and managed Indigenous housing","Households; at 30 June","","","","","","AIHW (unpublished) National Housing Assistance Data Repository","no.","5186","..","3197","..","1273","158","..","4981","","14795"
"18A.4","2024","Descriptive data","All ages","All people","All households","All areas","All households","Community housing","","Community housing","Households; at 30 June","","","","","","AIHW (unpublished) National Housing Assistance Data Repository","no.","47721","16042","11712","7501","12696","9801","1445","na","","106918"
"18A.4","2024","Descriptive data","All ages","All people","All households","All areas","All households","Indigenous community housing","","Indigenous community housing","Households; at 30 June","","","","","","AIHW (unpublished) National Housing Assistance Data Repository","no.","3718","1778","7148","2327","628","102","..","1878","","17579"
"18A.4","2023","Descriptive data","All ages","All people","All households","All areas","All households","Public housing","","Public housing","Households; at 30 June","","","","","","AIHW (unpublished) National Housing Assistance Data Repository","no.","92124","60635","52059","31647","30092","4863","10265","4601","","286286"
"18A.4","2023","Descriptive data","All ages","All people","All households","All areas","All households","State owned and managed Indigenous housing","","State owned and managed Indigenous housing","Households; at 30 June","","","","","","AIHW (unpublished) National Housing Assistance Data Repository","no.","3604","..","3173","..","1258","160","..","4870","","13065"
"18A.4","2023","Descriptive data","All ages","All people","All households","All areas","All households","Community housing","","Community housing","Households; at 30 June","","","","","","AIHW (unpublished) National Housing Assistance Data Repository","no.","48328","14916","10949","7490","11953","9393","1465","na","","104494"
"18A.4","2023","Descriptive data","All ages","All people","All households","All areas","All households","Indigenous community housing","","Indigenous community housing","Households; at 30 June","","","","","","AIHW (unpublished) National Housing Assistance Data Repository","no.","3649","1717","6750","3836","637","97","..","1844","","18530"
"18A.4","2022","Descriptive data","All ages","All people","All households","All areas","All households","Public housing","","Public housing","Households; at 30 June","","","","","","AIHW (unpublished) National Housing Assistance Data Repository","no.","92613","60639","51684","30892","30323","4897","10302","4664","","286014"
"18A.4","2022","Descriptive data","All ages","All people","All households","All areas","All households","State owned and managed Indigenous housing","","State owned and managed Indigenous housing","Households; at 30 June","","","","","","AIHW (unpublished) National Housing Assistance Data Repository","no.","3986","..","3180","..","1303","161","..","4896","","13526"
"18A.4","2022","Descriptive data","All ages","All people","All households","All areas","All households","Community housing","","Community housing","Households; at 30 June","","","","","","AIHW (unpublished) National Housing Assistance Data Repository","no.","49151","14567","10443","6273","12011","8978","737","na","","102160"
"18A.4","2022","Descriptive data","All ages","All people","All households","All areas","All households","Indigenous community housing","","Indigenous community housing","Households; at 30 June","","","","","","AIHW (unpublished) National Housing Assistance Data Repository","no.","2767","1802","6174","3014","638","96","..","1790","","16281"
"18A.4","2021","Descriptive data","All ages","All people","All households","All areas","All households","Public housing","","Public housing","Households; at 30 June","","","","","","AIHW (unpublished) National Housing Assistance Data Repository","no.","93131","61001","51260","30744","30144","6904","10421","4740","","288345"
"18A.4","2021","Descriptive data","All ages","All people","All households","All areas","All households","State owned and managed Indigenous housing","","State owned and managed Indigenous housing","Households; at 30 June","","","","","","AIHW (unpublished) National Housing Assistance Data Repository","no.","4372","..","3171","..","1295","217","..","4909","","13964"
"18A.4","2021","Descriptive data","All ages","All people","All households","All areas","All households","Community housing","","Community housing","Households; at 30 June","","","","","","AIHW (unpublished) National Housing Assistance Data Repository","no.","47536","13755","10283","7548","11927","6658","776","na","","98483"
"18A.4","2021","Descriptive data","All ages","All people","All households","All areas","All households","Indigenous community housing","","Indigenous community housing","Households; at 30 June","","","","","","AIHW (unpublished) National Housing Assistance Data Repository","no.","2671","1640","6846","2905","632","91","..","1803","","16588"
"18A.4","2020","Descriptive data","All ages","All people","All households","All areas","All households","Public housing","","Public housing","Households; at 30 June","","","","","","AIHW (unpublished) National Housing Assistance Data Repository","no.","93107","61577","50882","31274","30501","6961","10610","4701","","289613"
"18A.4","2020","Descriptive data","All ages","All people","All households","All areas","All households","State owned and managed Indigenous housing","","State owned and managed Indigenous housing","Households; at 30 June","","","","","","AIHW (unpublished) National Housing Assistance Data Repository","no.","4361","..","3182","..","1304","218","..","4767","","13832"
"18A.4","2020","Descriptive data","All ages","All people","All households","All areas","All households","Community housing","","Community housing","Households; at 30 June","","","","","","AIHW (unpublished) National Housing Assistance Data Repository","no.","45477","13680","10235","7399","11749","6641","751","na","","95932"
"18A.4","2020","Descriptive data","All ages","All people","All households","All areas","All households","Indigenous community housing","","Indigenous community housing","Households; at 30 June","","","","","","AIHW (unpublished) National Housing Assistance Data Repository","no.","2407","1624","6781","3027","633","89","..","1801","","16362"
"18A.4","2019","Descriptive data","All ages","All people","All households","All areas","All households","Public housing","","Public housing","Households; at 30 June","","","","","","AIHW (unpublished) National Housing Assistance Data Repository","no.","96695","62096","50755","31432","30928","6931","10529","4691","","294057"
"18A.4","2019","Descriptive data","All ages","All people","All households","All areas","All households","State owned and managed Indigenous housing","","State owned and managed Indigenous housing","Households; at 30 June","","","","","","AIHW (unpublished) National Housing Assistance Data Repository","no.","4413","..","3195","..","1336","218","..","4751","","13913"
"18A.4","2019","Descriptive data","All ages","All people","All households","All areas","All households","Community housing","","Community housing","Households; at 30 June","","","","","","AIHW (unpublished) National Housing Assistance Data Repository","no.","39621","13793","10477","7374","11204","6392","745","na","","89606"
"18A.4","2019","Descriptive data","All ages","All people","All households","All areas","All households","Indigenous community housing","","Indigenous community housing","Households; at 30 June","","","","","","AIHW (unpublished) National Housing Assistance Data Repository","no.","2649","1574","7184","3015","632","54","..","1973","","17081"
"18A.4","2018","Descriptive data","All ages","All people","All households","All areas","All households","Public housing","","Public housing","Households; at 30 June","","","","","","AIHW (unpublished) National Housing Assistance Data Repository","no.","106895","62247","50209","31922","31062","6856","10621","4720","","304532"
"18A.4","2018","Descriptive data","All ages","All people","All households","All areas","All households","State owned and managed Indigenous housing","","State owned and managed Indigenous housing","Households; at 30 June","","","","","","AIHW (unpublished) National Housing Assistance Data Repository","no.","4414","..","3199","..","1372","215","..","4617","","13817"
"18A.4","2018","Descriptive data","All ages","All people","All households","All areas","All households","Community housing","","Community housing","Households; at 30 June","","","","","","AIHW (unpublished) National Housing Assistance Data Repository","no.","31404","13085","10607","7470","11171","5749","747","na","","80233"
"18A.4","2018","Descriptive data","All ages","All people","All households","All areas","All households","Indigenous community housing","","Indigenous community housing","Households; at 30 June","","","","","","AIHW (unpublished) National Housing Assistance Data Repository","no.","2626","1618","4328","2948","610","78","..","1862","","14070"
"18A.4","2017","Descriptive data","All ages","All people","All households","All areas","All households","Public housing","","Public housing","Households; at 30 June","","","","","","AIHW (unpublished) National Housing Assistance Data Repository","no.","108125","62682","50060","32109","35232","6880","10661","4734","","310483"
"18A.4","2017","Descriptive data","All ages","All people","All households","All areas","All households","State owned and managed Indigenous housing","","State owned and managed Indigenous housing","Households; at 30 June","","","","","","AIHW (unpublished) National Housing Assistance Data Repository","no.","4472","..","3247","..","1635","220","..","na","","9574"
"18A.4","2017","Descriptive data","All ages","All people","All households","All areas","All households","Community housing","","Community housing","Households; at 30 June","","","","","","AIHW (unpublished) National Housing Assistance Data Repository","no.","29788","13431","11448","7198","7194","5801","774","na","","75634"
"18A.4","2016","Descriptive data","All ages","All people","All households","All areas","All households","Public housing","","Public housing","Households; at 30 June","","","","","","AIHW (unpublished) National Housing Assistance Data Repository","no.","108637","62995","50093","32208","35946","7038","10606","4696","","312219"
"18A.4","2016","Descriptive data","All ages","All people","All households","All areas","All households","State owned and managed Indigenous housing","","State owned and managed Indigenous housing","Households; at 30 June","","","","","","AIHW (unpublished) National Housing Assistance Data Repository","no.","4506","..","3233","..","1700","221","..","na","","9660"
"18A.4","2016","Descriptive data","All ages","All people","All households","All areas","All households","Community housing","","Community housing","Households; at 30 June","","","","","","AIHW (unpublished) National Housing Assistance Data Repository","no.","26897","13476","11152","6937","7206","5736","634","na","","72038"
"18A.5","2025","Descriptive data","All ages","All people","All households","All areas","All households","Public housing","","Public housing","Households; at 30 June","Paying less than market rent","","","","","AIHW (unpublished) National Housing Assistance Data Repository","no.","83384","55890","52371","30802","26179","4631","9607","3622","","266486"
"18A.5","2025","Descriptive data","All ages","All people","Aboriginal and Torres Strait Islander households","All areas","All households","Public housing","","Public housing","Households; at 30 June","","","","","","AIHW (unpublished) National Housing Assistance Data Repository","no.","7863","4413","10903","10113","3452","451","1277","2282","","40754"
"18A.5","2025","Descriptive data","All ages","All people","All households","All areas","All households","Public housing","","Public housing","Applicants on waitlist at 30 June","New greatest need applicants","","","","","AIHW (unpublished) National Housing Assistance Data Repository","no.","9906","24803","24024","7382","3021","4124","1925","2240","","77425"
"18A.5","2025","Descriptive data","All ages","All people","All households","All areas","All households","Public housing","","Public housing","Applicants on waitlist at 30 June","Total (excluding applicants for transfer)","","","","","AIHW (unpublished) National Housing Assistance Data Repository","no.","59077","56230","24112","22409","13687","5152","3402","5467","","189536"
"18A.5","2025","Descriptive data","All ages","All people","All households","All areas","All households","Public housing","","Public housing","Applicants on waitlist at 30 June","Applicants for transfer","","","","","AIHW (unpublished) National Housing Assistance Data Repository","no.","10971","10645","5212","2900","2297","323","1026","819","","34193"
"18A.5","2025","Descriptive data","All ages","All people","All households","All areas","All households","Public housing","","Public housing","Dwellings; at 30 June","Tenantable","","","","","AIHW (unpublished) National Housing Assistance Data Repository","no.","90543","64170","53226","33877","30228","4908","10672","4052","","291676"
"18A.5","2025","Descriptive data","All ages","All people","All households","All areas","All households","Public housing","","Public housing","Dwellings; at 30 June","Untenantable","","","","","AIHW (unpublished) National Housing Assistance Data Repository","no.","2096","0","372","45","596","125","400","77","","3711"
"18A.5","2025","Descriptive data","All ages","All people","All households","All areas","All households","Public housing","","Public housing","Dwellings; at 30 June","Undergoing major redevelopment","","","","","AIHW (unpublished) National Housing Assistance Data Repository","no.","70","107","129","18","787","18","25","0","","1154"
"18A.5","2025","Descriptive data","All ages","All people","All households","All areas","All households","Public housing","2024-25 dollars","Public housing","Rents for week of 30 June","","Total rents charged in real terms","","","","Derived from AIHW (unpublished) National Housing Assistance Data Repository; ABS Australian National Accounts: National Income Expenditure and Product","$'000","16105","10942","7884","6191","5207","813","2021","759","","49922"
"18A.5","2025","Descriptive data","All ages","All people","All households","All areas","All households","Public housing","2024-25 dollars","Public housing","Rents for week of 30 June","","Total market rent value of all dwellings for which rent was charged in real terms","","","","Derived from AIHW (unpublished) National Housing Assistance Data Repository; ABS Australian National Accounts: National Income Expenditure and Product","$'000","40090","22507","24221","12015","11483","1841","4609","1421","","118187"
"18A.5","2025","Descriptive data","All ages","All people","All households","Major cities","All households","Public housing","","Public housing","Dwellings by remoteness; at 30 June","","","","","","AIHW (unpublished) National Housing Assistance Data Repository","no.","83018","46717","36175","23788","24407","..","11086","..","","225191"
"18A.5","2025","Descriptive data","All ages","All people","All households","Inner regional","All households","Public housing","","Public housing","Dwellings by remoteness; at 30 June","","","","","","AIHW (unpublished) National Housing Assistance Data Repository","no.","7624","14306","8828","2650","962","3305","11","..","","37686"
"18A.5","2025","Descriptive data","All ages","All people","All households","Outer regional","All households","Public housing","","Public housing","Dwellings by remoteness; at 30 June","","","","","","AIHW (unpublished) National Housing Assistance Data Repository","no.","1797","3229","7578","3298","5522","1708","..","2774","","25906"
"18A.5","2025","Descriptive data","All ages","All people","All households","Remote","All households","Public housing","","Public housing","Dwellings by remoteness; at 30 June","","","","","","AIHW (unpublished) National Housing Assistance Data Repository","no.","213","25","798","2288","630","28","..","1145","","5127"
"18A.5","2025","Descriptive data","All ages","All people","All households","Very remote","All households","Public housing","","Public housing","Dwellings by remoteness; at 30 June","","","","","","AIHW (unpublished) National Housing Assistance Data Repository","no.","58","..","348","1916","90","9","..","210","","2630"
"18A.5","2024","Descriptive data","All ages","All people","All households","All areas","All households","Public housing","","Public housing","Households; at 30 June","Paying less than market rent","","","","","AIHW (unpublished) National Housing Assistance Data Repository","no.","83582","54327","50220","29908","25508","4653","9347","4117","","261662"
"18A.5","2024-25","Descriptive data","All ages","All people","All households","All areas","All households","Public housing","","Public housing","Households; at 30 June","New households assisted","","","","","AIHW (unpublished) National Housing Assistance Data Repository","no.","4793","2507","3161","2559","1785","363","658","190","","16016"
"18A.5","2024-25","Descriptive data","All ages","All people","Aboriginal and Torres Strait Islander households","All areas","All households","Public housing","","Public housing","Households; at 30 June","New households assisted","","","","","AIHW (unpublished) National Housing Assistance Data Repository","no.","1032","374","1072","1028","413","59","120","138","","4236"
"18A.5","2024-25","Descriptive data","All ages","All people","All households","All areas","All households","Public housing","","Public housing","Households; at 30 June","Relocating from one public housing dwelling to another","","","","","AIHW (unpublished) National Housing Assistance Data Repository","no.","1893","1294","913","762","1002","41","399","163","","6467"
"18A.5","2024","Descriptive data","All ages","All people","Aboriginal and Torres Strait Islander households","All areas","All households","Public housing","","Public housing","Households; at 30 June","","","","","","AIHW (unpublished) National Housing Assistance Data Repository","no.","8488","4175","10541","9987","3264","440","1160","2597","","40652"
"18A.5","2024-25","Descriptive data","All ages","All people","All households","All areas","All households","Public housing","2024-25 dollars","Public housing","Households; at 30 June","Total rent charged in real terms","","","","","Derived from State and territory governments (unpublished); ABS Australian National Accounts: National Income Expenditure and Product","$'000","841751","563569","394486","325849","265185","49700","99859","35126","","2575525"
"18A.5","2024","Descriptive data","All ages","All people","All households","All areas","All households","Public housing","","Public housing","Applicants on waitlist at 30 June","New greatest need applicants","","","","","AIHW (unpublished) National Housing Assistance Data Repository","no.","8061","27747","18653","5682","3461","3737","2029","2282","","71652"
"18A.5","2024","Descriptive data","All ages","All people","All households","All areas","All households","Public housing","","Public housing","Applicants on waitlist at 30 June","Total (excluding applicants for transfer)","","","","","AIHW (unpublished) National Housing Assistance Data Repository","no.","50726","51380","18818","20294","14043","4709","3159","5423","","168552"
"18A.5","2024","Descriptive data","All ages","All people","All households","All areas","All households","Public housing","","Public housing","Applicants on waitlist at 30 June","Applicants for transfer","","","","","AIHW (unpublished) National Housing Assistance Data Repository","no.","10343","10026","4392","2649","2033","308","914","803","","31468"
"18A.5","2024","Descriptive data","All ages","All people","All households","All areas","All households","Public housing","","Public housing","Dwellings; at 30 June","Tenantable","","","","","AIHW (unpublished) National Housing Assistance Data Repository","no.","92560","64025","53128","33345","31074","4956","10481","4523","","294092"
"18A.5","2024","Descriptive data","All ages","All people","All households","All areas","All households","Public housing","","Public housing","Dwellings; at 30 June","Untenantable","","","","","AIHW (unpublished) National Housing Assistance Data Repository","no.","1888","0","285","66","305","85","411","43","","3083"
"18A.5","2024","Descriptive data","All ages","All people","All households","All areas","All households","Public housing","","Public housing","Dwellings; at 30 June","Undergoing major redevelopment","","","","","AIHW (unpublished) National Housing Assistance Data Repository","no.","22","198","96","25","83","25","60","0","","509"
"18A.5","2024","Descriptive data","All ages","All people","All households","All areas","All households","Public housing","2024-25 dollars","Public housing","Rents for week of 30 June","","Total rents charged in real terms","","","","Derived from AIHW (unpublished) National Housing Assistance Data Repository; ABS Australian National Accounts: National Income Expenditure and Product","$'000","16411","10705","7863","6328","5166","822","2002","869","","50168"
"18A.5","2024","Descriptive data","All ages","All people","All households","All areas","All households","Public housing","2024-25 dollars","Public housing","Rents for week of 30 June","","Total market rent value of all dwellings for which rent was charged in real terms","","","","Derived from AIHW (unpublished) National Housing Assistance Data Repository; ABS Australian National Accounts: National Income Expenditure and Product","$'000","35867","20058","15434","12183","10201","1855","4616","1663","","101878"
"18A.5","2024","Descriptive data","All ages","All people","All households","Major cities","All households","Public housing","","Public housing","Dwellings by remoteness; at 30 June","","","","","","AIHW (unpublished) National Housing Assistance Data Repository","no.","83928","46830","36112","23407","24289","..","10942","..","","225508"
"18A.5","2024","Descriptive data","All ages","All people","All households","Inner regional","All households","Public housing","","Public housing","Dwellings by remoteness; at 30 June","","","","","","AIHW (unpublished) National Housing Assistance Data Repository","no.","8199","14164","8725","2613","959","3322","10","..","","37993"
"18A.5","2024","Descriptive data","All ages","All people","All households","Outer regional","All households","Public housing","","Public housing","Dwellings by remoteness; at 30 June","","","","","","AIHW (unpublished) National Housing Assistance Data Repository","no.","2060","3204","7553","3247","5491","1707","..","3121","","26383"
"18A.5","2024","Descriptive data","All ages","All people","All households","Remote","All households","Public housing","","Public housing","Dwellings by remoteness; at 30 June","","","","","","AIHW (unpublished) National Housing Assistance Data Repository","no.","223","25","781","2259","632","28","..","1249","","5197"
"18A.5","2024","Descriptive data","All ages","All people","All households","Very remote","All households","Public housing","","Public housing","Dwellings by remoteness; at 30 June","","","","","","AIHW (unpublished) National Housing Assistance Data Repository","no.","61","..","338","1910","91","9","..","196","","2604"
"18A.5","2023","Descriptive data","All ages","All people","All households","All areas","All households","Public housing","","Public housing","Households; at 30 June","Paying less than market rent","","","","","AIHW (unpublished) National Housing Assistance Data Repository","no.","85723","52157","50304","30486","25808","4654","9474","4440","","263046"
"18A.5","2023-24","Descriptive data","All ages","All people","All households","All areas","All households","Public housing","","Public housing","Households; at 30 June","New households assisted","","","","","AIHW (unpublished) National Housing Assistance Data Repository","no.","5025","3459","3194","2599","1214","377","474","318","","16660"
"18A.5","2023-24","Descriptive data","All ages","All people","Aboriginal and Torres Strait Islander households","All areas","All households","Public housing","","Public housing","Households; at 30 June","New households assisted","","","","","AIHW (unpublished) National Housing Assistance Data Repository","no.","1102","512","1070","1120","315","49","75","207","","4450"
"18A.5","2023-24","Descriptive data","All ages","All people","All households","All areas","All households","Public housing","","Public housing","Households; at 30 June","Relocating from one public housing dwelling to another","","","","","AIHW (unpublished) National Housing Assistance Data Repository","no.","1972","1689","974","950","875","26","339","253","","7078"
"18A.5","2023","Descriptive data","All ages","All people","Aboriginal and Torres Strait Islander households","All areas","All households","Public housing","","Public housing","Households; at 30 June","","","","","","AIHW (unpublished) National Housing Assistance Data Repository","no.","9558","3757","9941","9508","3158","444","1118","2629","","40113"
"18A.5","2023-24","Descriptive data","All ages","All people","All households","All areas","All households","Public housing","2024-25 dollars","Public housing","Households; at 30 June","Total rent charged in real terms","","","","","Derived from State and territory governments (unpublished); ABS Australian National Accounts: National Income Expenditure and Product","$'000","838437","546688","395941","333091","258732","49487","96824","47786","","2566986"
"18A.5","2023","Descriptive data","All ages","All people","All households","All areas","All households","Public housing","","Public housing","Applicants on waitlist at 30 June","New greatest need applicants","","","","","AIHW (unpublished) National Housing Assistance Data Repository","no.","6515","29360","18266","4741","2975","3595","2188","2019","","69659"
"18A.5","2023","Descriptive data","All ages","All people","All households","All areas","All households","Public housing","","Public housing","Applicants on waitlist at 30 June","Total (excluding applicants for transfer)","","","","","AIHW (unpublished) National Housing Assistance Data Repository","no.","50419","53956","18608","19069","14335","4598","3174","5050","","169209"
"18A.5","2023","Descriptive data","All ages","All people","All households","All areas","All households","Public housing","","Public housing","Applicants on waitlist at 30 June","Applicants for transfer","","","","","AIHW (unpublished) National Housing Assistance Data Repository","no.","9830","9365","3177","2362","2126","303","1017","756","","28936"
"18A.5","2023","Descriptive data","All ages","All people","All households","All areas","All households","Public housing","","Public housing","Dwellings; at 30 June","Tenantable","","","","","AIHW (unpublished) National Housing Assistance Data Repository","no.","94240","64242","52588","32556","31335","4911","10407","4778","","295057"
"18A.5","2023","Descriptive data","All ages","All people","All households","All areas","All households","Public housing","","Public housing","Dwellings; at 30 June","Untenantable","","","","","AIHW (unpublished) National Housing Assistance Data Repository","no.","1492","246","280","57","174","85","318","36","","2688"
"18A.5","2023","Descriptive data","All ages","All people","All households","All areas","All households","Public housing","","Public housing","Dwellings; at 30 June","Undergoing major redevelopment","","","","","AIHW (unpublished) National Housing Assistance Data Repository","no.","33","232","142","81","68","1","102","0","","659"
"18A.5","2023","Descriptive data","All ages","All people","All households","All areas","All households","Public housing","2024-25 dollars","Public housing","Rents for week of 30 June","","Total rents charged in real terms","","","","Derived from AIHW (unpublished) National Housing Assistance Data Repository; ABS Australian National Accounts: National Income Expenditure and Product","$'000","16419","11110","7737","5878","5135","794","1933","815","","49822"
"18A.5","2023","Descriptive data","All ages","All people","All households","All areas","All households","Public housing","2024-25 dollars","Public housing","Rents for week of 30 June","","Total market rent value of all dwellings for which rent was charged in real terms","","","","Derived from AIHW (unpublished) National Housing Assistance Data Repository; ABS Australian National Accounts: National Income Expenditure and Product","$'000","38147","20667","15838","12420","9504","1941","4761","1830","","105107"
"18A.5","2023","Descriptive data","All ages","All people","All households","Major cities","All households","Public housing","","Public housing","Dwellings by remoteness; at 30 June","","","","","","AIHW (unpublished) National Housing Assistance Data Repository","no.","84937","47360","35853","22886","24415","..","10816","..","","226266"
"18A.5","2023","Descriptive data","All ages","All people","All households","Inner regional","All households","Public housing","","Public housing","Dwellings by remoteness; at 30 June","","","","","","AIHW (unpublished) National Housing Assistance Data Repository","no.","8510","14156","8589","2572","952","3284","11","..","","38075"
"18A.5","2023","Descriptive data","All ages","All people","All households","Outer regional","All households","Public housing","","Public housing","Dwellings by remoteness; at 30 June","","","","","","AIHW (unpublished) National Housing Assistance Data Repository","no.","2034","3180","7474","3178","5483","1676","..","3369","","26393"
"18A.5","2023","Descriptive data","All ages","All people","All households","Remote","All households","Public housing","","Public housing","Dwellings by remoteness; at 30 June","","","","","","AIHW (unpublished) National Housing Assistance Data Repository","no.","223","24","777","2224","632","28","..","1249","","5158"
"18A.5","2023","Descriptive data","All ages","All people","All households","Very remote","All households","Public housing","","Public housing","Dwellings by remoteness; at 30 June","","","","","","AIHW (unpublished) National Housing Assistance Data Repository","no.","61","..","317","1835","95","9","..","196","","2512"
"18A.5","2022","Descriptive data","All ages","All people","All households","All areas","All households","Public housing","","Public housing","Households; at 30 June","Paying less than market rent","","","","","AIHW (unpublished) National Housing Assistance Data Repository","no.","86458","51966","50274","29372","26185","4585","9730","4465","","263035"
"18A.5","2022-23","Descriptive data","All ages","All people","All households","All areas","All households","Public housing","","Public housing","Households; at 30 June","New households assisted","","","","","AIHW (unpublished) National Housing Assistance Data Repository","no.","5175","2835","3146","2880","1466","354","418","236","","16510"
"18A.5","2022-23","Descriptive data","All ages","All people","Aboriginal and Torres Strait Islander households","All areas","All households","Public housing","","Public housing","Households; at 30 June","New households assisted","","","","","AIHW (unpublished) National Housing Assistance Data Repository","no.","1085","475","1057","1268","348","56","79","152","","4520"
"18A.5","2022-23","Descriptive data","All ages","All people","All households","All areas","All households","Public housing","","Public housing","Households; at 30 June","Relocating from one public housing dwelling to another","","","","","AIHW (unpublished) National Housing Assistance Data Repository","no.","1971","1753","1056","778","813","25","365","217","","6978"
"18A.5","2022","Descriptive data","All ages","All people","Aboriginal and Torres Strait Islander households","All areas","All households","Public housing","","Public housing","Households; at 30 June","","","","","","AIHW (unpublished) National Housing Assistance Data Repository","no.","9800","3395","9392","8874","2921","432","1068","2619","","38501"
"18A.5","2022-23","Descriptive data","All ages","All people","All households","All areas","All households","Public housing","2024-25 dollars","Public housing","Households; at 30 June","Total rent charged in real terms","","","","","Derived from State and territory governments (unpublished); ABS Australian National Accounts: National Income Expenditure and Product","$'000","842111","543194","385819","302178","254915","47619","94599","44877","","2515313"
"18A.5","2022","Descriptive data","All ages","All people","All households","All areas","All households","Public housing","","Public housing","Applicants on waitlist at 30 June","New greatest need applicants","","","","","AIHW (unpublished) National Housing Assistance Data Repository","no.","5700","30483","17414","4139","2652","3456","2076","2088","","68008"
"18A.5","2022","Descriptive data","All ages","All people","All households","All areas","All households","Public housing","","Public housing","Applicants on waitlist at 30 June","Total (excluding applicants for transfer)","","","","","AIHW (unpublished) National Housing Assistance Data Repository","no.","52243","54857","20340","19103","15402","4453","3059","5167","","174624"
"18A.5","2022","Descriptive data","All ages","All people","All households","All areas","All households","Public housing","","Public housing","Applicants on waitlist at 30 June","Applicants for transfer","","","","","AIHW (unpublished) National Housing Assistance Data Repository","no.","9405","9238","1860","2271","2224","310","1081","774","","27163"
"18A.5","2022","Descriptive data","All ages","All people","All households","All areas","All households","Public housing","","Public housing","Dwellings; at 30 June","Tenantable","","","","","AIHW (unpublished) National Housing Assistance Data Repository","no.","94262","63762","52185","31788","31328","4921","10430","4795","","293471"
"18A.5","2022","Descriptive data","All ages","All people","All households","All areas","All households","Public housing","","Public housing","Dwellings; at 30 June","Untenantable","","","","","AIHW (unpublished) National Housing Assistance Data Repository","no.","2445","86","344","38","211","77","199","95","","3495"
"18A.5","2022","Descriptive data","All ages","All people","All households","All areas","All households","Public housing","","Public housing","Dwellings; at 30 June","Undergoing major redevelopment","","","","","AIHW (unpublished) National Housing Assistance Data Repository","no.","5","139","114","208","52","1","115","0","","634"
"18A.5","2022","Descriptive data","All ages","All people","All households","All areas","All households","Public housing","2024-25 dollars","Public housing","Rents for week of 30 June","","Total rents charged in real terms","","","","Derived from AIHW (unpublished) National Housing Assistance Data Repository; ABS Australian National Accounts: National Income Expenditure and Product","$'000","16394","11209","7733","5658","5006","770","1861","830","","49463"
"18A.5","2022","Descriptive data","All ages","All people","All households","All areas","All households","Public housing","2024-25 dollars","Public housing","Rents for week of 30 June","","Total market rent value of all dwellings for which rent was charged in real terms","","","","Derived from AIHW (unpublished) National Housing Assistance Data Repository; ABS Australian National Accounts: National Income Expenditure and Product","$'000","41001","21603","16373","11293","8924","1674","4953","1939","","107761"
"18A.5","2022","Descriptive data","All ages","All people","All households","Major cities","All households","Public housing","","Public housing","Dwellings by remoteness; at 30 June","","","","","","AIHW (unpublished) National Housing Assistance Data Repository","no.","85863","46863","35575","22347","24070","..","10723","..","","225441"
"18A.5","2022","Descriptive data","All ages","All people","All households","Inner regional","All households","Public housing","","Public housing","Dwellings by remoteness; at 30 June","","","","","","AIHW (unpublished) National Housing Assistance Data Repository","no.","8479","13967","8522","2539","2316","3775","21","..","","39618"
"18A.5","2022","Descriptive data","All ages","All people","All households","Outer regional","All households","Public housing","","Public housing","Dwellings by remoteness; at 30 June","","","","","","AIHW (unpublished) National Housing Assistance Data Repository","no.","2087","3144","7439","3146","4474","1188","..","3459","","24937"
"18A.5","2022","Descriptive data","All ages","All people","All households","Remote","All households","Public housing","","Public housing","Dwellings by remoteness; at 30 June","","","","","","AIHW (unpublished) National Housing Assistance Data Repository","no.","249","14","780","2139","643","28","..","1235","","5087"
"18A.5","2022","Descriptive data","All ages","All people","All households","Very remote","All households","Public housing","","Public housing","Dwellings by remoteness; at 30 June","","","","","","AIHW (unpublished) National Housing Assistance Data Repository","no.","34","..","310","1864","88","9","..","196","","2500"
"18A.5","2021","Descriptive data","All ages","All people","All households","All areas","All households","Public housing","","Public housing","Households; at 30 June","Paying less than market rent","","","","","AIHW (unpublished) National Housing Assistance Data Repository","no.","87228","55644","49415","28532","26804","6444","9762","4465","","268294"
"18A.5","2021-22","Descriptive data","All ages","All people","All households","All areas","All households","Public housing","","Public housing","Households; at 30 June","New households assisted","","","","","AIHW (unpublished) National Housing Assistance Data Repository","no.","4658","2189","3278","2176","1945","328","244","205","","15023"
"18A.5","2021-22","Descriptive data","All ages","All people","Aboriginal and Torres Strait Islander households","All areas","All households","Public housing","","Public housing","Households; at 30 June","New households assisted","","","","","AIHW (unpublished) National Housing Assistance Data Repository","no.","961","297","1030","933","493","52","27","129","","3922"
"18A.5","2021-22","Descriptive data","All ages","All people","All households","All areas","All households","Public housing","","Public housing","Households; at 30 June","Relocating from one public housing dwelling to another","","","","","AIHW (unpublished) National Housing Assistance Data Repository","no.","1949","1855","1153","665","787","40","267","222","","6938"
"18A.5","2021","Descriptive data","All ages","All people","Aboriginal and Torres Strait Islander households","All areas","All households","Public housing","","Public housing","Households; at 30 June","","","","","","AIHW (unpublished) National Housing Assistance Data Repository","no.","9800","3209","8802","8630","2671","575","1066","2620","","37373"
"18A.5","2021-22","Descriptive data","All ages","All people","All households","All areas","All households","Public housing","2024-25 dollars","Public housing","Households; at 30 June","Total rent charged in real terms","","","","","Derived from State and territory governments (unpublished); ABS Australian National Accounts: National Income Expenditure and Product","$'000","842324","548004","395579","318678","252893","52644","94782","45847","","2550752"
"18A.5","2021","Descriptive data","All ages","All people","All households","All areas","All households","Public housing","","Public housing","Applicants on waitlist at 30 June","New greatest need applicants","","","","","AIHW (unpublished) National Housing Assistance Data Repository","no.","5922","28461","19939","3336","3136","3112","1920","1830","","67656"
"18A.5","2021","Descriptive data","All ages","All people","All households","All areas","All households","Public housing","","Public housing","Applicants on waitlist at 30 June","Total (excluding applicants for transfer)","","","","","AIHW (unpublished) National Housing Assistance Data Repository","no.","45429","51859","21274","17207","15988","4144","2880","4727","","163508"
"18A.5","2021","Descriptive data","All ages","All people","All households","All areas","All households","Public housing","","Public housing","Applicants on waitlist at 30 June","Applicants for transfer","","","","","AIHW (unpublished) National Housing Assistance Data Repository","no.","8848","8548","2418","2046","2453","342","1013","758","","26426"
"18A.5","2021","Descriptive data","All ages","All people","All households","All areas","All households","Public housing","","Public housing","Dwellings; at 30 June","Tenantable","","","","","AIHW (unpublished) National Housing Assistance Data Repository","no.","94505","63643","51878","31699","31484","6944","10647","4840","","295640"
"18A.5","2021","Descriptive data","All ages","All people","All households","All areas","All households","Public housing","","Public housing","Dwellings; at 30 June","Untenantable","","","","","AIHW (unpublished) National Housing Assistance Data Repository","no.","2216","149","193","120","273","84","158","86","","3279"
"18A.5","2021","Descriptive data","All ages","All people","All households","All areas","All households","Public housing","","Public housing","Dwellings; at 30 June","Undergoing major redevelopment","","","","","AIHW (unpublished) National Housing Assistance Data Repository","no.","7","129","124","100","181","3","54","3","","601"
"18A.5","2021","Descriptive data","All ages","All people","All households","All areas","All households","Public housing","2024-25 dollars","Public housing","Rents for week of 30 June","","Total rents charged in real terms","","","","Derived from AIHW (unpublished) National Housing Assistance Data Repository; ABS Australian National Accounts: National Income Expenditure and Product","$'000","16649","10088","7880","5526","4876","1136","1946","839","","48939"
"18A.5","2021","Descriptive data","All ages","All people","All households","All areas","All households","Public housing","2024-25 dollars","Public housing","Rents for week of 30 June","","Total market rent value of all dwellings for which rent was charged in real terms","","","","Derived from AIHW (unpublished) National Housing Assistance Data Repository; ABS Australian National Accounts: National Income Expenditure and Product","$'000","42443","21483","16492","10327","8950","2187","5144","2026","","109054"
"18A.5","2021","Descriptive data","All ages","All people","All households","Major cities","All households","Public housing","","Public housing","Dwellings by remoteness; at 30 June","","","","","","AIHW (unpublished) National Housing Assistance Data Repository","no.","85858","46774","35451","22223","24337","..","10835","..","","225478"
"18A.5","2021","Descriptive data","All ages","All people","All households","Inner regional","All households","Public housing","","Public housing","Dwellings by remoteness; at 30 June","","","","","","AIHW (unpublished) National Housing Assistance Data Repository","no.","8481","13993","8330","2528","2342","5295","24","..","","40992"
"18A.5","2021","Descriptive data","All ages","All people","All households","Outer regional","All households","Public housing","","Public housing","Dwellings by remoteness; at 30 June","","","","","","AIHW (unpublished) National Housing Assistance Data Repository","no.","2106","3141","7309","3146","4528","1676","..","3494","","25400"
"18A.5","2021","Descriptive data","All ages","All people","All households","Remote","All households","Public housing","","Public housing","Dwellings by remoteness; at 30 June","","","","","","AIHW (unpublished) National Housing Assistance Data Repository","no.","250","14","775","2133","646","51","..","1239","","5107"
"18A.5","2021","Descriptive data","All ages","All people","All households","Very remote","All households","Public housing","","Public housing","Dwellings by remoteness; at 30 June","","","","","","AIHW (unpublished) National Housing Assistance Data Repository","no.","34","..","314","1890","85","9","..","196","","2527"
"18A.5","2020-21","Descriptive data","All ages","All people","All households","All areas","All households","Public housing","","Public housing","Households; at 30 June","New households assisted","","","","","AIHW (unpublished) National Housing Assistance Data Repository","no.","5242","1912","3614","1809","1626","401","230","331","","15165"
"18A.5","2020-21","Descriptive data","All ages","All people","Aboriginal and Torres Strait Islander households","All areas","All households","Public housing","","Public housing","Households; at 30 June","New households assisted","","","","","AIHW (unpublished) National Housing Assistance Data Repository","no.","1136","243","1098","798","438","55","35","215","","4018"
"18A.5","2020-21","Descriptive data","All ages","All people","All households","All areas","All households","Public housing","","Public housing","Households; at 30 June","Relocating from one public housing dwelling to another","","","","","AIHW (unpublished) National Housing Assistance Data Repository","no.","2228","1755","1281","787","925","141","325","210","","7652"
"18A.5","2020-21","Descriptive data","All ages","All people","All households","All areas","All households","Public housing","2024-25 dollars","Public housing","Households; at 30 June","Total rent charged in real terms","","","","","Derived from State and territory governments (unpublished); ABS Australian National Accounts: National Income Expenditure and Product","$'000","852568","537482","407841","279149","250340","60996","98485","45578","","2532439"
"18A.6","2025","Descriptive data","All ages","All people","All households","All areas","All households","State owned and managed Indigenous housing","","State owned and managed Indigenous housing","Households; at 30 June","Paying less than market rent","","","","","AIHW (unpublished) National Housing Assistance Data Repository","no.","4284","..","3008","..","1019","145","..","439","8895",""
"18A.6","2025","Descriptive data","All ages","All people","All households","All areas","All households","State owned and managed Indigenous housing","","State owned and managed Indigenous housing","Applicants on waitlist at 30 June","New greatest need applicants","","","","","AIHW (unpublished) National Housing Assistance Data Repository","no.","1236","..","7359","..","583","na","..","na","9178",""
"18A.6","2025","Descriptive data","All ages","All people","All households","All areas","All households","State owned and managed Indigenous housing","","State owned and managed Indigenous housing","Applicants on waitlist at 30 June","Total (excluding applicants for transfer)","","","","","AIHW (unpublished) National Housing Assistance Data Repository","no.","4601","..","7375","..","1798","np","..","3704","17478",""
"18A.6","2025","Descriptive data","All ages","All people","All households","All areas","All households","State owned and managed Indigenous housing","","State owned and managed Indigenous housing","Applicants on waitlist at 30 June","Applicants for transfer","","","","","AIHW (unpublished) National Housing Assistance Data Repository","no.","1586","..","88","..","398","0","..","271","2343",""
"18A.6","2025","Descriptive data","All ages","All people","All households","All areas","All households","State owned and managed Indigenous housing","","State owned and managed Indigenous housing","Dwellings; at 30 June","Tenantable","","","","","AIHW (unpublished) National Housing Assistance Data Repository","no.","6469","..","3257","..","1299","161","..","5341","16527",""
"18A.6","2025","Descriptive data","All ages","All people","All households","All areas","All households","State owned and managed Indigenous housing","","State owned and managed Indigenous housing","Dwellings; at 30 June","Untenantable","","","","","AIHW (unpublished) National Housing Assistance Data Repository","no.","80","..","22","..","31","1","..","424","558",""
"18A.6","2025","Descriptive data","All ages","All people","All households","All areas","All households","State owned and managed Indigenous housing","","State owned and managed Indigenous housing","Dwellings; at 30 June","Undergoing major redevelopment","","","","","AIHW (unpublished) National Housing Assistance Data Repository","no.","3","..","12","..","39","0","..","24","78",""
"18A.6","2025","Descriptive data","All ages","All people","All households","All areas","All households","State owned and managed Indigenous housing","2024-25 dollars","State owned and managed Indigenous housing","Rents for week of 30 June","","Total rents charged in real terms","","","","Derived from AIHW (unpublished) National Housing Assistance Data Repository; ABS Australian National Accounts: National Income Expenditure and Product","$'000","1991","..","598","..","261","28","..","1018","3897",""
"18A.6","2025","Descriptive data","All ages","All people","All households","All areas","All households","State owned and managed Indigenous housing","2024-25 dollars","State owned and managed Indigenous housing","Rents for week of 30 June","","Total market rent value of all dwellings for which rent was charged in real terms","","","","Derived from AIHW (unpublished) National Housing Assistance Data Repository; ABS Australian National Accounts: National Income Expenditure and Product","$'000","2832","..","1465","..","558","69","..","1049","5974",""
"18A.6","2025","Descriptive data","All ages","All people","All households","Major cities","All households","State owned and managed Indigenous housing","","State owned and managed Indigenous housing","Dwellings by remoteness; at 30 June","","","","","","AIHW (unpublished) National Housing Assistance Data Repository","no.","4134","..","432","..","798","..","..","..","5364",""
"18A.6","2025","Descriptive data","All ages","All people","All households","Inner regional","All households","State owned and managed Indigenous housing","","State owned and managed Indigenous housing","Dwellings by remoteness; at 30 June","","","","","","AIHW (unpublished) National Housing Assistance Data Repository","no.","1325","..","594","..","85","130","..","..","2134",""
"18A.6","2025","Descriptive data","All ages","All people","All households","Outer regional","All households","State owned and managed Indigenous housing","","State owned and managed Indigenous housing","Dwellings by remoteness; at 30 June","","","","","","AIHW (unpublished) National Housing Assistance Data Repository","no.","800","..","1293","..","265","32","..","416","2807",""
"18A.6","2025","Descriptive data","All ages","All people","All households","Remote","All households","State owned and managed Indigenous housing","","State owned and managed Indigenous housing","Dwellings by remoteness; at 30 June","","","","","","AIHW (unpublished) National Housing Assistance Data Repository","no.","210","..","320","..","86","0","..","1436","2053",""
"18A.6","2025","Descriptive data","All ages","All people","All households","Very remote","All households","State owned and managed Indigenous housing","","State owned and managed Indigenous housing","Dwellings by remoteness; at 30 June","","","","","","AIHW (unpublished) National Housing Assistance Data Repository","no.","83","..","651","..","135","0","..","3937","4806",""
"18A.6","2024","Descriptive data","All ages","All people","All households","All areas","All households","State owned and managed Indigenous housing","","State owned and managed Indigenous housing","Households; at 30 June","Paying less than market rent","","","","","AIHW (unpublished) National Housing Assistance Data Repository","no.","3252","..","2668","..","990","148","..","536","7594",""
"18A.6","2024-25","Descriptive data","All ages","All people","All households","All areas","All households","State owned and managed Indigenous housing","","State owned and managed Indigenous housing","Households; at 30 June","New households assisted","","","","","AIHW (unpublished) National Housing Assistance Data Repository","no.","276","..","143","..","64","12","..","392","887",""
"18A.6","2024-25","Descriptive data","All ages","All people","All households","All areas","All households","State owned and managed Indigenous housing","","State owned and managed Indigenous housing","Households; at 30 June","Relocating from one State owned and managed Indigenous housing dwelling to another","","","","","AIHW (unpublished) National Housing Assistance Data Repository","no.","168","..","44","..","54","0","..","273","539",""
"18A.6","2024-25","Descriptive data","All ages","All people","All households","All areas","All households","State owned and managed Indigenous housing","2024-25 dollars","State owned and managed Indigenous housing","Households; at 30 June","Total rent charged in real terms","","","","","Derived from State and territory governments (unpublished); ABS Australian National Accounts: National Income Expenditure and Product","$'000","94204","..","30023","..","13780","1207","..","48307","187521",""
"18A.6","2024","Descriptive data","All ages","All people","All households","All areas","All households","State owned and managed Indigenous housing","","State owned and managed Indigenous housing","Applicants on waitlist at 30 June","New greatest need applicants","","","","","AIHW (unpublished) National Housing Assistance Data Repository","no.","1052","..","6344","..","587","na","..","na","7983",""
"18A.6","2024","Descriptive data","All ages","All people","All households","All areas","All households","State owned and managed Indigenous housing","","State owned and managed Indigenous housing","Applicants on waitlist at 30 June","Total (excluding applicants for transfer)","","","","","AIHW (unpublished) National Housing Assistance Data Repository","no.","3893","..","6386","..","1682","np","..","3185","15146",""
"18A.6","2024","Descriptive data","All ages","All people","All households","All areas","All households","State owned and managed Indigenous housing","","State owned and managed Indigenous housing","Applicants on waitlist at 30 June","Applicants for transfer","","","","","AIHW (unpublished) National Housing Assistance Data Repository","no.","1466","..","149","..","323","0","..","279","2217",""
"18A.6","2024","Descriptive data","All ages","All people","All households","All areas","All households","State owned and managed Indigenous housing","","State owned and managed Indigenous housing","Dwellings; at 30 June","Tenantable","","","","","AIHW (unpublished) National Housing Assistance Data Repository","no.","5311","..","3231","..","1341","160","..","5346","15389",""
"18A.6","2024","Descriptive data","All ages","All people","All households","All areas","All households","State owned and managed Indigenous housing","","State owned and managed Indigenous housing","Dwellings; at 30 June","Untenantable","","","","","AIHW (unpublished) National Housing Assistance Data Repository","no.","64","..","9","..","15","4","..","336","428",""
"18A.6","2024","Descriptive data","All ages","All people","All households","All areas","All households","State owned and managed Indigenous housing","","State owned and managed Indigenous housing","Dwellings; at 30 June","Undergoing major redevelopment","","","","","AIHW (unpublished) National Housing Assistance Data Repository","no.","5","..","19","..","4","0","..","23","51",""
"18A.6","2024","Descriptive data","All ages","All people","All households","All areas","All households","State owned and managed Indigenous housing","2024-25 dollars","State owned and managed Indigenous housing","Rents for week of 30 June","","Total rents charged in real terms","","","","Derived from AIHW (unpublished) National Housing Assistance Data Repository; ABS Australian National Accounts: National Income Expenditure and Product","$'000","1575","..","586","..","259","27","..","1021","3468",""
"18A.6","2024","Descriptive data","All ages","All people","All households","All areas","All households","State owned and managed Indigenous housing","2024-25 dollars","State owned and managed Indigenous housing","Rents for week of 30 June","","Total market rent value of all dwellings for which rent was charged in real terms","","","","Derived from AIHW (unpublished) National Housing Assistance Data Repository; ABS Australian National Accounts: National Income Expenditure and Product","$'000","2098","..","951","..","513","70","..","1060","4692",""
"18A.6","2024","Descriptive data","All ages","All people","All households","Major cities","All households","State owned and managed Indigenous housing","","State owned and managed Indigenous housing","Dwellings by remoteness; at 30 June","","","","","","AIHW (unpublished) National Housing Assistance Data Repository","no.","3629","..","433","..","781","..","..","..","4843",""
"18A.6","2024","Descriptive data","All ages","All people","All households","Inner regional","All households","State owned and managed Indigenous housing","","State owned and managed Indigenous housing","Dwellings by remoteness; at 30 June","","","","","","AIHW (unpublished) National Housing Assistance Data Repository","no.","910","..","594","..","85","131","..","..","1719",""
"18A.6","2024","Descriptive data","All ages","All people","All households","Outer regional","All households","State owned and managed Indigenous housing","","State owned and managed Indigenous housing","Dwellings by remoteness; at 30 June","","","","","","AIHW (unpublished) National Housing Assistance Data Repository","no.","556","..","1276","..","271","33","..","412","2547",""
"18A.6","2024","Descriptive data","All ages","All people","All households","Remote","All households","State owned and managed Indigenous housing","","State owned and managed Indigenous housing","Dwellings by remoteness; at 30 June","","","","","","AIHW (unpublished) National Housing Assistance Data Repository","no.","201","..","320","..","87","0","..","1418","2026",""
"18A.6","2024","Descriptive data","All ages","All people","All households","Very remote","All households","State owned and managed Indigenous housing","","State owned and managed Indigenous housing","Dwellings by remoteness; at 30 June","","","","","","AIHW (unpublished) National Housing Assistance Data Repository","no.","85","..","636","..","136","0","..","3875","4732",""
"18A.6","2023","Descriptive data","All ages","All people","All households","All areas","All households","State owned and managed Indigenous housing","","State owned and managed Indigenous housing","Households; at 30 June","Paying less than market rent","","","","","AIHW (unpublished) National Housing Assistance Data Repository","no.","2403","..","2743","..","978","146","..","1343","7613",""
"18A.6","2023-24","Descriptive data","All ages","All people","All households","All areas","All households","State owned and managed Indigenous housing","","State owned and managed Indigenous housing","Households; at 30 June","New households assisted","","","","","AIHW (unpublished) National Housing Assistance Data Repository","no.","181","..","129","..","30","5","..","429","774",""
"18A.6","2023-24","Descriptive data","All ages","All people","All households","All areas","All households","State owned and managed Indigenous housing","","State owned and managed Indigenous housing","Households; at 30 June","Relocating from one State owned and managed Indigenous housing dwelling to another","","","","","AIHW (unpublished) National Housing Assistance Data Repository","no.","98","..","45","..","45","0","..","317","505",""
"18A.6","2023-24","Descriptive data","All ages","All people","All households","All areas","All households","State owned and managed Indigenous housing","2024-25 dollars","State owned and managed Indigenous housing","Households; at 30 June","Total rent charged in real terms","","","","","Derived from State and territory governments (unpublished); ABS Australian National Accounts: National Income Expenditure and Product","$'000","60176","..","29698","..","13666","1216","..","62730","167486",""
"18A.6","2023","Descriptive data","All ages","All people","All households","All areas","All households","State owned and managed Indigenous housing","","State owned and managed Indigenous housing","Applicants on waitlist at 30 June","New greatest need applicants","","","","","AIHW (unpublished) National Housing Assistance Data Repository","no.","795","..","6597","..","469","na","..","na","7861",""
"18A.6","2023","Descriptive data","All ages","All people","All households","All areas","All households","State owned and managed Indigenous housing","","State owned and managed Indigenous housing","Applicants on waitlist at 30 June","Total (excluding applicants for transfer)","","","","","AIHW (unpublished) National Housing Assistance Data Repository","no.","3715","..","6672","..","1512","np","..","3180","15079",""
"18A.6","2023","Descriptive data","All ages","All people","All households","All areas","All households","State owned and managed Indigenous housing","","State owned and managed Indigenous housing","Applicants on waitlist at 30 June","Applicants for transfer","","","","","AIHW (unpublished) National Housing Assistance Data Repository","no.","1440","..","278","..","288","0","..","284","2290",""
"18A.6","2023","Descriptive data","All ages","All people","All households","All areas","All households","State owned and managed Indigenous housing","","State owned and managed Indigenous housing","Dwellings; at 30 June","Tenantable","","","","","AIHW (unpublished) National Housing Assistance Data Repository","no.","3686","..","3201","..","1300","161","..","5131","13479",""
"18A.6","2023","Descriptive data","All ages","All people","All households","All areas","All households","State owned and managed Indigenous housing","","State owned and managed Indigenous housing","Dwellings; at 30 June","Untenantable","","","","","AIHW (unpublished) National Housing Assistance Data Repository","no.","48","..","10","..","6","3","..","396","463",""
"18A.6","2023","Descriptive data","All ages","All people","All households","All areas","All households","State owned and managed Indigenous housing","","State owned and managed Indigenous housing","Dwellings; at 30 June","Undergoing major redevelopment","","","","","AIHW (unpublished) National Housing Assistance Data Repository","no.","3","..","15","..","9","0","..","59","86",""
"18A.6","2023","Descriptive data","All ages","All people","All households","All areas","All households","State owned and managed Indigenous housing","2024-25 dollars","State owned and managed Indigenous housing","Rents for week of 30 June","","Total rents charged in real terms","","","","Derived from AIHW (unpublished) National Housing Assistance Data Repository; ABS Australian National Accounts: National Income Expenditure and Product","$'000","1036","..","580","..","251","28","..","963","2857",""
"18A.6","2023","Descriptive data","All ages","All people","All households","All areas","All households","State owned and managed Indigenous housing","2024-25 dollars","State owned and managed Indigenous housing","Rents for week of 30 June","","Total market rent value of all dwellings for which rent was charged in real terms","","","","Derived from AIHW (unpublished) National Housing Assistance Data Repository; ABS Australian National Accounts: National Income Expenditure and Product","$'000","1481","..","982","..","471","73","..","1060","4067",""
"18A.6","2023","Descriptive data","All ages","All people","All households","Major cities","All households","State owned and managed Indigenous housing","","State owned and managed Indigenous housing","Dwellings by remoteness; at 30 June","","","","","","AIHW (unpublished) National Housing Assistance Data Repository","no.","2317","..","435","..","748","..","..","..","3500",""
"18A.6","2023","Descriptive data","All ages","All people","All households","Inner regional","All households","State owned and managed Indigenous housing","","State owned and managed Indigenous housing","Dwellings by remoteness; at 30 June","","","","","","AIHW (unpublished) National Housing Assistance Data Repository","no.","591","..","591","..","84","131","..","..","1397",""
"18A.6","2023","Descriptive data","All ages","All people","All households","Outer regional","All households","State owned and managed Indigenous housing","","State owned and managed Indigenous housing","Dwellings by remoteness; at 30 June","","","","","","AIHW (unpublished) National Housing Assistance Data Repository","no.","543","..","1277","..","264","33","..","404","2521",""
"18A.6","2023","Descriptive data","All ages","All people","All households","Remote","All households","State owned and managed Indigenous housing","","State owned and managed Indigenous housing","Dwellings by remoteness; at 30 June","","","","","","AIHW (unpublished) National Housing Assistance Data Repository","no.","200","..","291","..","86","0","..","1404","1982",""
"18A.6","2023","Descriptive data","All ages","All people","All households","Very remote","All households","State owned and managed Indigenous housing","","State owned and managed Indigenous housing","Dwellings by remoteness; at 30 June","","","","","","AIHW (unpublished) National Housing Assistance Data Repository","no.","86","..","631","..","133","0","..","3778","4628",""
"18A.6","2022","Descriptive data","All ages","All people","All households","All areas","All households","State owned and managed Indigenous housing","","State owned and managed Indigenous housing","Households; at 30 June","Paying less than market rent","","","","","AIHW (unpublished) National Housing Assistance Data Repository","no.","2659","..","2776","..","1032","139","..","2374","8980",""
"18A.6","2022-23","Descriptive data","All ages","All people","All households","All areas","All households","State owned and managed Indigenous housing","","State owned and managed Indigenous housing","Households; at 30 June","New households assisted","","","","","AIHW (unpublished) National Housing Assistance Data Repository","no.","140","..","111","..","35","14","..","402","702",""
"18A.6","2022-23","Descriptive data","All ages","All people","All households","All areas","All households","State owned and managed Indigenous housing","","State owned and managed Indigenous housing","Households; at 30 June","Relocating from one State owned and managed Indigenous housing dwelling to another","","","","","AIHW (unpublished) National Housing Assistance Data Repository","no.","86","..","53","..","51","0","..","172","362",""
"18A.6","2022-23","Descriptive data","All ages","All people","All households","All areas","All households","State owned and managed Indigenous housing","2024-25 dollars","State owned and managed Indigenous housing","Households; at 30 June","Total rent charged in real terms","","","","","Derived from State and territory governments (unpublished); ABS Australian National Accounts: National Income Expenditure and Product","$'000","46932","..","29063","..","13022","1186","..","53080","143282",""
"18A.6","2022","Descriptive data","All ages","All people","All households","All areas","All households","State owned and managed Indigenous housing","","State owned and managed Indigenous housing","Applicants on waitlist at 30 June","New greatest need applicants","","","","","AIHW (unpublished) National Housing Assistance Data Repository","no.","594","..","6431","..","86","na","..","na","7111",""
"18A.6","2022","Descriptive data","All ages","All people","All households","All areas","All households","State owned and managed Indigenous housing","","State owned and managed Indigenous housing","Applicants on waitlist at 30 June","Total (excluding applicants for transfer)","","","","","AIHW (unpublished) National Housing Assistance Data Repository","no.","3450","..","6873","..","589","np","..","2812","13724",""
"18A.6","2022","Descriptive data","All ages","All people","All households","All areas","All households","State owned and managed Indigenous housing","","State owned and managed Indigenous housing","Applicants on waitlist at 30 June","Applicants for transfer","","","","","AIHW (unpublished) National Housing Assistance Data Repository","no.","1301","..","493","..","224","0","..","206","2224",""
"18A.6","2022","Descriptive data","All ages","All people","All households","All areas","All households","State owned and managed Indigenous housing","","State owned and managed Indigenous housing","Dwellings; at 30 June","Tenantable","","","","","AIHW (unpublished) National Housing Assistance Data Repository","no.","4077","..","3199","..","1342","163","..","5034","13815",""
"18A.6","2022","Descriptive data","All ages","All people","All households","All areas","All households","State owned and managed Indigenous housing","","State owned and managed Indigenous housing","Dwellings; at 30 June","Untenantable","","","","","AIHW (unpublished) National Housing Assistance Data Repository","no.","38","..","15","..","7","1","..","383","444",""
"18A.6","2022","Descriptive data","All ages","All people","All households","All areas","All households","State owned and managed Indigenous housing","","State owned and managed Indigenous housing","Dwellings; at 30 June","Undergoing major redevelopment","","","","","AIHW (unpublished) National Housing Assistance Data Repository","no.","5","..","15","..","1","0","..","11","32",""
"18A.6","2022","Descriptive data","All ages","All people","All households","All areas","All households","State owned and managed Indigenous housing","2024-25 dollars","State owned and managed Indigenous housing","Rents for week of 30 June","","Total rents charged in real terms","","","","Derived from AIHW (unpublished) National Housing Assistance Data Repository; ABS Australian National Accounts: National Income Expenditure and Product","$'000","1088","..","584","..","252","26","..","874","2824",""
"18A.6","2022","Descriptive data","All ages","All people","All households","All areas","All households","State owned and managed Indigenous housing","2024-25 dollars","State owned and managed Indigenous housing","Rents for week of 30 June","","Total market rent value of all dwellings for which rent was charged in real terms","","","","Derived from AIHW (unpublished) National Housing Assistance Data Repository; ABS Australian National Accounts: National Income Expenditure and Product","$'000","1628","..","1024","..","449","60","..","1059","4222",""
"18A.6","2022","Descriptive data","All ages","All people","All households","Major cities","All households","State owned and managed Indigenous housing","","State owned and managed Indigenous housing","Dwellings by remoteness; at 30 June","","","","","","AIHW (unpublished) National Housing Assistance Data Repository","no.","1920","..","435","..","783","..","..","..","3138",""
"18A.6","2022","Descriptive data","All ages","All people","All households","Inner regional","All households","State owned and managed Indigenous housing","","State owned and managed Indigenous housing","Dwellings by remoteness; at 30 June","","","","","","AIHW (unpublished) National Housing Assistance Data Repository","no.","1207","..","588","..","101","140","..","..","2037",""
"18A.6","2022","Descriptive data","All ages","All people","All households","Outer regional","All households","State owned and managed Indigenous housing","","State owned and managed Indigenous housing","Dwellings by remoteness; at 30 June","","","","","","AIHW (unpublished) National Housing Assistance Data Repository","no.","714","..","1270","..","246","24","..","439","2694",""
"18A.6","2022","Descriptive data","All ages","All people","All households","Remote","All households","State owned and managed Indigenous housing","","State owned and managed Indigenous housing","Dwellings by remoteness; at 30 June","","","","","","AIHW (unpublished) National Housing Assistance Data Repository","no.","225","..","301","..","87","0","..","1150","1762",""
"18A.6","2022","Descriptive data","All ages","All people","All households","Very remote","All households","State owned and managed Indigenous housing","","State owned and managed Indigenous housing","Dwellings by remoteness; at 30 June","","","","","","AIHW (unpublished) National Housing Assistance Data Repository","no.","54","..","630","..","133","0","..","3839","4656",""
"18A.6","2021","Descriptive data","All ages","All people","All households","All areas","All households","State owned and managed Indigenous housing","","State owned and managed Indigenous housing","Households; at 30 June","Paying less than market rent","","","","","AIHW (unpublished) National Housing Assistance Data Repository","no.","3010","..","2764","..","1177","192","..","1628","8771",""
"18A.6","2021-22","Descriptive data","All ages","All people","All households","All areas","All households","State owned and managed Indigenous housing","","State owned and managed Indigenous housing","Households; at 30 June","New households assisted","","","","","AIHW (unpublished) National Housing Assistance Data Repository","no.","167","..","140","..","67","12","..","242","628",""
"18A.6","2021-22","Descriptive data","All ages","All people","All households","All areas","All households","State owned and managed Indigenous housing","","State owned and managed Indigenous housing","Households; at 30 June","Relocating from one State owned and managed Indigenous housing dwelling to another","","","","","AIHW (unpublished) National Housing Assistance Data Repository","no.","98","..","51","..","45","np","..","83","277",""
"18A.6","2021-22","Descriptive data","All ages","All people","All households","All areas","All households","State owned and managed Indigenous housing","2024-25 dollars","State owned and managed Indigenous housing","Households; at 30 June","Total rent charged in real terms","","","","","Derived from State and territory governments (unpublished); ABS Australian National Accounts: National Income Expenditure and Product","$'000","55361","..","30268","..","12557","1309","..","51868","151364",""
"18A.6","2021","Descriptive data","All ages","All people","All households","All areas","All households","State owned and managed Indigenous housing","","State owned and managed Indigenous housing","Applicants on waitlist at 30 June","New greatest need applicants","","","","","AIHW (unpublished) National Housing Assistance Data Repository","no.","498","..","5896","..","145","na","..","na","6539",""
"18A.6","2021","Descriptive data","All ages","All people","All households","All areas","All households","State owned and managed Indigenous housing","","State owned and managed Indigenous housing","Applicants on waitlist at 30 June","Total (excluding applicants for transfer)","","","","","AIHW (unpublished) National Housing Assistance Data Repository","no.","2810","..","6016","..","592","0","..","2680","12098",""
"18A.6","2021","Descriptive data","All ages","All people","All households","All areas","All households","State owned and managed Indigenous housing","","State owned and managed Indigenous housing","Applicants on waitlist at 30 June","Applicants for transfer","","","","","AIHW (unpublished) National Housing Assistance Data Repository","no.","1163","..","785","..","165","1","..","175","2289",""
"18A.6","2021","Descriptive data","All ages","All people","All households","All areas","All households","State owned and managed Indigenous housing","","State owned and managed Indigenous housing","Dwellings; at 30 June","Tenantable","","","","","AIHW (unpublished) National Housing Assistance Data Repository","no.","4472","..","3200","..","1350","219","..","5034","14275",""
"18A.6","2021","Descriptive data","All ages","All people","All households","All areas","All households","State owned and managed Indigenous housing","","State owned and managed Indigenous housing","Dwellings; at 30 June","Untenantable","","","","","AIHW (unpublished) National Housing Assistance Data Repository","no.","52","..","6","..","12","2","..","334","406",""
"18A.6","2021","Descriptive data","All ages","All people","All households","All areas","All households","State owned and managed Indigenous housing","","State owned and managed Indigenous housing","Dwellings; at 30 June","Undergoing major redevelopment","","","","","AIHW (unpublished) National Housing Assistance Data Repository","no.","7","..","10","..","3","0","..","13","33",""
"18A.6","2021","Descriptive data","All ages","All people","All households","All areas","All households","State owned and managed Indigenous housing","2024-25 dollars","State owned and managed Indigenous housing","Rents for week of 30 June","","Total rents charged in real terms","","","","Derived from AIHW (unpublished) National Housing Assistance Data Repository; ABS Australian National Accounts: National Income Expenditure and Product","$'000","1199","..","601","..","243","42","..","963","3048",""
"18A.6","2021","Descriptive data","All ages","All people","All households","All areas","All households","State owned and managed Indigenous housing","2024-25 dollars","State owned and managed Indigenous housing","Rents for week of 30 June","","Total market rent value of all dwellings for which rent was charged in real terms","","","","Derived from AIHW (unpublished) National Housing Assistance Data Repository; ABS Australian National Accounts: National Income Expenditure and Product","$'000","1827","..","1051","..","448","78","..","1122","4524",""
"18A.6","2021","Descriptive data","All ages","All people","All households","Major cities","All households","State owned and managed Indigenous housing","","State owned and managed Indigenous housing","Dwellings by remoteness; at 30 June","","","","","","AIHW (unpublished) National Housing Assistance Data Repository","no.","2053","..","433","..","789","..","..","..","3275",""
"18A.6","2021","Descriptive data","All ages","All people","All households","Inner regional","All households","State owned and managed Indigenous housing","","State owned and managed Indigenous housing","Dwellings by remoteness; at 30 June","","","","","","AIHW (unpublished) National Housing Assistance Data Repository","no.","1430","..","587","..","103","189","..","..","2309",""
"18A.6","2021","Descriptive data","All ages","All people","All households","Outer regional","All households","State owned and managed Indigenous housing","","State owned and managed Indigenous housing","Dwellings by remoteness; at 30 June","","","","","","AIHW (unpublished) National Housing Assistance Data Repository","no.","769","..","1268","..","250","32","..","436","2755",""
"18A.6","2021","Descriptive data","All ages","All people","All households","Remote","All households","State owned and managed Indigenous housing","","State owned and managed Indigenous housing","Dwellings by remoteness; at 30 June","","","","","","AIHW (unpublished) National Housing Assistance Data Repository","no.","225","..","295","..","87","0","..","1143","1750",""
"18A.6","2021","Descriptive data","All ages","All people","All households","Very remote","All households","State owned and managed Indigenous housing","","State owned and managed Indigenous housing","Dwellings by remoteness; at 30 June","","","","","","AIHW (unpublished) National Housing Assistance Data Repository","no.","54","..","629","..","136","0","..","3802","4621",""
"18A.6","2020-21","Descriptive data","All ages","All people","All households","All areas","All households","State owned and managed Indigenous housing","","State owned and managed Indigenous housing","Households; at 30 June","New households assisted","","","","","AIHW (unpublished) National Housing Assistance Data Repository","no.","261","..","144","..","54","15","..","519","993",""
"18A.6","2020-21","Descriptive data","All ages","All people","All households","All areas","All households","State owned and managed Indigenous housing","","State owned and managed Indigenous housing","Households; at 30 June","Relocating from one State owned and managed Indigenous housing dwelling to another","","","","","AIHW (unpublished) National Housing Assistance Data Repository","no.","122","..","61","..","48","5","..","65","301",""
"18A.6","2020-21","Descriptive data","All ages","All people","All households","All areas","All households","State owned and managed Indigenous housing","2024-25 dollars","State owned and managed Indigenous housing","Households; at 30 June","Total rent charged in real terms","","","","","Derived from State and territory governments (unpublished); ABS Australian National Accounts: National Income Expenditure and Product","$'000","60558","..","31507","..","12428","1540","..","53526","159558",""
"18A.7","2025","Descriptive data","All ages","All people","Aboriginal and Torres Strait Islander households","All areas","All households","Community housing","","Community housing","Households; at 30 June","","","","","","AIHW (unpublished) National Housing Assistance Data Repository","no.","6174","1092","1833","1304","1211","603","36","330","12583",""
"18A.7","2025","Descriptive data","All ages","All people","All households","All areas","All households","Community housing","","Community housing","Applicants on waitlist at 30 June","New greatest need applicants","","","","","AIHW (unpublished) National Housing Assistance Data Repository","no.","na","401","31391","117","3530","33","382","0","35854",""
"18A.7","2025","Descriptive data","All ages","All people","All households","All areas","All households","Community housing","","Community housing","Applicants on waitlist at 30 June","Total (excluding applicants for transfer)","","","","","AIHW (unpublished) National Housing Assistance Data Repository","no.","na","1652","31496","171","13477","88","588","85","47557",""
"18A.7","2025","Descriptive data","All ages","All people","All households","All areas","All households","Community housing","","Community housing","Applicants on waitlist at 30 June","Applicants for transfer","","","","","AIHW (unpublished) National Housing Assistance Data Repository","no.","na","205","5776","227","0","0","17","0","6225",""
"18A.7","2025","Descriptive data","All ages","All people","All households","All areas","All households","Community housing","","Community housing","Dwellings; at 30 June","Tenantable","","","","","AIHW (unpublished) National Housing Assistance Data Repository","no.","49298","17914","12920","7362","12751","10258","1097","878","112478",""
"18A.7","2025","Descriptive data","All ages","All people","All households","All areas","All households","Community housing","","Community housing","Dwellings; at 30 June","Untenantable","","","","","AIHW (unpublished) National Housing Assistance Data Repository","no.","640","1196","238","249","259","172","126","28","2908",""
"18A.7","2025","Descriptive data","All ages","All people","All households","All areas","All households","Community housing","2024-25 dollars","Community housing","Total rents charged for week (at 30 June) in real terms; where both rent charged and household income are known","","","","","","Derived from AIHW (unpublished) National Housing Assistance Data Repository; ABS Australian National Accounts: National Income Expenditure and Product","$'000","8909","2796","1485","1012","2051","1390","113","91","17847",""
"18A.7","2025","Descriptive data","All ages","All people","All households","Major cities","All households","Community housing","","Community housing","Dwellings by remoteness; at 30 June","","","","","","AIHW (unpublished) National Housing Assistance Data Repository","no.","35287","15699","7429","6037","11265","..","1245","..","76963",""
"18A.7","2025","Descriptive data","All ages","All people","All households","Inner regional","All households","Community housing","","Community housing","Dwellings by remoteness; at 30 June","","","","","","AIHW (unpublished) National Housing Assistance Data Repository","no.","15047","3383","2893","636","616","6976","1","..","29552",""
"18A.7","2025","Descriptive data","All ages","All people","All households","Outer regional","All households","Community housing","","Community housing","Dwellings by remoteness; at 30 June","","","","","","AIHW (unpublished) National Housing Assistance Data Repository","no.","2037","542","2492","538","1029","3390","..","737","10765",""
"18A.7","2025","Descriptive data","All ages","All people","All households","Remote","All households","Community housing","","Community housing","Dwellings by remoteness; at 30 June","","","","","","AIHW (unpublished) National Housing Assistance Data Repository","no.","62","0","212","191","96","63","..","169","794",""
"18A.7","2025","Descriptive data","All ages","All people","All households","Very remote","All households","Community housing","","Community housing","Dwellings by remoteness; at 30 June","","","","","","AIHW (unpublished) National Housing Assistance Data Repository","no.","6","..","132","208","4","0","..","0","351",""
"18A.7","2025","Descriptive data","All ages","All people","All households","All areas","All households","Community housing","","Community housing","Providers; at 30 June","","","","","","AIHW (unpublished) National Housing Assistance Data Repository","no.","145","48","128","25","22","61","8","6","443",""
"18A.7","2024-25","Descriptive data","All ages","All people","All households","All areas","All households","Community housing","","Community housing","Households; at 30 June","New households assisted","","","","","AIHW (unpublished) National Housing Assistance Data Repository","no.","5870","3315","1853","1042","1178","1527","438","295","15518",""
"18A.7","2024-25","Descriptive data","All ages","All people","Aboriginal and Torres Strait Islander households","All areas","All households","Community housing","","Community housing","Households; at 30 June","New households assisted","","","","","AIHW (unpublished) National Housing Assistance Data Repository","no.","1200","241","647","224","253","112","30","113","2820",""
"18A.7","2024","Descriptive data","All ages","All people","Aboriginal and Torres Strait Islander households","All areas","All households","Community housing","","Community housing","Households; at 30 June","","","","","","AIHW (unpublished) National Housing Assistance Data Repository","no.","5868","752","1754","1334","1158","557","41","na","11464",""
"18A.7","2024-25","Descriptive data","All ages","All people","All households","All areas","All households","Community housing","2024-25 dollars","Community housing","Households; at 30 June","Total rent charged in real terms","","","","","Derived from AIHW (unpublished) National Housing Assistance Data Repository; ABS Australian National Accounts: National Income Expenditure and Product","$'000","na","na","na","na","na","na","na","na","na",""
"18A.7","2024","Descriptive data","All ages","All people","All households","All areas","All households","Community housing","","Community housing","Applicants on waitlist at 30 June","New greatest need applicants","","","","","AIHW (unpublished) National Housing Assistance Data Repository","no.","na","120","25011","122","3959","145","470","na","29827",""
"18A.7","2024","Descriptive data","All ages","All people","All households","All areas","All households","Community housing","","Community housing","Applicants on waitlist at 30 June","Total (excluding applicants for transfer)","","","","","AIHW (unpublished) National Housing Assistance Data Repository","no.","na","446","25223","130","13389","424","649","na","40261",""
"18A.7","2024","Descriptive data","All ages","All people","All households","All areas","All households","Community housing","","Community housing","Applicants on waitlist at 30 June","Applicants for transfer","","","","","AIHW (unpublished) National Housing Assistance Data Repository","no.","na","117","5264","259","0","9","26","na","5675",""
"18A.7","2024","Descriptive data","All ages","All people","All households","All areas","All households","Community housing","","Community housing","Dwellings; at 30 June","Tenantable","","","","","AIHW (unpublished) National Housing Assistance Data Repository","no.","48789","16867","11999","7883","12832","9979","1572","731","110652",""
"18A.7","2024","Descriptive data","All ages","All people","All households","All areas","All households","Community housing","","Community housing","Dwellings; at 30 June","Untenantable","","","","","AIHW (unpublished) National Housing Assistance Data Repository","no.","454","1276","548","129","216","160","164","0","2947",""
"18A.7","2024","Descriptive data","All ages","All people","All households","All areas","All households","Community housing","2024-25 dollars","Community housing","Total rents charged for week (at 30 June) in real terms; where both rent charged and household income are known","","","","","","Derived from AIHW (unpublished) National Housing Assistance Data Repository; ABS Australian National Accounts: National Income Expenditure and Product","$'000","8210","2774","1120","1061","2103","1389","266","34","16956",""
"18A.7","2024","Descriptive data","All ages","All people","All households","Major cities","All households","Community housing","","Community housing","Dwellings by remoteness; at 30 June","","","","","","AIHW (unpublished) National Housing Assistance Data Repository","no.","37199","14624","6930","6280","11306","..","1725","..","78065",""
"18A.7","2024","Descriptive data","All ages","All people","All households","Inner regional","All households","Community housing","","Community housing","Dwellings by remoteness; at 30 June","","","","","","AIHW (unpublished) National Housing Assistance Data Repository","no.","15104","3081","2847","745","617","6829","1","..","29224",""
"18A.7","2024","Descriptive data","All ages","All people","All households","Outer regional","All households","Community housing","","Community housing","Dwellings by remoteness; at 30 June","","","","","","AIHW (unpublished) National Housing Assistance Data Repository","no.","2040","486","2429","565","1041","3256","..","443","10261",""
"18A.7","2024","Descriptive data","All ages","All people","All households","Remote","All households","Community housing","","Community housing","Dwellings by remoteness; at 30 June","","","","","","AIHW (unpublished) National Housing Assistance Data Repository","no.","62","0","206","200","79","55","..","255","857",""
"18A.7","2024","Descriptive data","All ages","All people","All households","Very remote","All households","Community housing","","Community housing","Dwellings by remoteness; at 30 June","","","","","","AIHW (unpublished) National Housing Assistance Data Repository","no.","6","..","136","222","4","0","..","33","401",""
"18A.7","2024","Descriptive data","All ages","All people","All households","All areas","All households","Community housing","","Community housing","Providers; at 30 June","","","","","","AIHW (unpublished) National Housing Assistance Data Repository","no.","157","73","139","26","21","66","8","41","531",""
"18A.7","2023-24","Descriptive data","All ages","All people","All households","All areas","All households","Community housing","","Community housing","Households; at 30 June","New households assisted","","","","","AIHW (unpublished) National Housing Assistance Data Repository","no.","6729","3114","1850","1338","1161","1580","418","na","16190",""
"18A.7","2023-24","Descriptive data","All ages","All people","Aboriginal and Torres Strait Islander households","All areas","All households","Community housing","","Community housing","Households; at 30 June","New households assisted","","","","","AIHW (unpublished) National Housing Assistance Data Repository","no.","1266","210","630","289","231","89","26","na","2741",""
"18A.7","2023","Descriptive data","All ages","All people","Aboriginal and Torres Strait Islander households","All areas","All households","Community housing","","Community housing","Households; at 30 June","","","","","","AIHW (unpublished) National Housing Assistance Data Repository","no.","5818","927","1691","1236","1100","530","32","na","11334",""
"18A.7","2023-24","Descriptive data","All ages","All people","All households","All areas","All households","Community housing","2024-25 dollars","Community housing","Households; at 30 June","Total rent charged in real terms","","","","","Derived from AIHW (unpublished) National Housing Assistance Data Repository; ABS Australian National Accounts: National Income Expenditure and Product","$'000","478393","195667","130447","86158","156680","113160","14595","1378","1176478",""
"18A.7","2023","Descriptive data","All ages","All people","All households","All areas","All households","Community housing","","Community housing","Applicants on waitlist at 30 June","New greatest need applicants","","","","","AIHW (unpublished) National Housing Assistance Data Repository","no.","na","128","24882","15","3320","160","509","na","29014",""
"18A.7","2023","Descriptive data","All ages","All people","All households","All areas","All households","Community housing","","Community housing","Applicants on waitlist at 30 June","Total (excluding applicants for transfer)","","","","","AIHW (unpublished) National Housing Assistance Data Repository","no.","na","443","25364","51","13092","427","661","na","40038",""
"18A.7","2023","Descriptive data","All ages","All people","All households","All areas","All households","Community housing","","Community housing","Applicants on waitlist at 30 June","Applicants for transfer","","","","","AIHW (unpublished) National Housing Assistance Data Repository","no.","na","130","4894","177","0","0","34","na","5235",""
"18A.7","2023","Descriptive data","All ages","All people","All households","All areas","All households","Community housing","","Community housing","Dwellings; at 30 June","Tenantable","","","","","AIHW (unpublished) National Housing Assistance Data Repository","no.","49016","15311","11452","7847","12124","9565","1538","488","107341",""
"18A.7","2023","Descriptive data","All ages","All people","All households","All areas","All households","Community housing","","Community housing","Dwellings; at 30 June","Untenantable","","","","","AIHW (unpublished) National Housing Assistance Data Repository","no.","283","1052","213","131","183","150","157","0","2169",""
"18A.7","2023","Descriptive data","All ages","All people","All households","All areas","All households","Community housing","2024-25 dollars","Community housing","Total rents charged for week (at 30 June) in real terms; where both rent charged and household income are known","","","","","","Derived from AIHW (unpublished) National Housing Assistance Data Repository; ABS Australian National Accounts: National Income Expenditure and Product","$'000","8841","2115","1037","1040","1800","1317","295","37","16485",""
"18A.7","2023","Descriptive data","All ages","All people","All households","Major cities","All households","Community housing","","Community housing","Dwellings by remoteness; at 30 June","","","","","","AIHW (unpublished) National Housing Assistance Data Repository","no.","36754","13028","6528","6263","10671","..","1684","..","74928",""
"18A.7","2023","Descriptive data","All ages","All people","All households","Inner regional","All households","Community housing","","Community housing","Dwellings by remoteness; at 30 June","","","","","","AIHW (unpublished) National Housing Assistance Data Repository","no.","15049","2918","2582","726","579","6611","1","..","28467",""
"18A.7","2023","Descriptive data","All ages","All people","All households","Outer regional","All households","Community housing","","Community housing","Dwellings by remoteness; at 30 June","","","","","","AIHW (unpublished) National Housing Assistance Data Repository","no.","2042","417","2297","565","988","3049","..","194","9551",""
"18A.7","2023","Descriptive data","All ages","All people","All households","Remote","All households","Community housing","","Community housing","Dwellings by remoteness; at 30 June","","","","","","AIHW (unpublished) National Housing Assistance Data Repository","no.","62","0","175","201","91","55","..","257","841",""
"18A.7","2023","Descriptive data","All ages","All people","All households","Very remote","All households","Community housing","","Community housing","Dwellings by remoteness; at 30 June","","","","","","AIHW (unpublished) National Housing Assistance Data Repository","no.","6","..","83","223","4","0","..","37","353",""
"18A.7","2023","Descriptive data","All ages","All people","All households","All areas","All households","Community housing","","Community housing","Providers; at 30 June","","","","","","AIHW (unpublished) National Housing Assistance Data Repository","no.","140","71","118","27","23","64","9","40","492",""
"18A.7","2022-23","Descriptive data","All ages","All people","All households","All areas","All households","Community housing","","Community housing","Households; at 30 June","New households assisted","","","","","AIHW (unpublished) National Housing Assistance Data Repository","no.","6769","2653","1676","1174","1222","1303","405","na","15202",""
"18A.7","2022-23","Descriptive data","All ages","All people","Aboriginal and Torres Strait Islander households","All areas","All households","Community housing","","Community housing","Households; at 30 June","New households assisted","","","","","AIHW (unpublished) National Housing Assistance Data Repository","no.","1234","197","596","215","256","68","14","na","2580",""
"18A.7","2022","Descriptive data","All ages","All people","Aboriginal and Torres Strait Islander households","All areas","All households","Community housing","","Community housing","Households; at 30 June","","","","","","AIHW (unpublished) National Housing Assistance Data Repository","no.","5822","814","1893","1128","994","544","15","na","11210",""
"18A.7","2022-23","Descriptive data","All ages","All people","All households","All areas","All households","Community housing","2024-25 dollars","Community housing","Households; at 30 June","Total rent charged in real terms","","","","","Derived from AIHW (unpublished) National Housing Assistance Data Repository; ABS Australian National Accounts: National Income Expenditure and Product","$'000","486301","180738","113233","87782","151972","106271","15459","na","1141757",""
"18A.7","2022","Descriptive data","All ages","All people","All households","All areas","All households","Community housing","","Community housing","Applicants on waitlist at 30 June","New greatest need applicants","","","","","AIHW (unpublished) National Housing Assistance Data Repository","no.","na","147","23848","88","2977","218","404","na","27682",""
"18A.7","2022","Descriptive data","All ages","All people","All households","All areas","All households","Community housing","","Community housing","Applicants on waitlist at 30 June","Total (excluding applicants for transfer)","","","","","AIHW (unpublished) National Housing Assistance Data Repository","no.","na","345","27437","252","12912","406","557","na","41909",""
"18A.7","2022","Descriptive data","All ages","All people","All households","All areas","All households","Community housing","","Community housing","Applicants on waitlist at 30 June","Applicants for transfer","","","","","AIHW (unpublished) National Housing Assistance Data Repository","no.","na","40","5114","243","0","29","22","na","5448",""
"18A.7","2022","Descriptive data","All ages","All people","All households","All areas","All households","Community housing","","Community housing","Dwellings; at 30 June","Tenantable","","","","","AIHW (unpublished) National Housing Assistance Data Repository","no.","49889","15057","11336","6492","12145","9130","825","495","105369",""
"18A.7","2022","Descriptive data","All ages","All people","All households","All areas","All households","Community housing","","Community housing","Dwellings; at 30 June","Untenantable","","","","","AIHW (unpublished) National Housing Assistance Data Repository","no.","422","1101","188","79","285","137","133","0","2345",""
"18A.7","2022","Descriptive data","All ages","All people","All households","All areas","All households","Community housing","2024-25 dollars","Community housing","Total rents charged for week (at 30 June) in real terms; where both rent charged and household income are known","","","","","","Derived from AIHW (unpublished) National Housing Assistance Data Repository; ABS Australian National Accounts: National Income Expenditure and Product","$'000","9063","2116","1038","881","1825","1218","82","39","16259",""
"18A.7","2022","Descriptive data","All ages","All people","All households","Major cities","All households","Community housing","","Community housing","Dwellings by remoteness; at 30 June","","","","","","AIHW (unpublished) National Housing Assistance Data Repository","no.","36876","11718","6241","6020","10589","..","956","..","72401",""
"18A.7","2022","Descriptive data","All ages","All people","All households","Inner regional","All households","Community housing","","Community housing","Dwellings by remoteness; at 30 June","","","","","","AIHW (unpublished) National Housing Assistance Data Repository","no.","14571","2898","2485","684","772","6862","2","..","28275",""
"18A.7","2022","Descriptive data","All ages","All people","All households","Outer regional","All households","Community housing","","Community housing","Dwellings by remoteness; at 30 June","","","","","","AIHW (unpublished) National Housing Assistance Data Repository","no.","2783","369","2413","579","939","2099","..","193","9375",""
"18A.7","2022","Descriptive data","All ages","All people","All households","Remote","All households","Community housing","","Community housing","Dwellings by remoteness; at 30 June","","","","","","AIHW (unpublished) National Housing Assistance Data Repository","no.","52","7","213","207","92","37","..","266","874",""
"18A.7","2022","Descriptive data","All ages","All people","All households","Very remote","All households","Community housing","","Community housing","Dwellings by remoteness; at 30 June","","","","","","AIHW (unpublished) National Housing Assistance Data Repository","no.","6","..","148","228","4","0","..","36","422",""
"18A.7","2022","Descriptive data","All ages","All people","All households","All areas","All households","Community housing","","Community housing","Providers; at 30 June","","","","","","AIHW (unpublished) National Housing Assistance Data Repository","no.","141","75","137","31","26","64","7","39","520",""
"18A.7","2021-22","Descriptive data","All ages","All people","All households","All areas","All households","Community housing","","Community housing","Households; at 30 June","New households assisted","","","","","AIHW (unpublished) National Housing Assistance Data Repository","no.","6832","2589","1645","1012","1330","2453","191","na","16052",""
"18A.7","2021-22","Descriptive data","All ages","All people","Aboriginal and Torres Strait Islander households","All areas","All households","Community housing","","Community housing","Households; at 30 June","New households assisted","","","","","AIHW (unpublished) National Housing Assistance Data Repository","no.","1152","209","649","215","263","189","2","na","2679",""
"18A.7","2021","Descriptive data","All ages","All people","Aboriginal and Torres Strait Islander households","All areas","All households","Community housing","","Community housing","Households; at 30 June","","","","","","AIHW (unpublished) National Housing Assistance Data Repository","no.","5309","782","1773","1218","802","177","20","na","10081",""
"18A.7","2021-22","Descriptive data","All ages","All people","All households","All areas","All households","Community housing","2024-25 dollars","Community housing","Households; at 30 June","Total rent charged in real terms","","","","","Derived from AIHW (unpublished) National Housing Assistance Data Repository; ABS Australian National Accounts: National Income Expenditure and Product","$'000","370748","175966","113848","89617","142601","90951","7477","na","991209",""
"18A.7","2021","Descriptive data","All ages","All people","All households","All areas","All households","Community housing","","Community housing","Applicants on waitlist at 30 June","New greatest need applicants","","","","","AIHW (unpublished) National Housing Assistance Data Repository","no.","na","55","25775","105","1247","257","203","na","27642",""
"18A.7","2021","Descriptive data","All ages","All people","All households","All areas","All households","Community housing","","Community housing","Applicants on waitlist at 30 June","Total (excluding applicants for transfer)","","","","","AIHW (unpublished) National Housing Assistance Data Repository","no.","na","285","27933","458","11815","421","328","na","41240",""
"18A.7","2021","Descriptive data","All ages","All people","All households","All areas","All households","Community housing","","Community housing","Applicants on waitlist at 30 June","Applicants for transfer","","","","","AIHW (unpublished) National Housing Assistance Data Repository","no.","na","29","4790","260","0","0","24","na","5103",""
"18A.7","2021","Descriptive data","All ages","All people","All households","All areas","All households","Community housing","","Community housing","Dwellings; at 30 June","Tenantable","","","","","AIHW (unpublished) National Housing Assistance Data Repository","no.","48383","14199","11247","7915","12100","6954","843","478","102119",""
"18A.7","2021","Descriptive data","All ages","All people","All households","All areas","All households","Community housing","","Community housing","Dwellings; at 30 June","Untenantable","","","","","AIHW (unpublished) National Housing Assistance Data Repository","no.","480","797","192","82","287","65","127","0","2030",""
"18A.7","2021","Descriptive data","All ages","All people","All households","All areas","All households","Community housing","2024-25 dollars","Community housing","Total rents charged for week (at 30 June) in real terms; where both rent charged and household income are known","","","","","","Derived from AIHW (unpublished) National Housing Assistance Data Repository; ABS Australian National Accounts: National Income Expenditure and Product","$'000","8633","2041","924","1007","1849","889","84","40","15465",""
"18A.7","2021","Descriptive data","All ages","All people","All households","Major cities","All households","Community housing","","Community housing","Dwellings by remoteness; at 30 June","","","","","","AIHW (unpublished) National Housing Assistance Data Repository","no.","35764","10525","6211","6005","10556","..","968","..","70029",""
"18A.7","2021","Descriptive data","All ages","All people","All households","Inner regional","All households","Community housing","","Community housing","Dwellings by remoteness; at 30 June","","","","","","AIHW (unpublished) National Housing Assistance Data Repository","no.","14609","2783","2387","687","771","5343","2","..","26583",""
"18A.7","2021","Descriptive data","All ages","All people","All households","Outer regional","All households","Community housing","","Community housing","Dwellings by remoteness; at 30 June","","","","","","AIHW (unpublished) National Housing Assistance Data Repository","no.","2783","408","2459","629","934","1574","..","175","8962",""
"18A.7","2021","Descriptive data","All ages","All people","All households","Remote","All households","Community housing","","Community housing","Dwellings by remoteness; at 30 June","","","","","","AIHW (unpublished) National Housing Assistance Data Repository","no.","53","7","198","239","90","11","..","267","865",""
"18A.7","2021","Descriptive data","All ages","All people","All households","Very remote","All households","Community housing","","Community housing","Dwellings by remoteness; at 30 June","","","","","","AIHW (unpublished) National Housing Assistance Data Repository","no.","6","..","167","217","4","0","..","36","430",""
"18A.7","2021","Descriptive data","All ages","All people","All households","All areas","All households","Community housing","","Community housing","Providers; at 30 June","","","","","","AIHW (unpublished) National Housing Assistance Data Repository","no.","147","79","145","34","28","53","7","38","531",""
"18A.7","2020-21","Descriptive data","All ages","All people","All households","All areas","All households","Community housing","","Community housing","Households; at 30 June","New households assisted","","","","","AIHW (unpublished) National Housing Assistance Data Repository","no.","6613","1916","1738","1211","1367","671","200","na","13716",""
"18A.7","2020-21","Descriptive data","All ages","All people","Aboriginal and Torres Strait Islander households","All areas","All households","Community housing","","Community housing","Households; at 30 June","New households assisted","","","","","AIHW (unpublished) National Housing Assistance Data Repository","no.","1137","137","701","341","205","48","5","na","2574",""
"18A.7","2020-21","Descriptive data","All ages","All people","All households","All areas","All households","Community housing","2024-25 dollars","Community housing","Households; at 30 June","Total rent charged in real terms","","","","","Derived from AIHW (unpublished) National Housing Assistance Data Repository; ABS Australian National Accounts: National Income Expenditure and Product","$'000","419970","171338","110630","80536","139291","68228","7549","na","997542",""
"18A.8","2024-25","Survey response rates","All ages","All people","All households","All areas","All households","Community housing","","Community housing","Providers (less exemptions)","Survey","","","","","AIHW (unpublished) National Housing Assistance Data Repository","no.","145","48","128","25","22","61","8","6","",""
"18A.8","2024-25","Survey response rates","All ages","All people","All households","All areas","All households","Community housing","","Community housing","Respondents","Survey","","","","","AIHW (unpublished) National Housing Assistance Data Repository","no.","34","42","71","22","22","48","7","6","",""
"18A.8","2024-25","Survey response rates","All ages","All people","All households","All areas","All households","Community housing","","Community housing","Response rate","Survey","","","","","AIHW (unpublished) National Housing Assistance Data Repository","%","23.4","87.5","55.5","88.0","100.0","78.7","87.5","100.0","",""
"18A.8","2024-25","Survey response rates","All ages","All people","All households","All areas","All households","Community housing","","Community housing","Dwellings coverage","Survey","","","","","AIHW (unpublished) National Housing Assistance Data Repository","%","96.0","97.5","95.6","na","100.0","na","97.3","100.0","",""
"18A.8","2023-24","Survey response rates","All ages","All people","All households","All areas","All households","Community housing","","Community housing","Providers (less exemptions)","Survey","","","","","AIHW (unpublished) National Housing Assistance Data Repository","no.","157","73","139","26","21","66","8","41","",""
"18A.8","2023-24","Survey response rates","All ages","All people","All households","All areas","All households","Community housing","","Community housing","Respondents","Survey","","","","","AIHW (unpublished) National Housing Assistance Data Repository","no.","34","47","72","24","21","46","8","..","",""
"18A.8","2023-24","Survey response rates","All ages","All people","All households","All areas","All households","Community housing","","Community housing","Response rate","Survey","","","","","AIHW (unpublished) National Housing Assistance Data Repository","%","21.7","64.4","51.8","92.3","100.0","69.7","100.0","..","",""
"18A.8","2023-24","Survey response rates","All ages","All people","All households","All areas","All households","Community housing","","Community housing","Dwellings coverage","Survey","","","","","AIHW (unpublished) National Housing Assistance Data Repository","%","93.9","na","90.8","na","100.0","na","100.0","..","",""
"18A.8","2022-23","Survey response rates","All ages","All people","All households","All areas","All households","Community housing","","Community housing","Providers (less exemptions)","Survey","","","","","AIHW (unpublished) National Housing Assistance Data Repository","no.","140","71","118","27","23","64","9","40","",""
"18A.8","2022-23","Survey response rates","All ages","All people","All households","All areas","All households","Community housing","","Community housing","Respondents","Survey","","","","","AIHW (unpublished) National Housing Assistance Data Repository","no.","34","56","69","26","22","45","9","..","",""
"18A.8","2022-23","Survey response rates","All ages","All people","All households","All areas","All households","Community housing","","Community housing","Response rate","Survey","","","","","AIHW (unpublished) National Housing Assistance Data Repository","%","24.3","78.9","58.5","96.3","95.7","70.3","100.0","..","",""
"18A.8","2022-23","Survey response rates","All ages","All people","All households","All areas","All households","Community housing","","Community housing","Dwellings coverage","Survey","","","","","AIHW (unpublished) National Housing Assistance Data Repository","%","94.1","na","95.2","na","100.0","na","100.0","..","",""
"18A.8","2021-22","Survey response rates","All ages","All people","All households","All areas","All households","Community housing","","Community housing","Providers (less exemptions)","Survey","","","","","AIHW (unpublished) National Housing Assistance Data Repository","no.","141","75","137","31","26","64","7","39","",""
"18A.8","2021-22","Survey response rates","All ages","All people","All households","All areas","All households","Community housing","","Community housing","Respondents","Survey","","","","","AIHW (unpublished) National Housing Assistance Data Repository","no.","35","53","71","22","26","40","7","..","",""
"18A.8","2021-22","Survey response rates","All ages","All people","All households","All areas","All households","Community housing","","Community housing","Response rate","Survey","","","","","AIHW (unpublished) National Housing Assistance Data Repository","%","24.8","70.7","51.8","71.0","100.0","62.5","100.0","..","",""
"18A.8","2021-22","Survey response rates","All ages","All people","All households","All areas","All households","Community housing","","Community housing","Dwellings coverage","Survey","","","","","AIHW (unpublished) National Housing Assistance Data Repository","%","94.5","na","93.9","81.5","100.0","na","100.0","..","",""
"18A.8","2020-21","Survey response rates","All ages","All people","All households","All areas","All households","Community housing","","Community housing","Providers (less exemptions)","Survey","","","","","AIHW (unpublished) National Housing Assistance Data Repository","no.","147","79","145","34","28","53","7","38","",""
"18A.8","2020-21","Survey response rates","All ages","All people","All households","All areas","All households","Community housing","","Community housing","Respondents","Survey","","","","","AIHW (unpublished) National Housing Assistance Data Repository","no.","35","57","70","28","28","37","7","..","",""
"18A.8","2020-21","Survey response rates","All ages","All people","All households","All areas","All households","Community housing","","Community housing","Response rate","Survey","","","","","AIHW (unpublished) National Housing Assistance Data Repository","%","23.8","72.2","48.3","82.4","100.0","69.8","100.0","..","",""
"18A.8","2020-21","Survey response rates","All ages","All people","All households","All areas","All households","Community housing","","Community housing","Dwellings coverage","Survey","","","","","AIHW (unpublished) National Housing Assistance Data Repository","%","94.4","na","93.0","95.4","100.0","na","100.0","..","",""
"18A.9","2025","Descriptive data","All ages","All people","All households","All areas","All households","Indigenous community housing","","Funded Indigenous community housing organisations","Dwellings; at 30 June","","","","","","AIHW (unpublished) National Housing Assistance Data Repository","no.","5471","2146","5406","2687","688","96","..","1984","","18478"
"18A.9","2025","Descriptive data","All ages","All people","All households","All areas","All households","Indigenous community housing","","Funded and unfunded Indigenous community housing organisations","Dwellings; at 30 June","","","","","","AIHW (unpublished) National Housing Assistance Data Repository","no.","6663","2146","5406","2687","688","96","..","1984","","19670"
"18A.9","2025","Descriptive data","All ages","All people","All households","All areas","All households","Indigenous community housing","","Funded Indigenous community housing organisations","Households; at 30 June","","","","","","AIHW (unpublished) National Housing Assistance Data Repository","no.","3842","1850","7148","2378","637","95","..","1984","","17934"
"18A.9","2025","Descriptive data","All ages","All people","All households","All areas","All households","Indigenous community housing","","Funded Indigenous community housing organisations","Dwellings; at 30 June","Occupied","","","","","AIHW (unpublished) National Housing Assistance Data Repository","no.","3842","1827","5140","2378","637","90","..","na","","13914"
"18A.9","2025","Descriptive data","All ages","All people","All households","All areas","All households","Indigenous community housing","","Funded Indigenous community housing organisations","Households; at 30 June","Requiring two or more additional bedrooms","","","","","AIHW (unpublished) National Housing Assistance Data Repository","no.","92","46","382","122","98","na","..","na","","740"
"18A.9","2025","Descriptive data","All ages","All people","All households","All areas","All households","Indigenous community housing","","Funded Indigenous community housing organisations","Households; at 30 June","Requiring one or more additional bedrooms","","","","","AIHW (unpublished) National Housing Assistance Data Repository","no.","350","163","953","352","187","na","..","na","","2005"
"18A.9","2025","Descriptive data","All ages","All people","All households","All areas","All households","Indigenous community housing","","Funded Indigenous community housing organisations","Households; at 30 June","For which household groups and dwelling details were known","","","","","AIHW (unpublished) National Housing Assistance Data Repository","no.","3784","1692","3856","2378","633","na","..","na","","12343"
"18A.9","2025","Descriptive data","All ages","All people","All households","All areas","All households","Indigenous community housing","","Funded Indigenous community housing organisations","Dwellings; at 30 June","Additional bedrooms required","","","","","AIHW (unpublished) National Housing Assistance Data Repository","no.","475","229","1559","523","373","na","..","na","","3159"
"18A.9","2025","Descriptive data","All ages","All people","All households","All areas","All households","Indigenous community housing","","Funded Indigenous community housing organisations","Dwellings; at 30 June","Total bedrooms","","","","","AIHW (unpublished) National Housing Assistance Data Repository","no.","13414","5799","17109","8071","2056","239","..","na","","46688"
"18A.9","2025","Descriptive data","All ages","All people","All households","All areas","All households","Indigenous community housing","","Funded Indigenous community housing organisations","Dwellings; at 30 June","Total occupants","","","","","AIHW (unpublished) National Housing Assistance Data Repository","no.","9770","4319","18444","6255","2272","207","..","na","","41267"
"18A.9","2024","Descriptive data","All ages","All people","All households","All areas","All households","Indigenous community housing","","Funded Indigenous community housing organisations","Dwellings; at 30 June","","","","","","AIHW (unpublished) National Housing Assistance Data Repository","no.","5336","2060","5433","2683","696","96","..","1878","","18182"
"18A.9","2024","Descriptive data","All ages","All people","All households","All areas","All households","Indigenous community housing","","Funded and unfunded Indigenous community housing organisations","Dwellings; at 30 June","","","","","","AIHW (unpublished) National Housing Assistance Data Repository","no.","6539","2060","5433","2683","696","96","..","1878","","19385"
"18A.9","2024","Descriptive data","All ages","All people","All households","All areas","All households","Indigenous community housing","","Funded Indigenous community housing organisations","Households; at 30 June","","","","","","AIHW (unpublished) National Housing Assistance Data Repository","no.","3718","1778","7148","2327","628","102","..","1878","","17579"
"18A.9","2024-25","Descriptive data","All ages","All people","All households","All areas","All households","Indigenous community housing","2024-25 dollars","Funded Indigenous community housing organisations","Households; at 30 June","Total rent collected in real terms","","","","","Derived from AIHW (unpublished) National Housing Assistance Data Repository; ABS Australian National Accounts: National Income Expenditure and Product","$'000","49114","22787","33796","13625","3458","719","..","na","","123499"
"18A.9","2024-25","Descriptive data","All ages","All people","All households","All areas","All households","Indigenous community housing","2024-25 dollars","Funded Indigenous community housing organisations","Households; at 30 June","Total rent charged in real terms","","","","","Derived from AIHW (unpublished) National Housing Assistance Data Repository; ABS Australian National Accounts: National Income Expenditure and Product","$'000","52380","22924","33165","16791","3723","721","..","na","","129704"
"18A.9","2024-25","Descriptive data","All ages","All people","All households","All areas","All households","Indigenous community housing","2024-25 dollars","Funded Indigenous community housing organisations","","Expenditure","Real recurrent expenditure","","","","Derived from AIHW (unpublished) National Housing Assistance Data Repository; ABS Australian National Accounts: National Income Expenditure and Product","$'000","75257","27568","207943","52216","10231","1224","..","na","","374439"
"18A.9","2024-25","Descriptive data","All ages","All people","All households","All areas","All households","Indigenous community housing","2024-25 dollars","Funded Indigenous community housing organisations","","Expenditure","Real capital expenditure","","","","Derived from AIHW (unpublished) National Housing Assistance Data Repository; ABS Australian National Accounts: National Income Expenditure and Product","$'000","157406","23061","110514","23744","6014","2","..","na","","320740"
"18A.9","2024-25","Descriptive data","All ages","All people","All households","All areas","All households","Indigenous community housing","2024-25 dollars","Funded Indigenous community housing organisations","","Expenditure","Real net recurrent expenditure","","","","Derived from AIHW (unpublished) National Housing Assistance Data Repository; ABS Australian National Accounts: National Income Expenditure and Product","$'000","61835","23196","154946","52216","na","845","..","na","","293039"
"18A.9","2024","Descriptive data","All ages","All people","All households","All areas","All households","Indigenous community housing","","Funded Indigenous community housing organisations","Dwellings; at 30 June","Occupied","","","","","AIHW (unpublished) National Housing Assistance Data Repository","no.","3718","1755","5236","2327","628","94","..","na","","13758"
"18A.9","2024","Descriptive data","All ages","All people","All households","All areas","All households","Indigenous community housing","","Funded Indigenous community housing organisations","Households; at 30 June","Requiring two or more additional bedrooms","","","","","AIHW (unpublished) National Housing Assistance Data Repository","no.","91","51","389","110","101","na","..","na","","742"
"18A.9","2024","Descriptive data","All ages","All people","All households","All areas","All households","Indigenous community housing","","Funded Indigenous community housing organisations","Households; at 30 June","Requiring one or more additional bedrooms","","","","","AIHW (unpublished) National Housing Assistance Data Repository","no.","320","177","922","342","187","na","..","na","","1948"
"18A.9","2024","Descriptive data","All ages","All people","All households","All areas","All households","Indigenous community housing","","Funded Indigenous community housing organisations","Households; at 30 June","For which household groups and dwelling details were known","","","","","AIHW (unpublished) National Housing Assistance Data Repository","no.","3673","1708","3819","2327","622","na","..","na","","12149"
"18A.9","2024","Descriptive data","All ages","All people","All households","All areas","All households","Indigenous community housing","","Funded Indigenous community housing organisations","Dwellings; at 30 June","Additional bedrooms required","","","","","AIHW (unpublished) National Housing Assistance Data Repository","no.","452","250","1546","503","372","na","..","na","","3123"
"18A.9","2024","Descriptive data","All ages","All people","All households","All areas","All households","Indigenous community housing","","Funded Indigenous community housing organisations","Dwellings; at 30 June","Total bedrooms","","","","","AIHW (unpublished) National Housing Assistance Data Repository","no.","12328","5650","17211","8052","2079","240","..","na","","45560"
"18A.9","2024","Descriptive data","All ages","All people","All households","All areas","All households","Indigenous community housing","","Funded Indigenous community housing organisations","Dwellings; at 30 June","Total occupants","","","","","AIHW (unpublished) National Housing Assistance Data Repository","no.","9169","4220","18079","6148","2325","217","..","na","","40158"
"18A.9","2023","Descriptive data","All ages","All people","All households","All areas","All households","Indigenous community housing","","Funded Indigenous community housing organisations","Dwellings; at 30 June","","","","","","AIHW (unpublished) National Housing Assistance Data Repository","no.","4978","1763","5477","2692","683","96","..","1844","","17533"
"18A.9","2023","Descriptive data","All ages","All people","All households","All areas","All households","Indigenous community housing","","Funded and unfunded Indigenous community housing organisations","Dwellings; at 30 June","","","","","","AIHW (unpublished) National Housing Assistance Data Repository","no.","6485","1763","5477","2692","683","96","..","1844","","19040"
"18A.9","2023","Descriptive data","All ages","All people","All households","All areas","All households","Indigenous community housing","","Funded Indigenous community housing organisations","Households; at 30 June","","","","","","AIHW (unpublished) National Housing Assistance Data Repository","no.","3649","1717","6750","3836","637","97","..","1844","","18530"
"18A.9","2023-24","Descriptive data","All ages","All people","All households","All areas","All households","Indigenous community housing","2024-25 dollars","Funded Indigenous community housing organisations","Households; at 30 June","Total rent collected in real terms","","","","","Derived from AIHW (unpublished) National Housing Assistance Data Repository; ABS Australian National Accounts: National Income Expenditure and Product","$'000","43828","21239","32773","12188","3324","662","..","na","","114011"
"18A.9","2023-24","Descriptive data","All ages","All people","All households","All areas","All households","Indigenous community housing","2024-25 dollars","Funded Indigenous community housing organisations","Households; at 30 June","Total rent charged in real terms","","","","","Derived from AIHW (unpublished) National Housing Assistance Data Repository; ABS Australian National Accounts: National Income Expenditure and Product","$'000","46866","21664","33936","15786","3636","668","..","na","","122556"
"18A.9","2023-24","Descriptive data","All ages","All people","All households","All areas","All households","Indigenous community housing","2024-25 dollars","Funded Indigenous community housing organisations","","Expenditure","Real recurrent expenditure","","","","Derived from AIHW (unpublished) National Housing Assistance Data Repository; ABS Australian National Accounts: National Income Expenditure and Product","$'000","55645","23982","192692","54200","9500","1193","..","na","","337213"
"18A.9","2023-24","Descriptive data","All ages","All people","All households","All areas","All households","Indigenous community housing","2024-25 dollars","Funded Indigenous community housing organisations","","Expenditure","Real capital expenditure","","","","Derived from AIHW (unpublished) National Housing Assistance Data Repository; ABS Australian National Accounts: National Income Expenditure and Product","$'000","106733","16547","70785","17396","7927","3","..","na","","219392"
"18A.9","2023-24","Descriptive data","All ages","All people","All households","All areas","All households","Indigenous community housing","2024-25 dollars","Funded Indigenous community housing organisations","","Expenditure","Real net recurrent expenditure","","","","Derived from AIHW (unpublished) National Housing Assistance Data Repository; ABS Australian National Accounts: National Income Expenditure and Product","$'000","42988","19880","137013","54200","na","796","..","na","","254877"
"18A.9","2023","Descriptive data","All ages","All people","All households","All areas","All households","Indigenous community housing","","Funded Indigenous community housing organisations","Dwellings; at 30 June","Occupied","","","","","AIHW (unpublished) National Housing Assistance Data Repository","no.","3649","1705","5273","2343","637","95","..","na","","13702"
"18A.9","2023","Descriptive data","All ages","All people","All households","All areas","All households","Indigenous community housing","","Funded Indigenous community housing organisations","Households; at 30 June","Requiring two or more additional bedrooms","","","","","AIHW (unpublished) National Housing Assistance Data Repository","no.","73","56","353","109","104","na","..","na","","695"
"18A.9","2023","Descriptive data","All ages","All people","All households","All areas","All households","Indigenous community housing","","Funded Indigenous community housing organisations","Households; at 30 June","Requiring one or more additional bedrooms","","","","","AIHW (unpublished) National Housing Assistance Data Repository","no.","307","189","862","321","189","na","..","na","","1868"
"18A.9","2023","Descriptive data","All ages","All people","All households","All areas","All households","Indigenous community housing","","Funded Indigenous community housing organisations","Households; at 30 June","For which household groups and dwelling details were known","","","","","AIHW (unpublished) National Housing Assistance Data Repository","no.","3604","1665","3752","2322","632","na","..","na","","11975"
"18A.9","2023","Descriptive data","All ages","All people","All households","All areas","All households","Indigenous community housing","","Funded Indigenous community housing organisations","Dwellings; at 30 June","Additional bedrooms required","","","","","AIHW (unpublished) National Housing Assistance Data Repository","no.","401","261","1415","471","371","na","..","na","","2919"
"18A.9","2023","Descriptive data","All ages","All people","All households","All areas","All households","Indigenous community housing","","Funded Indigenous community housing organisations","Dwellings; at 30 June","Total bedrooms","","","","","AIHW (unpublished) National Housing Assistance Data Repository","no.","12047","4999","17380","8078","2027","237","..","na","","44768"
"18A.9","2023","Descriptive data","All ages","All people","All households","All areas","All households","Indigenous community housing","","Funded Indigenous community housing organisations","Dwellings; at 30 June","Total occupants","","","","","AIHW (unpublished) National Housing Assistance Data Repository","no.","8755","4161","12983","6216","2356","217","..","na","","34688"
"18A.9","2022","Descriptive data","All ages","All people","All households","All areas","All households","Indigenous community housing","","Funded Indigenous community housing organisations","Dwellings; at 30 June","","","","","","AIHW (unpublished) National Housing Assistance Data Repository","no.","3989","1864","5184","2698","681","96","..","1790","","16302"
"18A.9","2022","Descriptive data","All ages","All people","All households","All areas","All households","Indigenous community housing","","Funded and unfunded Indigenous community housing organisations","Dwellings; at 30 June","","","","","","AIHW (unpublished) National Housing Assistance Data Repository","no.","5504","1864","5184","2698","882","96","..","1790","","18018"
"18A.9","2022","Descriptive data","All ages","All people","All households","All areas","All households","Indigenous community housing","","Funded Indigenous community housing organisations","Households; at 30 June","","","","","","AIHW (unpublished) National Housing Assistance Data Repository","no.","2767","1802","6174","3014","638","96","..","1790","","16281"
"18A.9","2022-23","Descriptive data","All ages","All people","All households","All areas","All households","Indigenous community housing","2024-25 dollars","Funded Indigenous community housing organisations","Households; at 30 June","Total rent collected in real terms","","","","","Derived from AIHW (unpublished) National Housing Assistance Data Repository; ABS Australian National Accounts: National Income Expenditure and Product","$'000","40042","21282","25077","12933","3385","699","..","na","","103419"
"18A.9","2022-23","Descriptive data","All ages","All people","All households","All areas","All households","Indigenous community housing","2024-25 dollars","Funded Indigenous community housing organisations","Households; at 30 June","Total rent charged in real terms","","","","","Derived from AIHW (unpublished) National Housing Assistance Data Repository; ABS Australian National Accounts: National Income Expenditure and Product","$'000","43097","21382","26404","16365","3625","693","..","na","","111566"
"18A.9","2022-23","Descriptive data","All ages","All people","All households","All areas","All households","Indigenous community housing","2024-25 dollars","Funded Indigenous community housing organisations","","Expenditure","Real recurrent expenditure","","","","Derived from AIHW (unpublished) National Housing Assistance Data Repository; ABS Australian National Accounts: National Income Expenditure and Product","$'000","40602","22521","142933","57064","8851","878","..","na","","272850"
"18A.9","2022-23","Descriptive data","All ages","All people","All households","All areas","All households","Indigenous community housing","2024-25 dollars","Funded Indigenous community housing organisations","","Expenditure","Real capital expenditure","","","","Derived from AIHW (unpublished) National Housing Assistance Data Repository; ABS Australian National Accounts: National Income Expenditure and Product","$'000","82857","14884","69585","250","9615","31","..","na","","177224"
"18A.9","2022-23","Descriptive data","All ages","All people","All households","All areas","All households","Indigenous community housing","2024-25 dollars","Funded Indigenous community housing organisations","","Expenditure","Real net recurrent expenditure","","","","Derived from AIHW (unpublished) National Housing Assistance Data Repository; ABS Australian National Accounts: National Income Expenditure and Product","$'000","28879","18235","118055","57064","na","478","..","na","","222712"
"18A.9","2022","Descriptive data","All ages","All people","All households","All areas","All households","Indigenous community housing","","Funded Indigenous community housing organisations","Dwellings; at 30 June","Occupied","","","","","AIHW (unpublished) National Housing Assistance Data Repository","no.","2767","1780","5037","2357","638","94","..","na","","12673"
"18A.9","2022","Descriptive data","All ages","All people","All households","All areas","All households","Indigenous community housing","","Funded Indigenous community housing organisations","Households; at 30 June","Requiring two or more additional bedrooms","","","","","AIHW (unpublished) National Housing Assistance Data Repository","no.","52","3","319","50","98","na","..","na","","522"
"18A.9","2022","Descriptive data","All ages","All people","All households","All areas","All households","Indigenous community housing","","Funded Indigenous community housing organisations","Households; at 30 June","Requiring one or more additional bedrooms","","","","","AIHW (unpublished) National Housing Assistance Data Repository","no.","190","44","764","183","192","na","..","na","","1373"
"18A.9","2022","Descriptive data","All ages","All people","All households","All areas","All households","Indigenous community housing","","Funded Indigenous community housing organisations","Households; at 30 June","For which household groups and dwelling details were known","","","","","AIHW (unpublished) National Housing Assistance Data Repository","no.","2661","1171","3251","2037","632","na","..","na","","9752"
"18A.9","2022","Descriptive data","All ages","All people","All households","All areas","All households","Indigenous community housing","","Funded Indigenous community housing organisations","Dwellings; at 30 June","Additional bedrooms required","","","","","AIHW (unpublished) National Housing Assistance Data Repository","no.","259","47","1260","249","363","na","..","na","","2178"
"18A.9","2022","Descriptive data","All ages","All people","All households","All areas","All households","Indigenous community housing","","Funded Indigenous community housing organisations","Dwellings; at 30 June","Total bedrooms","","","","","AIHW (unpublished) National Housing Assistance Data Repository","no.","9188","5356","16711","8087","2011","237","..","na","","41590"
"18A.9","2022","Descriptive data","All ages","All people","All households","All areas","All households","Indigenous community housing","","Funded Indigenous community housing organisations","Dwellings; at 30 June","Total occupants","","","","","AIHW (unpublished) National Housing Assistance Data Repository","no.","6536","4432","11229","6395","2365","214","..","na","","31171"
"18A.9","2021","Descriptive data","All ages","All people","All households","All areas","All households","Indigenous community housing","","Funded Indigenous community housing organisations","Dwellings; at 30 June","","","","","","AIHW (unpublished) National Housing Assistance Data Repository","no.","3611","1694","5236","2699","681","90","..","1803","","15814"
"18A.9","2021","Descriptive data","All ages","All people","All households","All areas","All households","Indigenous community housing","","Funded and unfunded Indigenous community housing organisations","Dwellings; at 30 June","","","","","","AIHW (unpublished) National Housing Assistance Data Repository","no.","5035","1694","5236","2699","882","90","..","1803","","17439"
"18A.9","2021","Descriptive data","All ages","All people","All households","All areas","All households","Indigenous community housing","","Funded Indigenous community housing organisations","Households; at 30 June","","","","","","AIHW (unpublished) National Housing Assistance Data Repository","no.","2671","1640","6846","2905","632","91","..","1803","","16588"
"18A.9","2021-22","Descriptive data","All ages","All people","All households","All areas","All households","Indigenous community housing","2024-25 dollars","Funded Indigenous community housing organisations","Households; at 30 June","Total rent collected in real terms","","","","","Derived from AIHW (unpublished) National Housing Assistance Data Repository; ABS Australian National Accounts: National Income Expenditure and Product","$'000","28841","22284","22051","14167","3434","680","..","na","","91457"
"18A.9","2021-22","Descriptive data","All ages","All people","All households","All areas","All households","Indigenous community housing","2024-25 dollars","Funded Indigenous community housing organisations","Households; at 30 June","Total rent charged in real terms","","","","","Derived from AIHW (unpublished) National Housing Assistance Data Repository; ABS Australian National Accounts: National Income Expenditure and Product","$'000","30020","22338","22289","15769","3694","688","..","na","","94797"
"18A.9","2021-22","Descriptive data","All ages","All people","All households","All areas","All households","Indigenous community housing","2024-25 dollars","Funded Indigenous community housing organisations","","Expenditure","Real recurrent expenditure","","","","Derived from AIHW (unpublished) National Housing Assistance Data Repository; ABS Australian National Accounts: National Income Expenditure and Product","$'000","40219","23176","128968","40655","8800","727","..","na","","242547"
"18A.9","2021-22","Descriptive data","All ages","All people","All households","All areas","All households","Indigenous community housing","2024-25 dollars","Funded Indigenous community housing organisations","","Expenditure","Real capital expenditure","","","","Derived from AIHW (unpublished) National Housing Assistance Data Repository; ABS Australian National Accounts: National Income Expenditure and Product","$'000","82534","10339","54007","688","8901","143","..","na","","156611"
"18A.9","2021-22","Descriptive data","All ages","All people","All households","All areas","All households","Indigenous community housing","2024-25 dollars","Funded Indigenous community housing organisations","","Expenditure","Real net recurrent expenditure","","","","Derived from AIHW (unpublished) National Housing Assistance Data Repository; ABS Australian National Accounts: National Income Expenditure and Product","$'000","32164","18955","101719","40655","na","403","..","na","","193897"
"18A.9","2021","Descriptive data","All ages","All people","All households","All areas","All households","Indigenous community housing","","Funded Indigenous community housing organisations","Dwellings; at 30 June","Occupied","","","","","AIHW (unpublished) National Housing Assistance Data Repository","no.","2671","1640","4794","2360","632","89","..","na","","12186"
"18A.9","2021","Descriptive data","All ages","All people","All households","All areas","All households","Indigenous community housing","","Funded Indigenous community housing organisations","Households; at 30 June","Requiring two or more additional bedrooms","","","","","AIHW (unpublished) National Housing Assistance Data Repository","no.","63","2","356","36","98","na","..","na","","555"
"18A.9","2021","Descriptive data","All ages","All people","All households","All areas","All households","Indigenous community housing","","Funded Indigenous community housing organisations","Households; at 30 June","Requiring one or more additional bedrooms","","","","","AIHW (unpublished) National Housing Assistance Data Repository","no.","189","36","852","167","192","na","..","na","","1436"
"18A.9","2021","Descriptive data","All ages","All people","All households","All areas","All households","Indigenous community housing","","Funded Indigenous community housing organisations","Households; at 30 June","For which household groups and dwelling details were known","","","","","AIHW (unpublished) National Housing Assistance Data Repository","no.","2554","1031","3501","2007","624","na","..","na","","9717"
"18A.9","2021","Descriptive data","All ages","All people","All households","All areas","All households","Indigenous community housing","","Funded Indigenous community housing organisations","Dwellings; at 30 June","Additional bedrooms required","","","","","AIHW (unpublished) National Housing Assistance Data Repository","no.","283","38","1403","214","371","na","..","na","","2309"
"18A.9","2021","Descriptive data","All ages","All people","All households","All areas","All households","Indigenous community housing","","Funded Indigenous community housing organisations","Dwellings; at 30 June","Total bedrooms","","","","","AIHW (unpublished) National Housing Assistance Data Repository","no.","8747","4876","16853","8091","2007","222","..","na","","40796"
"18A.9","2021","Descriptive data","All ages","All people","All households","All areas","All households","Indigenous community housing","","Funded Indigenous community housing organisations","Dwellings; at 30 June","Total occupants","","","","","AIHW (unpublished) National Housing Assistance Data Repository","no.","6356","4033","15346","6431","2416","204","..","na","","34786"
"18A.9","2020-21","Descriptive data","All ages","All people","All households","All areas","All households","Indigenous community housing","2024-25 dollars","Funded Indigenous community housing organisations","Households; at 30 June","Total rent collected in real terms","","","","","Derived from AIHW (unpublished) National Housing Assistance Data Repository; ABS Australian National Accounts: National Income Expenditure and Product","$'000","23419","20623","24537","13841","3411","606","..","na","","86434"
"18A.9","2020-21","Descriptive data","All ages","All people","All households","All areas","All households","Indigenous community housing","2024-25 dollars","Funded Indigenous community housing organisations","Households; at 30 June","Total rent charged in real terms","","","","","Derived from AIHW (unpublished) National Housing Assistance Data Repository; ABS Australian National Accounts: National Income Expenditure and Product","$'000","25276","20339","25069","13533","3566","608","..","na","","88392"
"18A.9","2020-21","Descriptive data","All ages","All people","All households","All areas","All households","Indigenous community housing","2024-25 dollars","Funded Indigenous community housing organisations","","Expenditure","Real recurrent expenditure","","","","Derived from AIHW (unpublished) National Housing Assistance Data Repository; ABS Australian National Accounts: National Income Expenditure and Product","$'000","32875","21871","125324","33470","9504","1048","..","na","","224092"
"18A.9","2020-21","Descriptive data","All ages","All people","All households","All areas","All households","Indigenous community housing","2024-25 dollars","Funded Indigenous community housing organisations","","Expenditure","Real capital expenditure","","","","Derived from AIHW (unpublished) National Housing Assistance Data Repository; ABS Australian National Accounts: National Income Expenditure and Product","$'000","43814","7136","49511","40","6173","1054","..","na","","107727"
"18A.9","2020-21","Descriptive data","All ages","All people","All households","All areas","All households","Indigenous community housing","2024-25 dollars","Funded Indigenous community housing organisations","","Expenditure","Real net recurrent expenditure","","","","Derived from AIHW (unpublished) National Housing Assistance Data Repository; ABS Australian National Accounts: National Income Expenditure and Product","$'000","28557","17884","93832","33470","na","709","..","na","","174450"
"18A.10","2025","Occupancy rates","All ages","All people","All households","All areas","All households","Public housing","","Public housing","Dwellings; at 30 June","Occupancy rate","","","","","AIHW (unpublished) National Housing Assistance Data Repository","%","98.0","95.1","98.1","96.4","94.7","96.5","95.3","93.9","","96.7"
"18A.10","2024","Occupancy rates","All ages","All people","All households","All areas","All households","Public housing","","Public housing","Dwellings; at 30 June","Occupancy rate","","","","","AIHW (unpublished) National Housing Assistance Data Repository","%","97.2","95.6","98.4","96.6","94.4","96.8","94.2","96.3","","96.6"
"18A.10","2023","Occupancy rates","All ages","All people","All households","All areas","All households","Public housing","","Public housing","Dwellings; at 30 June","Occupancy rate","","","","","AIHW (unpublished) National Housing Assistance Data Repository","%","97.0","93.7","98.2","96.8","95.3","97.3","94.8","95.6","","96.2"
"18A.10","2022","Occupancy rates","All ages","All people","All households","All areas","All households","Public housing","","Public housing","Dwellings; at 30 June","Occupancy rate","","","","","AIHW (unpublished) National Housing Assistance Data Repository","%","97.4","94.8","98.2","96.4","96.0","98.0","95.9","95.4","","96.6"
"18A.10","2021","Occupancy rates","All ages","All people","All households","All areas","All households","Public housing","","Public housing","Dwellings; at 30 June","Occupancy rate","","","","","AIHW (unpublished) National Housing Assistance Data Repository","%","98.0","95.4","98.2","96.3","94.4","98.2","96.0","96.2","","96.8"
"18A.10","2020","Occupancy rates","All ages","All people","All households","All areas","All households","Public housing","","Public housing","Dwellings; at 30 June","Occupancy rate","","","","","AIHW (unpublished) National Housing Assistance Data Repository","%","97.8","96.1","98.1","96.5","94.9","98.7","96.6","95.7","","97.0"
"18A.10","2019","Occupancy rates","All ages","All people","All households","All areas","All households","Public housing","","Public housing","Dwellings; at 30 June","Occupancy rate","","","","","AIHW (unpublished) National Housing Assistance Data Repository","%","98.1","96.4","98.0","95.5","95.2","98.7","96.1","98.9","","97.1"
"18A.10","2018","Occupancy rates","All ages","All people","All households","All areas","All households","Public housing","","Public housing","Dwellings; at 30 June","Occupancy rate","","","","","AIHW (unpublished) National Housing Assistance Data Repository","%","98.1","96.8","97.7","95.9","95.0","97.9","95.0","98.8","","97.1"
"18A.10","2017","Occupancy rates","All ages","All people","All households","All areas","All households","Public housing","","Public housing","Dwellings; at 30 June","Occupancy rate","","","","","AIHW (unpublished) National Housing Assistance Data Repository","%","98.1","97.7","97.7","94.9","94.5","97.4","96.2","94.7","","97.1"
"18A.10","2016","Occupancy rates","All ages","All people","All households","All areas","All households","Public housing","","Public housing","Dwellings; at 30 June","Occupancy rate","","","","","AIHW (unpublished) National Housing Assistance Data Repository","%","98.6","98.1","97.9","96.0","95.0","98.2","97.2","94.5","","97.6"
"18A.11","2025","Occupancy rates","All ages","All people","All households","All areas","All households","State owned and managed Indigenous housing","","State owned and managed Indigenous housing","Dwellings; at 30 June","Occupancy rate","","","","","AIHW (unpublished) National Housing Assistance Data Repository","%","96.8","..","98.0","..","94.3","99.4","..","87.2","93.6",""
"18A.11","2024","Occupancy rates","All ages","All people","All households","All areas","All households","State owned and managed Indigenous housing","","State owned and managed Indigenous housing","Dwellings; at 30 June","Occupancy rate","","","","","AIHW (unpublished) National Housing Assistance Data Repository","%","96.7","..","98.1","..","93.6","97.5","..","87.3","93.4",""
"18A.11","2023","Occupancy rates","All ages","All people","All households","All areas","All households","State owned and managed Indigenous housing","","State owned and managed Indigenous housing","Dwellings; at 30 June","Occupancy rate","","","","","AIHW (unpublished) National Housing Assistance Data Repository","%","96.9","..","98.4","..","95.7","97.6","..","87.2","93.2",""
"18A.11","2022","Occupancy rates","All ages","All people","All households","All areas","All households","State owned and managed Indigenous housing","","State owned and managed Indigenous housing","Dwellings; at 30 June","Occupancy rate","","","","","AIHW (unpublished) National Housing Assistance Data Repository","%","97.1","..","98.5","..","96.5","98.2","..","90.2","94.7",""
"18A.11","2021","Occupancy rates","All ages","All people","All households","All areas","All households","State owned and managed Indigenous housing","","State owned and managed Indigenous housing","Dwellings; at 30 June","Occupancy rate","","","","","AIHW (unpublished) National Housing Assistance Data Repository","%","96.8","..","98.6","..","94.9","98.2","..","91.2","95.0",""
"18A.11","2020","Occupancy rates","All ages","All people","All households","All areas","All households","State owned and managed Indigenous housing","","State owned and managed Indigenous housing","Dwellings; at 30 June","Occupancy rate","","","","","AIHW (unpublished) National Housing Assistance Data Repository","%","96.2","..","98.1","..","93.9","100.0","..","91.1","94.7",""
"18A.11","2019","Occupancy rates","All ages","All people","All households","All areas","All households","State owned and managed Indigenous housing","","State owned and managed Indigenous housing","Dwellings; at 30 June","Occupancy rate","","","","","AIHW (unpublished) National Housing Assistance Data Repository","%","96.7","..","97.7","..","94.5","100.0","..","98.3","97.3",""
"18A.11","2018","Occupancy rates","All ages","All people","All households","All areas","All households","State owned and managed Indigenous housing","","State owned and managed Indigenous housing","Dwellings; at 30 June","Occupancy rate","","","","","AIHW (unpublished) National Housing Assistance Data Repository","%","96.8","..","97.2","..","94.7","96.8","..","96.6","96.6",""
"18A.11","2017","Occupancy rates","All ages","All people","All households","All areas","All households","State owned and managed Indigenous housing","","State owned and managed Indigenous housing","Dwellings; at 30 June","Occupancy rate","","","","","AIHW (unpublished) National Housing Assistance Data Repository","%","97.0","..","97.7","..","94.3","99.1","..","na","96.8",""
"18A.11","2016","Occupancy rates","All ages","All people","All households","All areas","All households","State owned and managed Indigenous housing","","State owned and managed Indigenous housing","Dwellings; at 30 June","Occupancy rate","","","","","AIHW (unpublished) National Housing Assistance Data Repository","%","97.7","..","96.7","..","96.1","99.1","..","na","97.1",""
"18A.12","2025","Occupancy rates","All ages","All people","All households","All areas","All households","Community housing","","Community housing","Dwellings; at 30 June","Occupancy rate","","","","","AIHW (unpublished) National Housing Assistance Data Repository","%","97.3","91.3","96.8","92.9","97.0","96.1","79.4","95.9","95.6",""
"18A.12","2024","Occupancy rates","All ages","All people","All households","All areas","All households","Community housing","","Community housing","Dwellings; at 30 June","Occupancy rate","","","","","AIHW (unpublished) National Housing Assistance Data Repository","%","96.9","88.4","93.3","93.6","97.3","96.7","83.2","98.4","94.8",""
"18A.12","2023","Occupancy rates","All ages","All people","All households","All areas","All households","Community housing","","Community housing","Dwellings; at 30 June","Occupancy rate","","","","","AIHW (unpublished) National Housing Assistance Data Repository","%","98.0","91.2","93.9","93.9","97.1","96.7","86.4","97.1","95.9",""
"18A.12","2022","Occupancy rates","All ages","All people","All households","All areas","All households","Community housing","","Community housing","Dwellings; at 30 June","Occupancy rate","","","","","AIHW (unpublished) National Housing Assistance Data Repository","%","97.7","90.1","90.6","95.5","96.6","96.9","76.9","94.5","95.3",""
"18A.12","2021","Occupancy rates","All ages","All people","All households","All areas","All households","Community housing","","Community housing","Dwellings; at 30 June","Occupancy rate","","","","","AIHW (unpublished) National Housing Assistance Data Repository","%","97.3","91.7","89.9","94.4","96.3","94.9","80.0","94.8","95.0",""
"18A.13","2025","Occupancy rates","All ages","All people","All households","All areas","All households","Indigenous community housing","","Indigenous community housing","Dwellings; at 30 June","Occupancy rate","","","","","AIHW (unpublished) National Housing Assistance Data Repository","%","90.5","92.0","95.1","88.5","92.6","93.8","..","na","","92.1"
"18A.13","2024","Occupancy rates","All ages","All people","All households","All areas","All households","Indigenous community housing","","Indigenous community housing","Dwellings; at 30 June","Occupancy rate","","","","","AIHW (unpublished) National Housing Assistance Data Repository","%","95.1","94.6","97.2","86.7","90.2","97.9","..","na","","94.1"
"18A.13","2023","Occupancy rates","All ages","All people","All households","All areas","All households","Indigenous community housing","","Indigenous community housing","Dwellings; at 30 June","Occupancy rate","","","","","AIHW (unpublished) National Housing Assistance Data Repository","%","95.5","96.7","96.3","87.0","93.3","99.0","..","na","","94.3"
"18A.13","2022","Occupancy rates","All ages","All people","All households","All areas","All households","Indigenous community housing","","Indigenous community housing","Dwellings; at 30 June","Occupancy rate","","","","","AIHW (unpublished) National Housing Assistance Data Repository","%","94.7","95.5","97.2","87.4","93.7","97.9","..","na","","94.3"
"18A.13","2021","Occupancy rates","All ages","All people","All households","All areas","All households","Indigenous community housing","","Indigenous community housing","Dwellings; at 30 June","Occupancy rate","","","","","AIHW (unpublished) National Housing Assistance Data Repository","%","95.8","96.8","91.6","87.4","92.8","98.9","..","na","","92.4"
"18A.14","2024-25","Average turnaround times for vacant stock","All ages","All people","All households","All areas","All households","Public housing","","Public housing","","Average turnaround times for vacant stock","","","","","AIHW (unpublished) National Housing Assistance Data Repository","days","28.4","33.8","33.3","93.0","na","40.9","42.5","140.0","","na"
"18A.14","2023-24","Average turnaround times for vacant stock","All ages","All people","All households","All areas","All households","Public housing","","Public housing","","Average turnaround times for vacant stock","","","","","AIHW (unpublished) National Housing Assistance Data Repository","days","27.6","48.3","31.9","80.6","na","33.9","41.7","146.5","","na"
"18A.14","2022-23","Average turnaround times for vacant stock","All ages","All people","All households","All areas","All households","Public housing","","Public housing","","Average turnaround times for vacant stock","","","","","AIHW (unpublished) National Housing Assistance Data Repository","days","34.7","38.6","36.0","84.7","na","32.7","34.5","163.0","","na"
"18A.14","2021-22","Average turnaround times for vacant stock","All ages","All people","All households","All areas","All households","Public housing","","Public housing","","Average turnaround times for vacant stock","","","","","AIHW (unpublished) National Housing Assistance Data Repository","days","34.5","44.4","35.8","74.1","na","33.4","89.3","122.9","","na"
"18A.14","2020-21","Average turnaround times for vacant stock","All ages","All people","All households","All areas","All households","Public housing","","Public housing","","Average turnaround times for vacant stock","","","","","AIHW (unpublished) National Housing Assistance Data Repository","days","32.7","35.0","34.8","36.8","na","26.6","49.9","120.1","","na"
"18A.15","2024-25","Average turnaround times for vacant stock","All ages","All people","All households","All areas","All households","State owned and managed Indigenous housing","","State owned and managed Indigenous housing","","Average turnaround times for vacant stock","","","","","AIHW (unpublished) National Housing Assistance Data Repository","days","27.7","..","41.3","..","na","43.8","..","np","na",""
"18A.15","2023-24","Average turnaround times for vacant stock","All ages","All people","All households","All areas","All households","State owned and managed Indigenous housing","","State owned and managed Indigenous housing","","Average turnaround times for vacant stock","","","","","AIHW (unpublished) National Housing Assistance Data Repository","days","30.5","..","30.4","..","na","56.7","..","np","na",""
"18A.15","2022-23","Average turnaround times for vacant stock","All ages","All people","All households","All areas","All households","State owned and managed Indigenous housing","","State owned and managed Indigenous housing","","Average turnaround times for vacant stock","","","","","AIHW (unpublished) National Housing Assistance Data Repository","days","35.0","..","39.1","..","na","37.5","..","np","na",""
"18A.15","2021-22","Average turnaround times for vacant stock","All ages","All people","All households","All areas","All households","State owned and managed Indigenous housing","","State owned and managed Indigenous housing","","Average turnaround times for vacant stock","","","","","AIHW (unpublished) National Housing Assistance Data Repository","days","56.1","..","34.7","..","na","30.5","..","np","na",""
"18A.15","2020-21","Average turnaround times for vacant stock","All ages","All people","All households","All areas","All households","State owned and managed Indigenous housing","","State owned and managed Indigenous housing","","Average turnaround times for vacant stock","","","","","AIHW (unpublished) National Housing Assistance Data Repository","days","52.6","..","35.6","..","na","31.2","..","np","na",""
"18A.16","2024-25","New allocations by greatest need status and time waited - public housing","All ages","All people","All households","All areas","All households","Public housing","","Public housing","Newly allocated households","Greatest need households","Proportion","< 3 months","","","AIHW (unpublished) National Housing Assistance Data Repository","%","47.6","25.7","12.4","15.2","32.0","3.8","52.9","4.2","","29.0"
"18A.16","2024-25","New allocations by greatest need status and time waited - public housing","All ages","All people","All households","All areas","All households","Public housing","","Public housing","Newly allocated households","Non-greatest need households","Proportion","< 3 months","","","AIHW (unpublished) National Housing Assistance Data Repository","%","23.4","36.0","0","12.5","19.7","np","13.5","23.2","","21.8"
"18A.16","2024-25","New allocations by greatest need status and time waited - public housing","All ages","All people","All households","All areas","All households","Public housing","","Public housing","Newly allocated households","All households","Proportion","< 3 months","","","AIHW (unpublished) National Housing Assistance Data Repository","%","43.4","27.6","12.4","14.4","30.3","3.8","50.7","13.7","","27.9"
"18A.16","2024-25","New allocations by greatest need status and time waited - public housing","All ages","All people","All households","All areas","All households","Public housing","","Public housing","Newly allocated households","Greatest need households","Number","< 3 months","","","AIHW (unpublished) National Housing Assistance Data Repository","no.","1886","526","391","272","491","10","328","4","","3908"
"18A.16","2024-25","New allocations by greatest need status and time waited - public housing","All ages","All people","All households","All areas","All households","Public housing","","Public housing","Newly allocated households","Non-greatest need households","Number","< 3 months","","","AIHW (unpublished) National Housing Assistance Data Repository","no.","194","167","0","96","49","np","5","22","","533"
"18A.16","2024-25","New allocations by greatest need status and time waited - public housing","All ages","All people","All households","All areas","All households","Public housing","","Public housing","Newly allocated households","All households","Number","< 3 months","","","AIHW (unpublished) National Housing Assistance Data Repository","no.","2080","693","391","368","540","10","333","26","","4441"
"18A.16","2024-25","New allocations by greatest need status and time waited - public housing","All ages","All people","All households","All areas","All households","Public housing","","Public housing","Newly allocated households","Greatest need households","Proportion","3 months to < 6 months","","","AIHW (unpublished) National Housing Assistance Data Repository","%","17.2","12.3","11.0","5.6","17.2","8.0","9.0","3.2","","12.8"
"18A.16","2024-25","New allocations by greatest need status and time waited - public housing","All ages","All people","All households","All areas","All households","Public housing","","Public housing","Newly allocated households","Non-greatest need households","Proportion","3 months to < 6 months","","","AIHW (unpublished) National Housing Assistance Data Repository","%","12.9","8.0","0","3.5","8.8","np","27.0","7.4","","8.6"
"18A.16","2024-25","New allocations by greatest need status and time waited - public housing","All ages","All people","All households","All areas","All households","Public housing","","Public housing","Newly allocated households","All households","Proportion","3 months to < 6 months","","","AIHW (unpublished) National Housing Assistance Data Repository","%","16.5","11.5","11.0","5.0","16.0","8.0","10.0","5.3","","12.2"
"18A.16","2024-25","New allocations by greatest need status and time waited - public housing","All ages","All people","All households","All areas","All households","Public housing","","Public housing","Newly allocated households","Greatest need households","Number","3 months to < 6 months","","","AIHW (unpublished) National Housing Assistance Data Repository","no.","683","252","347","100","264","21","56","3","","1726"
"18A.16","2024-25","New allocations by greatest need status and time waited - public housing","All ages","All people","All households","All areas","All households","Public housing","","Public housing","Newly allocated households","Non-greatest need households","Number","3 months to < 6 months","","","AIHW (unpublished) National Housing Assistance Data Repository","no.","107","37","0","27","22","np","10","7","","210"
"18A.16","2024-25","New allocations by greatest need status and time waited - public housing","All ages","All people","All households","All areas","All households","Public housing","","Public housing","Newly allocated households","All households","Number","3 months to < 6 months","","","AIHW (unpublished) National Housing Assistance Data Repository","no.","790","289","347","127","286","21","66","10","","1936"
"18A.16","2024-25","New allocations by greatest need status and time waited - public housing","All ages","All people","All households","All areas","All households","Public housing","","Public housing","Newly allocated households","Greatest need households","Proportion","6 months to < 1 year","","","AIHW (unpublished) National Housing Assistance Data Repository","%","17.3","14.5","16.6","16.4","27.9","15.2","10.3","10.5","","17.4"
"18A.16","2024-25","New allocations by greatest need status and time waited - public housing","All ages","All people","All households","All areas","All households","Public housing","","Public housing","Newly allocated households","Non-greatest need households","Proportion","6 months to < 1 year","","","AIHW (unpublished) National Housing Assistance Data Repository","%","12.7","11.4","0","6.4","11.2","np","21.6","4.2","","10.1"
"18A.16","2024-25","New allocations by greatest need status and time waited - public housing","All ages","All people","All households","All areas","All households","Public housing","","Public housing","Newly allocated households","All households","Proportion","6 months to < 1 year","","","AIHW (unpublished) National Housing Assistance Data Repository","%","16.5","13.9","16.6","13.4","25.5","15.2","11.0","7.4","","16.3"
"18A.16","2024-25","New allocations by greatest need status and time waited - public housing","All ages","All people","All households","All areas","All households","Public housing","","Public housing","Newly allocated households","Greatest need households","Number","6 months to < 1 year","","","AIHW (unpublished) National Housing Assistance Data Repository","no.","686","296","526","294","428","40","64","10","","2344"
"18A.16","2024-25","New allocations by greatest need status and time waited - public housing","All ages","All people","All households","All areas","All households","Public housing","","Public housing","Newly allocated households","Non-greatest need households","Number","6 months to < 1 year","","","AIHW (unpublished) National Housing Assistance Data Repository","no.","105","53","0","49","28","np","8","4","","247"
"18A.16","2024-25","New allocations by greatest need status and time waited - public housing","All ages","All people","All households","All areas","All households","Public housing","","Public housing","Newly allocated households","All households","Number","6 months to < 1 year","","","AIHW (unpublished) National Housing Assistance Data Repository","no.","791","349","526","343","456","40","72","14","","2591"
"18A.16","2024-25","New allocations by greatest need status and time waited - public housing","All ages","All people","All households","All areas","All households","Public housing","","Public housing","Newly allocated households","Greatest need households","Proportion","1 year to < 2 years","","","AIHW (unpublished) National Housing Assistance Data Repository","%","11.3","14.2","22.1","31.2","18.4","36.9","6.1","15.8","","18.0"
"18A.16","2024-25","New allocations by greatest need status and time waited - public housing","All ages","All people","All households","All areas","All households","Public housing","","Public housing","Newly allocated households","Non-greatest need households","Proportion","1 year to < 2 years","","","AIHW (unpublished) National Housing Assistance Data Repository","%","13.0","20.5","0","14.0","13.7","np","21.6","5.3","","14.6"
"18A.16","2024-25","New allocations by greatest need status and time waited - public housing","All ages","All people","All households","All areas","All households","Public housing","","Public housing","Newly allocated households","All households","Proportion","1 year to < 2 years","","","AIHW (unpublished) National Housing Assistance Data Repository","%","11.6","15.4","22.1","26.0","17.7","36.9","7.0","10.5","","17.5"
"18A.16","2024-25","New allocations by greatest need status and time waited - public housing","All ages","All people","All households","All areas","All households","Public housing","","Public housing","Newly allocated households","Greatest need households","Number","1 year to < 2 years","","","AIHW (unpublished) National Housing Assistance Data Repository","no.","446","290","700","558","282","97","38","15","","2426"
"18A.16","2024-25","New allocations by greatest need status and time waited - public housing","All ages","All people","All households","All areas","All households","Public housing","","Public housing","Newly allocated households","Non-greatest need households","Number","1 year to < 2 years","","","AIHW (unpublished) National Housing Assistance Data Repository","no.","108","95","0","108","34","np","8","5","","358"
"18A.16","2024-25","New allocations by greatest need status and time waited - public housing","All ages","All people","All households","All areas","All households","Public housing","","Public housing","Newly allocated households","All households","Number","1 year to < 2 years","","","AIHW (unpublished) National Housing Assistance Data Repository","no.","554","385","700","666","316","97","46","20","","2784"
"18A.16","2024-25","New allocations by greatest need status and time waited - public housing","All ages","All people","All households","All areas","All households","Public housing","","Public housing","Newly allocated households","Greatest need households","Proportion","2+ years","","","AIHW (unpublished) National Housing Assistance Data Repository","%","6.6","33.2","37.9","31.6","4.6","36.1","21.6","66.3","","22.8"
"18A.16","2024-25","New allocations by greatest need status and time waited - public housing","All ages","All people","All households","All areas","All households","Public housing","","Public housing","Newly allocated households","Non-greatest need households","Proportion","2+ years","","","AIHW (unpublished) National Housing Assistance Data Repository","%","38.0","24.1","0","63.6","46.6","np","16.2","60.0","","44.8"
"18A.16","2024-25","New allocations by greatest need status and time waited - public housing","All ages","All people","All households","All areas","All households","Public housing","","Public housing","Newly allocated households","All households","Proportion","2+ years","","","AIHW (unpublished) National Housing Assistance Data Repository","%","12.1","31.6","37.9","41.2","10.5","36.1","21.3","63.2","","26.2"
"18A.16","2024-25","New allocations by greatest need status and time waited - public housing","All ages","All people","All households","All areas","All households","Public housing","","Public housing","Newly allocated households","Greatest need households","Number","2+ years","","","AIHW (unpublished) National Housing Assistance Data Repository","no.","263","679","1197","565","71","95","134","63","","3067"
"18A.16","2024-25","New allocations by greatest need status and time waited - public housing","All ages","All people","All households","All areas","All households","Public housing","","Public housing","Newly allocated households","Non-greatest need households","Number","2+ years","","","AIHW (unpublished) National Housing Assistance Data Repository","no.","315","112","0","490","116","np","6","57","","1096"
"18A.16","2024-25","New allocations by greatest need status and time waited - public housing","All ages","All people","All households","All areas","All households","Public housing","","Public housing","Newly allocated households","All households","Number","2+ years","","","AIHW (unpublished) National Housing Assistance Data Repository","no.","578","791","1197","1055","187","95","140","120","","4163"
"18A.16","2024-25","New allocations by greatest need status and time waited - public housing","All ages","All people","All households","All areas","All households","Public housing","","Public housing","Newly allocated households","Greatest need households","Number","Total","","","AIHW (unpublished) National Housing Assistance Data Repository","no.","3964","2043","3161","1789","1536","263","620","95","","13471"
"18A.16","2024-25","New allocations by greatest need status and time waited - public housing","All ages","All people","All households","All areas","All households","Public housing","","Public housing","Newly allocated households","Non-greatest need households","Number","Total","","","AIHW (unpublished) National Housing Assistance Data Repository","no.","829","464","0","770","249","np","37","95","","2445"
"18A.16","2024-25","New allocations by greatest need status and time waited - public housing","All ages","All people","All households","All areas","All households","Public housing","","Public housing","Newly allocated households","All households","Number","Total","","","AIHW (unpublished) National Housing Assistance Data Repository","no.","4793","2507","3161","2559","1785","263","657","190","","15915"
"18A.16","2024-25","New allocations by greatest need status and time waited - public housing","All ages","All people","All households","All areas","All households","Public housing","","Public housing","Newly allocated households","Greatest need households","Proportion","Greatest need allocations as a proportion of all allocations","","","AIHW (unpublished) National Housing Assistance Data Repository","%","82.7","81.5","100.0","69.9","86.1","100.0","94.4","50.0","","84.6"
"18A.16","2023-24","New allocations by greatest need status and time waited - public housing","All ages","All people","All households","All areas","All households","Public housing","","Public housing","Newly allocated households","Greatest need households","Proportion","< 3 months","","","AIHW (unpublished) National Housing Assistance Data Repository","%","51.4","25.5","15.3","13.2","35.3","2.6","36.2","7.1","","29.5"
"18A.16","2023-24","New allocations by greatest need status and time waited - public housing","All ages","All people","All households","All areas","All households","Public housing","","Public housing","Newly allocated households","Non-greatest need households","Proportion","< 3 months","","","AIHW (unpublished) National Housing Assistance Data Repository","%","23.4","23.0","88.9","11.5","26.1","np","25.0","21.3","","19.2"
"18A.16","2023-24","New allocations by greatest need status and time waited - public housing","All ages","All people","All households","All areas","All households","Public housing","","Public housing","Newly allocated households","All households","Proportion","< 3 months","","","AIHW (unpublished) National Housing Assistance Data Repository","%","46.7","25.4","15.5","12.7","34.4","2.6","36.0","11.9","","28.2"
"18A.16","2023-24","New allocations by greatest need status and time waited - public housing","All ages","All people","All households","All areas","All households","Public housing","","Public housing","Newly allocated households","Greatest need households","Number","< 3 months","","","AIHW (unpublished) National Housing Assistance Data Repository","no.","2151","828","487","238","387","8","168","15","","4282"
"18A.16","2023-24","New allocations by greatest need status and time waited - public housing","All ages","All people","All households","All areas","All households","Public housing","","Public housing","Newly allocated households","Non-greatest need households","Number","< 3 months","","","AIHW (unpublished) National Housing Assistance Data Repository","no.","196","49","8","91","31","np","2","23","","400"
"18A.16","2023-24","New allocations by greatest need status and time waited - public housing","All ages","All people","All households","All areas","All households","Public housing","","Public housing","Newly allocated households","All households","Number","< 3 months","","","AIHW (unpublished) National Housing Assistance Data Repository","no.","2347","877","495","329","418","8","170","38","","4682"
"18A.16","2023-24","New allocations by greatest need status and time waited - public housing","All ages","All people","All households","All areas","All households","Public housing","","Public housing","Newly allocated households","Greatest need households","Proportion","3 months to < 6 months","","","AIHW (unpublished) National Housing Assistance Data Repository","%","17.7","10.5","11.8","9.5","18.1","8.3","9.9","4.3","","13.1"
"18A.16","2023-24","New allocations by greatest need status and time waited - public housing","All ages","All people","All households","All areas","All households","Public housing","","Public housing","Newly allocated households","Non-greatest need households","Proportion","3 months to < 6 months","","","AIHW (unpublished) National Housing Assistance Data Repository","%","10.0","3.8","0","6.1","12.6","np","25.0","6.5","","7.9"
"18A.16","2023-24","New allocations by greatest need status and time waited - public housing","All ages","All people","All households","All areas","All households","Public housing","","Public housing","Newly allocated households","All households","Proportion","3 months to < 6 months","","","AIHW (unpublished) National Housing Assistance Data Repository","%","16.4","10.1","11.7","8.4","17.5","8.3","10.2","5.0","","12.5"
"18A.16","2023-24","New allocations by greatest need status and time waited - public housing","All ages","All people","All households","All areas","All households","Public housing","","Public housing","Newly allocated households","Greatest need households","Number","3 months to < 6 months","","","AIHW (unpublished) National Housing Assistance Data Repository","no.","739","341","375","171","198","25","46","9","","1904"
"18A.16","2023-24","New allocations by greatest need status and time waited - public housing","All ages","All people","All households","All areas","All households","Public housing","","Public housing","Newly allocated households","Non-greatest need households","Number","3 months to < 6 months","","","AIHW (unpublished) National Housing Assistance Data Repository","no.","84","8","0","48","15","np","2","7","","164"
"18A.16","2023-24","New allocations by greatest need status and time waited - public housing","All ages","All people","All households","All areas","All households","Public housing","","Public housing","Newly allocated households","All households","Number","3 months to < 6 months","","","AIHW (unpublished) National Housing Assistance Data Repository","no.","823","349","375","219","213","25","48","16","","2068"
"18A.16","2023-24","New allocations by greatest need status and time waited - public housing","All ages","All people","All households","All areas","All households","Public housing","","Public housing","Newly allocated households","Greatest need households","Proportion","6 months to < 1 year","","","AIHW (unpublished) National Housing Assistance Data Repository","%","15.5","10.0","16.5","18.8","25.4","10.2","14.9","3.8","","15.3"
"18A.16","2023-24","New allocations by greatest need status and time waited - public housing","All ages","All people","All households","All areas","All households","Public housing","","Public housing","Newly allocated households","Non-greatest need households","Proportion","6 months to < 1 year","","","AIHW (unpublished) National Housing Assistance Data Repository","%","14.5","22.5","0","7.8","15.1","np","12.5","12.0","","12.6"
"18A.16","2023-24","New allocations by greatest need status and time waited - public housing","All ages","All people","All households","All areas","All households","Public housing","","Public housing","Newly allocated households","All households","Proportion","6 months to < 1 year","","","AIHW (unpublished) National Housing Assistance Data Repository","%","15.3","10.8","16.4","15.4","24.4","10.2","14.8","6.6","","15.0"
"18A.16","2023-24","New allocations by greatest need status and time waited - public housing","All ages","All people","All households","All areas","All households","Public housing","","Public housing","Newly allocated households","Greatest need households","Number","6 months to < 1 year","","","AIHW (unpublished) National Housing Assistance Data Repository","no.","649","324","524","339","278","31","69","8","","2222"
"18A.16","2023-24","New allocations by greatest need status and time waited - public housing","All ages","All people","All households","All areas","All households","Public housing","","Public housing","Newly allocated households","Non-greatest need households","Number","6 months to < 1 year","","","AIHW (unpublished) National Housing Assistance Data Repository","no.","122","48","0","62","18","np","1","13","","264"
"18A.16","2023-24","New allocations by greatest need status and time waited - public housing","All ages","All people","All households","All areas","All households","Public housing","","Public housing","Newly allocated households","All households","Number","6 months to < 1 year","","","AIHW (unpublished) National Housing Assistance Data Repository","no.","771","372","524","401","296","31","70","21","","2486"
"18A.16","2023-24","New allocations by greatest need status and time waited - public housing","All ages","All people","All households","All areas","All households","Public housing","","Public housing","Newly allocated households","Greatest need households","Proportion","1 year to < 2 years","","","AIHW (unpublished) National Housing Assistance Data Repository","%","9.0","12.2","21.8","30.0","18.3","32.3","9.5","20.0","","16.5"
"18A.16","2023-24","New allocations by greatest need status and time waited - public housing","All ages","All people","All households","All areas","All households","Public housing","","Public housing","Newly allocated households","Non-greatest need households","Proportion","1 year to < 2 years","","","AIHW (unpublished) National Housing Assistance Data Repository","%","11.7","23.0","0","12.5","13.4","np","12.5","9.3","","13.1"
"18A.16","2023-24","New allocations by greatest need status and time waited - public housing","All ages","All people","All households","All areas","All households","Public housing","","Public housing","Newly allocated households","All households","Proportion","1 year to < 2 years","","","AIHW (unpublished) National Housing Assistance Data Repository","%","9.5","12.9","21.8","24.7","17.8","32.3","9.5","16.4","","16.1"
"18A.16","2023-24","New allocations by greatest need status and time waited - public housing","All ages","All people","All households","All areas","All households","Public housing","","Public housing","Newly allocated households","Greatest need households","Number","1 year to < 2 years","","","AIHW (unpublished) National Housing Assistance Data Repository","no.","378","396","695","543","200","98","44","42","","2396"
"18A.16","2023-24","New allocations by greatest need status and time waited - public housing","All ages","All people","All households","All areas","All households","Public housing","","Public housing","Newly allocated households","Non-greatest need households","Number","1 year to < 2 years","","","AIHW (unpublished) National Housing Assistance Data Repository","no.","98","49","0","99","16","np","1","10","","273"
"18A.16","2023-24","New allocations by greatest need status and time waited - public housing","All ages","All people","All households","All areas","All households","Public housing","","Public housing","Newly allocated households","All households","Number","1 year to < 2 years","","","AIHW (unpublished) National Housing Assistance Data Repository","no.","476","445","695","642","216","98","45","52","","2669"
"18A.16","2023-24","New allocations by greatest need status and time waited - public housing","All ages","All people","All households","All areas","All households","Public housing","","Public housing","Newly allocated households","Greatest need households","Proportion","2+ years","","","AIHW (unpublished) National Housing Assistance Data Repository","%","6.4","41.8","34.7","28.6","2.9","46.5","29.5","64.8","","25.5"
"18A.16","2023-24","New allocations by greatest need status and time waited - public housing","All ages","All people","All households","All areas","All households","Public housing","","Public housing","Newly allocated households","Non-greatest need households","Proportion","2+ years","","","AIHW (unpublished) National Housing Assistance Data Repository","%","40.4","27.7","11.1","62.1","32.8","np","25.0","50.9","","47.3"
"18A.16","2023-24","New allocations by greatest need status and time waited - public housing","All ages","All people","All households","All areas","All households","Public housing","","Public housing","Newly allocated households","All households","Proportion","2+ years","","","AIHW (unpublished) National Housing Assistance Data Repository","%","12.1","40.9","34.6","38.8","5.8","46.5","29.4","60.1","","28.2"
"18A.16","2023-24","New allocations by greatest need status and time waited - public housing","All ages","All people","All households","All areas","All households","Public housing","","Public housing","Newly allocated households","Greatest need households","Number","2+ years","","","AIHW (unpublished) National Housing Assistance Data Repository","no.","269","1357","1104","516","32","141","137","136","","3692"
"18A.16","2023-24","New allocations by greatest need status and time waited - public housing","All ages","All people","All households","All areas","All households","Public housing","","Public housing","Newly allocated households","Non-greatest need households","Number","2+ years","","","AIHW (unpublished) National Housing Assistance Data Repository","no.","339","59","1","492","39","np","2","55","","987"
"18A.16","2023-24","New allocations by greatest need status and time waited - public housing","All ages","All people","All households","All areas","All households","Public housing","","Public housing","Newly allocated households","All households","Number","2+ years","","","AIHW (unpublished) National Housing Assistance Data Repository","no.","608","1416","1105","1008","71","141","139","191","","4679"
"18A.16","2023-24","New allocations by greatest need status and time waited - public housing","All ages","All people","All households","All areas","All households","Public housing","","Public housing","Newly allocated households","Greatest need households","Number","Total","","","AIHW (unpublished) National Housing Assistance Data Repository","no.","4186","3246","3185","1807","1095","303","464","210","","14496"
"18A.16","2023-24","New allocations by greatest need status and time waited - public housing","All ages","All people","All households","All areas","All households","Public housing","","Public housing","Newly allocated households","Non-greatest need households","Number","Total","","","AIHW (unpublished) National Housing Assistance Data Repository","no.","839","213","9","792","119","np","8","108","","2088"
"18A.16","2023-24","New allocations by greatest need status and time waited - public housing","All ages","All people","All households","All areas","All households","Public housing","","Public housing","Newly allocated households","All households","Number","Total","","","AIHW (unpublished) National Housing Assistance Data Repository","no.","5025","3459","3194","2599","1214","303","472","318","","16584"
"18A.16","2023-24","New allocations by greatest need status and time waited - public housing","All ages","All people","All households","All areas","All households","Public housing","","Public housing","Newly allocated households","Greatest need households","Proportion","Greatest need allocations as a proportion of all allocations","","","AIHW (unpublished) National Housing Assistance Data Repository","%","83.3","93.8","99.7","69.5","90.2","100.0","98.3","66.0","","87.4"
"18A.17","2022-23","Greatest need allocations","All ages","All people","All households","All areas","All households","Public housing","","Public housing","Newly allocated households","","","Greatest need allocations as a proportion of all allocations","","","AIHW (unpublished) National Housing Assistance Data Repository","%","74.3","94.0","99.7","67.4","83.6","96.9","98.6","56.8","","82.9"
"18A.17","2021-22","Greatest need allocations","All ages","All people","All households","All areas","All households","Public housing","","Public housing","Newly allocated households","","","Greatest need allocations as a proportion of all allocations","","","AIHW (unpublished) National Housing Assistance Data Repository","%","73.2","93.1","99.3","64.7","85.8","98.7","99.2","63.4","","83.0"
"18A.17","2020-21","Greatest need allocations","All ages","All people","All households","All areas","All households","Public housing","","Public housing","Newly allocated households","","","Greatest need allocations as a proportion of all allocations","","","AIHW (unpublished) National Housing Assistance Data Repository","%","67.9","92.3","98.3","66.8","88.9","97.4","98.3","48.3","","81.1"
"18A.17","2019-20","Greatest need allocations","All ages","All people","All households","All areas","All households","Public housing","","Public housing","Newly allocated households","","","Greatest need allocations as a proportion of all allocations","","","AIHW (unpublished) National Housing Assistance Data Repository","%","58.7","91.7","96.1","58.8","85.1","98.7","98.6","58.4","","77.1"
"18A.18","2024-25","New allocations by greatest need status and time waited - SOMIH","All ages","All people","All households","All areas","All households","State owned and managed Indigenous housing","","State owned and managed Indigenous housing","Newly allocated households","Greatest need households","Proportion","< 3 months","","","AIHW (unpublished) National Housing Assistance Data Repository","%","40.6","..","10.5","..","32.8","na","..","na","29.0",""
"18A.18","2024-25","New allocations by greatest need status and time waited - SOMIH","All ages","All people","All households","All areas","All households","State owned and managed Indigenous housing","","State owned and managed Indigenous housing","Newly allocated households","Non-greatest need households","Proportion","< 3 months","","","AIHW (unpublished) National Housing Assistance Data Repository","%","11.6","..","0","..","0","na","..","na","11.1",""
"18A.18","2024-25","New allocations by greatest need status and time waited - SOMIH","All ages","All people","All households","All areas","All households","State owned and managed Indigenous housing","","State owned and managed Indigenous housing","Newly allocated households","All households","Proportion","< 3 months","","","AIHW (unpublished) National Housing Assistance Data Repository","%","33.3","..","10.5","..","31.3","np","..","36.5","30.9",""
"18A.18","2024-25","New allocations by greatest need status and time waited - SOMIH","All ages","All people","All households","All areas","All households","State owned and managed Indigenous housing","","State owned and managed Indigenous housing","Newly allocated households","Greatest need households","Number","< 3 months","","","AIHW (unpublished) National Housing Assistance Data Repository","no.","84","..","15","..","20","na","..","na","119",""
"18A.18","2024-25","New allocations by greatest need status and time waited - SOMIH","All ages","All people","All households","All areas","All households","State owned and managed Indigenous housing","","State owned and managed Indigenous housing","Newly allocated households","Non-greatest need households","Number","< 3 months","","","AIHW (unpublished) National Housing Assistance Data Repository","no.","8","..","0","..","0","na","..","na","8",""
"18A.18","2024-25","New allocations by greatest need status and time waited - SOMIH","All ages","All people","All households","All areas","All households","State owned and managed Indigenous housing","","State owned and managed Indigenous housing","Newly allocated households","All households","Number","< 3 months","","","AIHW (unpublished) National Housing Assistance Data Repository","no.","92","..","15","..","20","np","..","143","270",""
"18A.18","2024-25","New allocations by greatest need status and time waited - SOMIH","All ages","All people","All households","All areas","All households","State owned and managed Indigenous housing","","State owned and managed Indigenous housing","Newly allocated households","Greatest need households","Proportion","3 months to < 6 months","","","AIHW (unpublished) National Housing Assistance Data Repository","%","20.8","..","12.6","..","16.4","na","..","na","17.3",""
"18A.18","2024-25","New allocations by greatest need status and time waited - SOMIH","All ages","All people","All households","All areas","All households","State owned and managed Indigenous housing","","State owned and managed Indigenous housing","Newly allocated households","Non-greatest need households","Proportion","3 months to < 6 months","","","AIHW (unpublished) National Housing Assistance Data Repository","%","5.8","..","0","..","33.3","na","..","na","6.9",""
"18A.18","2024-25","New allocations by greatest need status and time waited - SOMIH","All ages","All people","All households","All areas","All households","State owned and managed Indigenous housing","","State owned and managed Indigenous housing","Newly allocated households","All households","Proportion","3 months to < 6 months","","","AIHW (unpublished) National Housing Assistance Data Repository","%","17.0","..","12.6","..","17.2","np","..","6.1","11.4",""
"18A.18","2024-25","New allocations by greatest need status and time waited - SOMIH","All ages","All people","All households","All areas","All households","State owned and managed Indigenous housing","","State owned and managed Indigenous housing","Newly allocated households","Greatest need households","Number","3 months to < 6 months","","","AIHW (unpublished) National Housing Assistance Data Repository","no.","43","..","18","..","10","na","..","na","71",""
"18A.18","2024-25","New allocations by greatest need status and time waited - SOMIH","All ages","All people","All households","All areas","All households","State owned and managed Indigenous housing","","State owned and managed Indigenous housing","Newly allocated households","Non-greatest need households","Number","3 months to < 6 months","","","AIHW (unpublished) National Housing Assistance Data Repository","no.","4","..","0","..","1","na","..","na","5",""
"18A.18","2024-25","New allocations by greatest need status and time waited - SOMIH","All ages","All people","All households","All areas","All households","State owned and managed Indigenous housing","","State owned and managed Indigenous housing","Newly allocated households","All households","Number","3 months to < 6 months","","","AIHW (unpublished) National Housing Assistance Data Repository","no.","47","..","18","..","11","np","..","24","100",""
"18A.18","2024-25","New allocations by greatest need status and time waited - SOMIH","All ages","All people","All households","All areas","All households","State owned and managed Indigenous housing","","State owned and managed Indigenous housing","Newly allocated households","Greatest need households","Proportion","6 months to < 1 year","","","AIHW (unpublished) National Housing Assistance Data Repository","%","17.4","..","17.5","..","23.0","na","..","na","18.2",""
"18A.18","2024-25","New allocations by greatest need status and time waited - SOMIH","All ages","All people","All households","All areas","All households","State owned and managed Indigenous housing","","State owned and managed Indigenous housing","Newly allocated households","Non-greatest need households","Proportion","6 months to < 1 year","","","AIHW (unpublished) National Housing Assistance Data Repository","%","17.4","..","0","..","0","na","..","na","16.7",""
"18A.18","2024-25","New allocations by greatest need status and time waited - SOMIH","All ages","All people","All households","All areas","All households","State owned and managed Indigenous housing","","State owned and managed Indigenous housing","Newly allocated households","All households","Proportion","6 months to < 1 year","","","AIHW (unpublished) National Housing Assistance Data Repository","%","17.4","..","17.5","..","21.9","np","..","5.4","12.3",""
"18A.18","2024-25","New allocations by greatest need status and time waited - SOMIH","All ages","All people","All households","All areas","All households","State owned and managed Indigenous housing","","State owned and managed Indigenous housing","Newly allocated households","Greatest need households","Number","6 months to < 1 year","","","AIHW (unpublished) National Housing Assistance Data Repository","no.","36","..","25","..","14","na","..","na","75",""
"18A.18","2024-25","New allocations by greatest need status and time waited - SOMIH","All ages","All people","All households","All areas","All households","State owned and managed Indigenous housing","","State owned and managed Indigenous housing","Newly allocated households","Non-greatest need households","Number","6 months to < 1 year","","","AIHW (unpublished) National Housing Assistance Data Repository","no.","12","..","0","..","0","na","..","na","12",""
"18A.18","2024-25","New allocations by greatest need status and time waited - SOMIH","All ages","All people","All households","All areas","All households","State owned and managed Indigenous housing","","State owned and managed Indigenous housing","Newly allocated households","All households","Number","6 months to < 1 year","","","AIHW (unpublished) National Housing Assistance Data Repository","no.","48","..","25","..","14","np","..","21","108",""
"18A.18","2024-25","New allocations by greatest need status and time waited - SOMIH","All ages","All people","All households","All areas","All households","State owned and managed Indigenous housing","","State owned and managed Indigenous housing","Newly allocated households","Greatest need households","Proportion","1 year to < 2 years","","","AIHW (unpublished) National Housing Assistance Data Repository","%","16.9","..","23.1","..","26.2","na","..","na","20.4",""
"18A.18","2024-25","New allocations by greatest need status and time waited - SOMIH","All ages","All people","All households","All areas","All households","State owned and managed Indigenous housing","","State owned and managed Indigenous housing","Newly allocated households","Non-greatest need households","Proportion","1 year to < 2 years","","","AIHW (unpublished) National Housing Assistance Data Repository","%","18.8","..","0","..","33.3","na","..","na","19.4",""
"18A.18","2024-25","New allocations by greatest need status and time waited - SOMIH","All ages","All people","All households","All areas","All households","State owned and managed Indigenous housing","","State owned and managed Indigenous housing","Newly allocated households","All households","Proportion","1 year to < 2 years","","","AIHW (unpublished) National Housing Assistance Data Repository","%","17.4","..","23.1","..","26.6","np","..","9.4","15.4",""
"18A.18","2024-25","New allocations by greatest need status and time waited - SOMIH","All ages","All people","All households","All areas","All households","State owned and managed Indigenous housing","","State owned and managed Indigenous housing","Newly allocated households","Greatest need households","Number","1 year to < 2 years","","","AIHW (unpublished) National Housing Assistance Data Repository","no.","35","..","33","..","16","na","..","na","84",""
"18A.18","2024-25","New allocations by greatest need status and time waited - SOMIH","All ages","All people","All households","All areas","All households","State owned and managed Indigenous housing","","State owned and managed Indigenous housing","Newly allocated households","Non-greatest need households","Number","1 year to < 2 years","","","AIHW (unpublished) National Housing Assistance Data Repository","no.","13","..","0","..","1","na","..","na","14",""
"18A.18","2024-25","New allocations by greatest need status and time waited - SOMIH","All ages","All people","All households","All areas","All households","State owned and managed Indigenous housing","","State owned and managed Indigenous housing","Newly allocated households","All households","Number","1 year to < 2 years","","","AIHW (unpublished) National Housing Assistance Data Repository","no.","48","..","33","..","17","np","..","37","135",""
"18A.18","2024-25","New allocations by greatest need status and time waited - SOMIH","All ages","All people","All households","All areas","All households","State owned and managed Indigenous housing","","State owned and managed Indigenous housing","Newly allocated households","Greatest need households","Proportion","2+ years","","","AIHW (unpublished) National Housing Assistance Data Repository","%","4.3","..","36.4","..","1.6","na","..","na","15.1",""
"18A.18","2024-25","New allocations by greatest need status and time waited - SOMIH","All ages","All people","All households","All areas","All households","State owned and managed Indigenous housing","","State owned and managed Indigenous housing","Newly allocated households","Non-greatest need households","Proportion","2+ years","","","AIHW (unpublished) National Housing Assistance Data Repository","%","46.4","..","0","..","33.3","na","..","na","45.8",""
"18A.18","2024-25","New allocations by greatest need status and time waited - SOMIH","All ages","All people","All households","All areas","All households","State owned and managed Indigenous housing","","State owned and managed Indigenous housing","Newly allocated households","All households","Proportion","2+ years","","","AIHW (unpublished) National Housing Assistance Data Repository","%","14.9","..","36.4","..","3.1","np","..","42.6","29.9",""
"18A.18","2024-25","New allocations by greatest need status and time waited - SOMIH","All ages","All people","All households","All areas","All households","State owned and managed Indigenous housing","","State owned and managed Indigenous housing","Newly allocated households","Greatest need households","Number","2+ years","","","AIHW (unpublished) National Housing Assistance Data Repository","no.","9","..","52","..","1","na","..","na","62",""
"18A.18","2024-25","New allocations by greatest need status and time waited - SOMIH","All ages","All people","All households","All areas","All households","State owned and managed Indigenous housing","","State owned and managed Indigenous housing","Newly allocated households","Non-greatest need households","Number","2+ years","","","AIHW (unpublished) National Housing Assistance Data Repository","no.","32","..","0","..","1","na","..","na","33",""
"18A.18","2024-25","New allocations by greatest need status and time waited - SOMIH","All ages","All people","All households","All areas","All households","State owned and managed Indigenous housing","","State owned and managed Indigenous housing","Newly allocated households","All households","Number","2+ years","","","AIHW (unpublished) National Housing Assistance Data Repository","no.","41","..","52","..","2","np","..","167","262",""
"18A.18","2024-25","New allocations by greatest need status and time waited - SOMIH","All ages","All people","All households","All areas","All households","State owned and managed Indigenous housing","","State owned and managed Indigenous housing","Newly allocated households","Greatest need households","Number","Total","","","AIHW (unpublished) National Housing Assistance Data Repository","no.","207","..","143","..","61","na","..","na","411",""
"18A.18","2024-25","New allocations by greatest need status and time waited - SOMIH","All ages","All people","All households","All areas","All households","State owned and managed Indigenous housing","","State owned and managed Indigenous housing","Newly allocated households","Non-greatest need households","Number","Total","","","AIHW (unpublished) National Housing Assistance Data Repository","no.","69","..","0","..","3","na","..","na","72",""
"18A.18","2024-25","New allocations by greatest need status and time waited - SOMIH","All ages","All people","All households","All areas","All households","State owned and managed Indigenous housing","","State owned and managed Indigenous housing","Newly allocated households","All households","Number","Total","","","AIHW (unpublished) National Housing Assistance Data Repository","no.","276","..","143","..","64","np","..","392","875",""
"18A.18","2024-25","New allocations by greatest need status and time waited - SOMIH","All ages","All people","All households","All areas","All households","State owned and managed Indigenous housing","","State owned and managed Indigenous housing","Newly allocated households","Greatest need households","Proportion","Greatest need allocations as a proportion of all allocations","","","AIHW (unpublished) National Housing Assistance Data Repository","%","75.0","..","100.0","..","95.3","na","..","na","85.1",""
"18A.18","2023-24","New allocations by greatest need status and time waited - SOMIH","All ages","All people","All households","All areas","All households","State owned and managed Indigenous housing","","State owned and managed Indigenous housing","Newly allocated households","Greatest need households","Proportion","< 3 months","","","AIHW (unpublished) National Housing Assistance Data Repository","%","39.8","..","21.7","..","31.0","na","..","na","30.4",""
"18A.18","2023-24","New allocations by greatest need status and time waited - SOMIH","All ages","All people","All households","All areas","All households","State owned and managed Indigenous housing","","State owned and managed Indigenous housing","Newly allocated households","Non-greatest need households","Proportion","< 3 months","","","AIHW (unpublished) National Housing Assistance Data Repository","%","9.5","..","0","..","100.0","na","..","na","10.9",""
"18A.18","2023-24","New allocations by greatest need status and time waited - SOMIH","All ages","All people","All households","All areas","All households","State owned and managed Indigenous housing","","State owned and managed Indigenous housing","Newly allocated households","All households","Proportion","< 3 months","","","AIHW (unpublished) National Housing Assistance Data Repository","%","29.3","..","21.7","..","33.3","np","..","27.7","27.3",""
"18A.18","2023-24","New allocations by greatest need status and time waited - SOMIH","All ages","All people","All households","All areas","All households","State owned and managed Indigenous housing","","State owned and managed Indigenous housing","Newly allocated households","Greatest need households","Number","< 3 months","","","AIHW (unpublished) National Housing Assistance Data Repository","no.","47","..","28","..","9","na","..","na","84",""
"18A.18","2023-24","New allocations by greatest need status and time waited - SOMIH","All ages","All people","All households","All areas","All households","State owned and managed Indigenous housing","","State owned and managed Indigenous housing","Newly allocated households","Non-greatest need households","Number","< 3 months","","","AIHW (unpublished) National Housing Assistance Data Repository","no.","6","..","0","..","1","na","..","na","7",""
"18A.18","2023-24","New allocations by greatest need status and time waited - SOMIH","All ages","All people","All households","All areas","All households","State owned and managed Indigenous housing","","State owned and managed Indigenous housing","Newly allocated households","All households","Number","< 3 months","","","AIHW (unpublished) National Housing Assistance Data Repository","no.","53","..","28","..","10","np","..","119","210",""
"18A.18","2023-24","New allocations by greatest need status and time waited - SOMIH","All ages","All people","All households","All areas","All households","State owned and managed Indigenous housing","","State owned and managed Indigenous housing","Newly allocated households","Greatest need households","Proportion","3 months to < 6 months","","","AIHW (unpublished) National Housing Assistance Data Repository","%","22.9","..","8.5","..","10.3","na","..","na","14.9",""
"18A.18","2023-24","New allocations by greatest need status and time waited - SOMIH","All ages","All people","All households","All areas","All households","State owned and managed Indigenous housing","","State owned and managed Indigenous housing","Newly allocated households","Non-greatest need households","Proportion","3 months to < 6 months","","","AIHW (unpublished) National Housing Assistance Data Repository","%","9.5","..","0","..","0","na","..","na","9.4",""
"18A.18","2023-24","New allocations by greatest need status and time waited - SOMIH","All ages","All people","All households","All areas","All households","State owned and managed Indigenous housing","","State owned and managed Indigenous housing","Newly allocated households","All households","Proportion","3 months to < 6 months","","","AIHW (unpublished) National Housing Assistance Data Repository","%","18.2","..","8.5","..","10.0","np","..","8.2","10.7",""
"18A.18","2023-24","New allocations by greatest need status and time waited - SOMIH","All ages","All people","All households","All areas","All households","State owned and managed Indigenous housing","","State owned and managed Indigenous housing","Newly allocated households","Greatest need households","Number","3 months to < 6 months","","","AIHW (unpublished) National Housing Assistance Data Repository","no.","27","..","11","..","3","na","..","na","41",""
"18A.18","2023-24","New allocations by greatest need status and time waited - SOMIH","All ages","All people","All households","All areas","All households","State owned and managed Indigenous housing","","State owned and managed Indigenous housing","Newly allocated households","Non-greatest need households","Number","3 months to < 6 months","","","AIHW (unpublished) National Housing Assistance Data Repository","no.","6","..","0","..","0","na","..","na","6",""
"18A.18","2023-24","New allocations by greatest need status and time waited - SOMIH","All ages","All people","All households","All areas","All households","State owned and managed Indigenous housing","","State owned and managed Indigenous housing","Newly allocated households","All households","Number","3 months to < 6 months","","","AIHW (unpublished) National Housing Assistance Data Repository","no.","33","..","11","..","3","np","..","35","82",""
"18A.18","2023-24","New allocations by greatest need status and time waited - SOMIH","All ages","All people","All households","All areas","All households","State owned and managed Indigenous housing","","State owned and managed Indigenous housing","Newly allocated households","Greatest need households","Proportion","6 months to < 1 year","","","AIHW (unpublished) National Housing Assistance Data Repository","%","21.2","..","19.4","..","37.9","na","..","na","22.1",""
"18A.18","2023-24","New allocations by greatest need status and time waited - SOMIH","All ages","All people","All households","All areas","All households","State owned and managed Indigenous housing","","State owned and managed Indigenous housing","Newly allocated households","Non-greatest need households","Proportion","6 months to < 1 year","","","AIHW (unpublished) National Housing Assistance Data Repository","%","11.1","..","0","..","0","na","..","na","10.9",""
"18A.18","2023-24","New allocations by greatest need status and time waited - SOMIH","All ages","All people","All households","All areas","All households","State owned and managed Indigenous housing","","State owned and managed Indigenous housing","Newly allocated households","All households","Proportion","6 months to < 1 year","","","AIHW (unpublished) National Housing Assistance Data Repository","%","17.7","..","19.4","..","36.7","np","..","7.7","13.1",""
"18A.18","2023-24","New allocations by greatest need status and time waited - SOMIH","All ages","All people","All households","All areas","All households","State owned and managed Indigenous housing","","State owned and managed Indigenous housing","Newly allocated households","Greatest need households","Number","6 months to < 1 year","","","AIHW (unpublished) National Housing Assistance Data Repository","no.","25","..","25","..","11","na","..","na","61",""
"18A.18","2023-24","New allocations by greatest need status and time waited - SOMIH","All ages","All people","All households","All areas","All households","State owned and managed Indigenous housing","","State owned and managed Indigenous housing","Newly allocated households","Non-greatest need households","Number","6 months to < 1 year","","","AIHW (unpublished) National Housing Assistance Data Repository","no.","7","..","0","..","0","na","..","na","7",""
"18A.18","2023-24","New allocations by greatest need status and time waited - SOMIH","All ages","All people","All households","All areas","All households","State owned and managed Indigenous housing","","State owned and managed Indigenous housing","Newly allocated households","All households","Number","6 months to < 1 year","","","AIHW (unpublished) National Housing Assistance Data Repository","no.","32","..","25","..","11","np","..","33","101",""
"18A.18","2023-24","New allocations by greatest need status and time waited - SOMIH","All ages","All people","All households","All areas","All households","State owned and managed Indigenous housing","","State owned and managed Indigenous housing","Newly allocated households","Greatest need households","Proportion","1 year to < 2 years","","","AIHW (unpublished) National Housing Assistance Data Repository","%","13.6","..","16.3","..","17.2","na","..","na","15.2",""
"18A.18","2023-24","New allocations by greatest need status and time waited - SOMIH","All ages","All people","All households","All areas","All households","State owned and managed Indigenous housing","","State owned and managed Indigenous housing","Newly allocated households","Non-greatest need households","Proportion","1 year to < 2 years","","","AIHW (unpublished) National Housing Assistance Data Repository","%","30.2","..","0","..","0","na","..","na","29.7",""
"18A.18","2023-24","New allocations by greatest need status and time waited - SOMIH","All ages","All people","All households","All areas","All households","State owned and managed Indigenous housing","","State owned and managed Indigenous housing","Newly allocated households","All households","Proportion","1 year to < 2 years","","","AIHW (unpublished) National Housing Assistance Data Repository","%","19.3","..","16.3","..","16.7","np","..","11.0","14.0",""
"18A.18","2023-24","New allocations by greatest need status and time waited - SOMIH","All ages","All people","All households","All areas","All households","State owned and managed Indigenous housing","","State owned and managed Indigenous housing","Newly allocated households","Greatest need households","Number","1 year to < 2 years","","","AIHW (unpublished) National Housing Assistance Data Repository","no.","16","..","21","..","5","na","..","na","42",""
"18A.18","2023-24","New allocations by greatest need status and time waited - SOMIH","All ages","All people","All households","All areas","All households","State owned and managed Indigenous housing","","State owned and managed Indigenous housing","Newly allocated households","Non-greatest need households","Number","1 year to < 2 years","","","AIHW (unpublished) National Housing Assistance Data Repository","no.","19","..","0","..","0","na","..","na","19",""
"18A.18","2023-24","New allocations by greatest need status and time waited - SOMIH","All ages","All people","All households","All areas","All households","State owned and managed Indigenous housing","","State owned and managed Indigenous housing","Newly allocated households","All households","Number","1 year to < 2 years","","","AIHW (unpublished) National Housing Assistance Data Repository","no.","35","..","21","..","5","np","..","47","108",""
"18A.18","2023-24","New allocations by greatest need status and time waited - SOMIH","All ages","All people","All households","All areas","All households","State owned and managed Indigenous housing","","State owned and managed Indigenous housing","Newly allocated households","Greatest need households","Proportion","2+ years","","","AIHW (unpublished) National Housing Assistance Data Repository","%","2.5","..","34.1","..","3.4","na","..","na","17.4",""
"18A.18","2023-24","New allocations by greatest need status and time waited - SOMIH","All ages","All people","All households","All areas","All households","State owned and managed Indigenous housing","","State owned and managed Indigenous housing","Newly allocated households","Non-greatest need households","Proportion","2+ years","","","AIHW (unpublished) National Housing Assistance Data Repository","%","39.7","..","0","..","0","na","..","na","39.1",""
"18A.18","2023-24","New allocations by greatest need status and time waited - SOMIH","All ages","All people","All households","All areas","All households","State owned and managed Indigenous housing","","State owned and managed Indigenous housing","Newly allocated households","All households","Proportion","2+ years","","","AIHW (unpublished) National Housing Assistance Data Repository","%","15.5","..","34.1","..","3.3","np","..","45.5","34.9",""
"18A.18","2023-24","New allocations by greatest need status and time waited - SOMIH","All ages","All people","All households","All areas","All households","State owned and managed Indigenous housing","","State owned and managed Indigenous housing","Newly allocated households","Greatest need households","Number","2+ years","","","AIHW (unpublished) National Housing Assistance Data Repository","no.","3","..","44","..","1","na","..","na","48",""
"18A.18","2023-24","New allocations by greatest need status and time waited - SOMIH","All ages","All people","All households","All areas","All households","State owned and managed Indigenous housing","","State owned and managed Indigenous housing","Newly allocated households","Non-greatest need households","Number","2+ years","","","AIHW (unpublished) National Housing Assistance Data Repository","no.","25","..","0","..","0","na","..","na","25",""
"18A.18","2023-24","New allocations by greatest need status and time waited - SOMIH","All ages","All people","All households","All areas","All households","State owned and managed Indigenous housing","","State owned and managed Indigenous housing","Newly allocated households","All households","Number","2+ years","","","AIHW (unpublished) National Housing Assistance Data Repository","no.","28","..","44","..","1","np","..","195","268",""
"18A.18","2023-24","New allocations by greatest need status and time waited - SOMIH","All ages","All people","All households","All areas","All households","State owned and managed Indigenous housing","","State owned and managed Indigenous housing","Newly allocated households","Greatest need households","Number","Total","","","AIHW (unpublished) National Housing Assistance Data Repository","no.","118","..","129","..","29","na","..","na","276",""
"18A.18","2023-24","New allocations by greatest need status and time waited - SOMIH","All ages","All people","All households","All areas","All households","State owned and managed Indigenous housing","","State owned and managed Indigenous housing","Newly allocated households","Non-greatest need households","Number","Total","","","AIHW (unpublished) National Housing Assistance Data Repository","no.","63","..","0","..","1","na","..","na","64",""
"18A.18","2023-24","New allocations by greatest need status and time waited - SOMIH","All ages","All people","All households","All areas","All households","State owned and managed Indigenous housing","","State owned and managed Indigenous housing","Newly allocated households","All households","Number","Total","","","AIHW (unpublished) National Housing Assistance Data Repository","no.","181","..","129","..","30","np","..","429","769",""
"18A.18","2023-24","New allocations by greatest need status and time waited - SOMIH","All ages","All people","All households","All areas","All households","State owned and managed Indigenous housing","","State owned and managed Indigenous housing","Newly allocated households","Greatest need households","Proportion","Greatest need allocations as a proportion of all allocations","","","AIHW (unpublished) National Housing Assistance Data Repository","%","65.2","..","100.0","..","96.7","na","..","na","81.2",""
"18A.19","2022-23","Greatest need allocations","All ages","All people","All households","All areas","All households","State owned and managed Indigenous housing","","State owned and managed Indigenous housing","","","","Greatest need allocations as a proportion of all allocations","","","AIHW (unpublished) National Housing Assistance Data Repository","%","65.7","..","99.1","..","85.7","na","..","na","81.1",""
"18A.19","2021-22","Greatest need allocations","All ages","All people","All households","All areas","All households","State owned and managed Indigenous housing","","State owned and managed Indigenous housing","","","","Greatest need allocations as a proportion of all allocations","","","AIHW (unpublished) National Housing Assistance Data Repository","%","58.7","..","99.3","..","89.6","na","..","na","79.4",""
"18A.19","2020-21","Greatest need allocations","All ages","All people","All households","All areas","All households","State owned and managed Indigenous housing","","State owned and managed Indigenous housing","","","","Greatest need allocations as a proportion of all allocations","","","AIHW (unpublished) National Housing Assistance Data Repository","%","40.6","..","97.9","..","94.4","na","..","na","64.9",""
"18A.19","2019-20","Greatest need allocations","All ages","All people","All households","All areas","All households","State owned and managed Indigenous housing","","State owned and managed Indigenous housing","","","","Greatest need allocations as a proportion of all allocations","","","AIHW (unpublished) National Housing Assistance Data Repository","%","33.7","..","98.7","..","85.3","na","..","na","65.7",""
"18A.20","2024-25","Greatest need allocations","All ages","All people","All households","All areas","All households","Community housing","","Community housing","","","","Greatest need allocations as a proportion of all allocations","","","AIHW (unpublished) National Housing Assistance Data Repository","%","72.8","81.9","100.0","60.7","94.3","91.2","49.5","47.5","79.5",""
"18A.20","2023-24","Greatest need allocations","All ages","All people","All households","All areas","All households","Community housing","","Community housing","","","","Greatest need allocations as a proportion of all allocations","","","AIHW (unpublished) National Housing Assistance Data Repository","%","70.6","78.5","99.7","73.5","96.1","91.3","83.3","na","79.9",""
"18A.20","2022-23","Greatest need allocations","All ages","All people","All households","All areas","All households","Community housing","","Community housing","","","","Greatest need allocations as a proportion of all allocations","","","AIHW (unpublished) National Housing Assistance Data Repository","%","76.7","81.2","99.6","70.1","94.4","43.1","40.7","na","77.1",""
"18A.20","2021-22","Greatest need allocations","All ages","All people","All households","All areas","All households","Community housing","","Community housing","","","","Greatest need allocations as a proportion of all allocations","","","AIHW (unpublished) National Housing Assistance Data Repository","%","78.8","86.6","97.1","61.6","95.6","43.3","74.3","na","76.8",""
"18A.20","2020-21","Greatest need allocations","All ages","All people","All households","All areas","All households","Community housing","","Community housing","","","","Greatest need allocations as a proportion of all allocations","","","AIHW (unpublished) National Housing Assistance Data Repository","%","82.1","84.4","97.3","81.1","95.7","89.1","88.0","na","86.1",""
"18A.20","2019-20","Greatest need allocations","All ages","All people","All households","All areas","All households","Community housing","","Community housing","","","","Greatest need allocations as a proportion of all allocations","","","AIHW (unpublished) National Housing Assistance Data Repository","%","74.1","87.2","99.3","75.0","90.3","94.2","80.0","na","82.4",""
"18A.21","2024-25","Selected equity group allocations","All ages","All people","All households","All areas","All households","Public housing","","Public housing","New tenancies allocated to households in selected equity groups","","","","","","AIHW (unpublished) National Housing Assistance Data Repository","%","57.1","51.5","81.1","67.1","62.2","69.7","67.5","82.1","","64.1"
"18A.21","2023-24","Selected equity group allocations","All ages","All people","All households","All areas","All households","Public housing","","Public housing","New tenancies allocated to households in selected equity groups","","","","","","AIHW (unpublished) National Housing Assistance Data Repository","%","56.8","52.0","80.0","69.9","62.9","70.8","57.8","78.6","","63.5"
"18A.21","2022-23","Selected equity group allocations","All ages","All people","All households","All areas","All households","Public housing","","Public housing","New tenancies allocated to households in selected equity groups","","","","","","AIHW (unpublished) National Housing Assistance Data Repository","%","57.1","54.0","81.2","58.2","59.5","66.4","59.3","78.8","","62.1"
"18A.21","2021-22","Selected equity group allocations","All ages","All people","All households","All areas","All households","Public housing","","Public housing","New tenancies allocated to households in selected equity groups","","","","","","AIHW (unpublished) National Housing Assistance Data Repository","%","53.2","55.3","78.5","56.8","68.8","72.3","59.8","74.6","","62.4"
"18A.21","2020-21","Selected equity group allocations","All ages","All people","All households","All areas","All households","Public housing","","Public housing","New tenancies allocated to households in selected equity groups","","","","","","AIHW (unpublished) National Housing Assistance Data Repository","%","54.6","54.4","74.2","56.4","74.2","61.6","64.8","76.1","","62.4"
"18A.22","2024-25","Selected equity group allocations","All ages","All people","All households","All areas","All households","State owned and managed Indigenous housing","","State owned and managed Indigenous housing","New tenancies allocated to households in selected equity groups","","","","","","AIHW (unpublished) National Housing Assistance Data Repository","%","51.8","..","42.0","..","40.6","41.7","..","37.5","43.0",""
"18A.22","2023-24","Selected equity group allocations","All ages","All people","All households","All areas","All households","State owned and managed Indigenous housing","","State owned and managed Indigenous housing","New tenancies allocated to households in selected equity groups","","","","","","AIHW (unpublished) National Housing Assistance Data Repository","%","37.6","..","51.2","..","40.0","80.0","..","39.4","41.2",""
"18A.22","2022-23","Selected equity group allocations","All ages","All people","All households","All areas","All households","State owned and managed Indigenous housing","","State owned and managed Indigenous housing","New tenancies allocated to households in selected equity groups","","","","","","AIHW (unpublished) National Housing Assistance Data Repository","%","37.9","..","51.4","..","42.9","78.6","..","41.3","43.0",""
"18A.22","2021-22","Selected equity group allocations","All ages","All people","All households","All areas","All households","State owned and managed Indigenous housing","","State owned and managed Indigenous housing","New tenancies allocated to households in selected equity groups","","","","","","AIHW (unpublished) National Housing Assistance Data Repository","%","50.3","..","48.6","..","50.7","58.3","..","40.9","46.5",""
"18A.22","2020-21","Selected equity group allocations","All ages","All people","All households","All areas","All households","State owned and managed Indigenous housing","","State owned and managed Indigenous housing","New tenancies allocated to households in selected equity groups","","","","","","AIHW (unpublished) National Housing Assistance Data Repository","%","44.1","..","45.8","..","57.4","40.0","..","34.1","39.8",""
"18A.23","2024-25","Selected equity group allocations","All ages","All people","All households","All areas","All households","Community housing","","Community housing","New tenancies allocated to households in selected equity groups","","","","","","AIHW (unpublished) National Housing Assistance Data Repository","%","53.6","45.9","73.8","73.7","67.0","55.4","52.2","93.2","57.6",""
"18A.23","2023-24","Selected equity group allocations","All ages","All people","All households","All areas","All households","Community housing","","Community housing","New tenancies allocated to households in selected equity groups","","","","","","AIHW (unpublished) National Housing Assistance Data Repository","%","53.6","43.5","76.9","64.4","67.6","52.3","53.3","na","56.3",""
"18A.23","2022-23","Selected equity group allocations","All ages","All people","All households","All areas","All households","Community housing","","Community housing","New tenancies allocated to households in selected equity groups","","","","","","AIHW (unpublished) National Housing Assistance Data Repository","%","54.1","44.5","76.4","64.6","55.9","51.6","39.4","na","55.7",""
"18A.23","2021-22","Selected equity group allocations","All ages","All people","All households","All areas","All households","Community housing","","Community housing","New tenancies allocated to households in selected equity groups","","","","","","AIHW (unpublished) National Housing Assistance Data Repository","%","51.7","47.8","77.9","72.1","54.8","75.2","48.1","na","58.9",""
"18A.23","2020-21","Selected equity group allocations","All ages","All people","All households","All areas","All households","Community housing","","Community housing","New tenancies allocated to households in selected equity groups","","","","","","AIHW (unpublished) National Housing Assistance Data Repository","%","54.4","47.4","74.4","63.6","56.3","63.4","37.7","na","57.3",""
"18A.24","2025","Affordability","All ages","All people","All households","All areas","All households","Public housing","","Public housing","Low-income households; at 30 June","","","","","","AIHW (unpublished) National Housing Assistance Data Repository","no.","89412","55872","52672","32713","26399","4728","10471","3877","","276144"
"18A.24","2025","Affordability","All ages","All people","All households","All areas","All households","Public housing","","Public housing","Low-income households; at 30 June","","","","","","AIHW (unpublished) National Housing Assistance Data Repository","%","100.0","100.0","99.9","100.0","100.0","99.8","99.0","100.0","","99.9"
"18A.24","2025","Affordability","All ages","All people","All households","All areas","All households","State owned and managed Indigenous housing","","State owned and managed Indigenous housing","Low-income households; at 30 June","","","","","","AIHW (unpublished) National Housing Assistance Data Repository","no.","6324","..","3224","..","1037","151","..","5017","","15753"
"18A.24","2025","Affordability","All ages","All people","All households","All areas","All households","State owned and managed Indigenous housing","","State owned and managed Indigenous housing","Low-income households; at 30 June","","","","","","AIHW (unpublished) National Housing Assistance Data Repository","%","100.0","..","100.0","..","100.0","100.0","..","99.3","","99.8"
"18A.24","2025","Affordability","All ages","All people","All households","All areas","All households","Community housing","","Community housing","Low-income households; at 30 June","","","","","","AIHW (unpublished) National Housing Assistance Data Repository","no.","48131","16654","9282","6110","12030","8679","758","506","","102150"
"18A.24","2025","Affordability","All ages","All people","All households","All areas","All households","Community housing","","Community housing","Low-income households; at 30 June","","","","","","AIHW (unpublished) National Housing Assistance Data Repository","%","99.6","100.0","99.9","99.7","100.0","98.2","94.0","100.0","","99.6"
"18A.24","2024","Affordability","All ages","All people","All households","All areas","All households","Public housing","","Public housing","Low-income households; at 30 June","","","","","","AIHW (unpublished) National Housing Assistance Data Repository","no.","90591","54274","52358","32303","25838","4735","10205","4399","","274703"
"18A.24","2024","Affordability","All ages","All people","All households","All areas","All households","Public housing","","Public housing","Low-income households; at 30 June","","","","","","AIHW (unpublished) National Housing Assistance Data Repository","%","100.0","100.0","99.9","100.0","100.0","99.7","98.9","100.0","","99.9"
"18A.24","2024","Affordability","All ages","All people","All households","All areas","All households","State owned and managed Indigenous housing","","State owned and managed Indigenous housing","Low-income households; at 30 June","","","","","","AIHW (unpublished) National Housing Assistance Data Repository","no.","5183","..","3197","..","1002","149","..","4942","","14473"
"18A.24","2024","Affordability","All ages","All people","All households","All areas","All households","State owned and managed Indigenous housing","","State owned and managed Indigenous housing","Low-income households; at 30 June","","","","","","AIHW (unpublished) National Housing Assistance Data Repository","%","99.9","..","100.0","..","100.0","100.0","..","99.2","","99.7"
"18A.24","2024","Affordability","All ages","All people","All households","All areas","All households","Community housing","","Community housing","Low-income households; at 30 June","","","","","","AIHW (unpublished) National Housing Assistance Data Repository","no.","47462","15300","7768","6687","12153","8578","1165","na","","99113"
"18A.24","2024","Affordability","All ages","All people","All households","All areas","All households","Community housing","","Community housing","Low-income households; at 30 June","","","","","","AIHW (unpublished) National Housing Assistance Data Repository","%","99.6","99.9","99.9","99.7","100.0","98.5","93.2","na","","99.6"
"18A.24","2023","Affordability","All ages","All people","All households","All areas","All households","Public housing","","Public housing","Low-income households; at 30 June","","","","","","AIHW (unpublished) National Housing Assistance Data Repository","no.","92119","52153","51844","31647","26941","4713","10173","4601","","274191"
"18A.24","2023","Affordability","All ages","All people","All households","All areas","All households","Public housing","","Public housing","Low-income households; at 30 June","","","","","","AIHW (unpublished) National Housing Assistance Data Repository","%","100.0","100.0","100.0","100.0","100.0","99.7","99.1","100.0","","100.0"
"18A.24","2023","Affordability","All ages","All people","All households","All areas","All households","State owned and managed Indigenous housing","","State owned and managed Indigenous housing","Low-income households; at 30 June","","","","","","AIHW (unpublished) National Housing Assistance Data Repository","no.","3604","..","3173","..","1056","148","..","4799","","12780"
"18A.24","2023","Affordability","All ages","All people","All households","All areas","All households","State owned and managed Indigenous housing","","State owned and managed Indigenous housing","Low-income households; at 30 June","","","","","","AIHW (unpublished) National Housing Assistance Data Repository","%","100.0","..","100.0","..","100.0","100.0","..","98.5","","99.4"
"18A.24","2023","Affordability","All ages","All people","All households","All areas","All households","Community housing","","Community housing","Low-income households; at 30 June","","","","","","AIHW (unpublished) National Housing Assistance Data Repository","no.","47889","14031","7306","6615","10845","7916","1268","na","","95870"
"18A.24","2023","Affordability","All ages","All people","All households","All areas","All households","Community housing","","Community housing","Low-income households; at 30 June","","","","","","AIHW (unpublished) National Housing Assistance Data Repository","%","99.6","99.9","99.9","99.6","100.0","98.7","93.0","na","","99.6"
"18A.24","2022","Affordability","All ages","All people","All households","All areas","All households","Public housing","","Public housing","Low-income households; at 30 June","","","","","","AIHW (unpublished) National Housing Assistance Data Repository","no.","92605","51963","51492","30892","27659","4753","10233","4664","","274261"
"18A.24","2022","Affordability","All ages","All people","All households","All areas","All households","Public housing","","Public housing","Low-income households; at 30 June","","","","","","AIHW (unpublished) National Housing Assistance Data Repository","%","100.0","100.0","100.0","100.0","100.0","99.9","99.3","100.0","","100.0"
"18A.24","2022","Affordability","All ages","All people","All households","All areas","All households","State owned and managed Indigenous housing","","State owned and managed Indigenous housing","Low-income households; at 30 June","","","","","","AIHW (unpublished) National Housing Assistance Data Repository","no.","3986","..","3179","..","1134","149","..","4856","","13304"
"18A.24","2022","Affordability","All ages","All people","All households","All areas","All households","State owned and managed Indigenous housing","","State owned and managed Indigenous housing","Low-income households; at 30 June","","","","","","AIHW (unpublished) National Housing Assistance Data Repository","%","100.0","..","100.0","..","100.0","100.0","..","99.2","","99.7"
"18A.24","2022","Affordability","All ages","All people","All households","All areas","All households","Community housing","","Community housing","Low-income households; at 30 June","","","","","","AIHW (unpublished) National Housing Assistance Data Repository","no.","48798","13481","7305","5511","11211","7621","652","na","","94579"
"18A.24","2022","Affordability","All ages","All people","All households","All areas","All households","Community housing","","Community housing","Low-income households; at 30 June","","","","","","AIHW (unpublished) National Housing Assistance Data Repository","%","99.8","100.0","100.0","100.0","100.0","99.0","96.4","na","","99.8"
"18A.24","2021","Affordability","All ages","All people","All households","All areas","All households","Public housing","","Public housing","Low-income households; at 30 June","","","","","","AIHW (unpublished) National Housing Assistance Data Repository","no.","92511","54527","49543","30350","26686","6298","10325","4699","","274939"
"18A.24","2021","Affordability","All ages","All people","All households","All areas","All households","Public housing","","Public housing","Low-income households; at 30 June","","","","","","AIHW (unpublished) National Housing Assistance Data Repository","%","99.3","98.0","97.2","98.7","98.0","93.8","99.1","99.1","","98.3"
"18A.24","2021","Affordability","All ages","All people","All households","All areas","All households","State owned and managed Indigenous housing","","State owned and managed Indigenous housing","Low-income households; at 30 June","","","","","","AIHW (unpublished) National Housing Assistance Data Repository","no.","4335","..","2902","..","1083","183","..","4893","","13396"
"18A.24","2021","Affordability","All ages","All people","All households","All areas","All households","State owned and managed Indigenous housing","","State owned and managed Indigenous housing","Low-income households; at 30 June","","","","","","AIHW (unpublished) National Housing Assistance Data Repository","%","99.2","..","92.4","..","97.7","89.7","..","99.7","","97.5"
"18A.24","2021","Affordability","All ages","All people","All households","All areas","All households","Community housing","","Community housing","Low-income households; at 30 June","","","","","","AIHW (unpublished) National Housing Assistance Data Repository","no.","44751","12158","6539","6242","10555","5201","695","na","","86141"
"18A.24","2021","Affordability","All ages","All people","All households","All areas","All households","Community housing","","Community housing","Low-income households; at 30 June","","","","","","AIHW (unpublished) National Housing Assistance Data Repository","%","94.8","93.6","97.7","92.6","93.7","93.4","97.7","na","","94.5"
"18A.25","2025","Affordability","All ages","All people","All households","All areas","All households","Public housing","","Public housing","Low-income households; at 30 June","Gross household income spent on rent","Less than or equal to 20%","","","","AIHW (unpublished) National Housing Assistance Data Repository","%","1.7","17.0","18.1","5.7","4.4","23.2","20.4","5.0","","10.0"
"18A.25","2025","Affordability","All ages","All people","All households","All areas","All households","Public housing","","Public housing","Low-income households; at 30 June","Gross household income spent on rent","More than 20% but not more than 25%","","","","AIHW (unpublished) National Housing Assistance Data Repository","%","95.9","81.3","81.6","94.0","94.6","76.5","79.3","87.7","","88.6"
"18A.25","2025","Affordability","All ages","All people","All households","All areas","All households","Public housing","","Public housing","Low-income households; at 30 June","Gross household income spent on rent","More than 25% but not more than 30%","","","","AIHW (unpublished) National Housing Assistance Data Repository","%","2.4","1.1","0.1","0.2","1.0","0.3","0.1","3.9","","1.2"
"18A.25","2025","Affordability","All ages","All people","All households","All areas","All households","Public housing","","Public housing","Low-income households; at 30 June","Gross household income spent on rent","More than 30%","","","","AIHW (unpublished) National Housing Assistance Data Repository","%","0","0.6","0.2","0.1","0","0","0.2","3.4","","0.2"
"18A.25","2024","Affordability","All ages","All people","All households","All areas","All households","Public housing","","Public housing","Low-income households; at 30 June","Gross household income spent on rent","Less than or equal to 20%","","","","AIHW (unpublished) National Housing Assistance Data Repository","%","1.6","19.0","20.7","5.1","4.6","22.4","20.4","4.4","","10.7"
"18A.25","2024","Affordability","All ages","All people","All households","All areas","All households","Public housing","","Public housing","Low-income households; at 30 June","Gross household income spent on rent","More than 20% but not more than 25%","","","","AIHW (unpublished) National Housing Assistance Data Repository","%","96.4","79.2","79.1","92.0","94.3","77.4","79.6","88.8","","87.7"
"18A.25","2024","Affordability","All ages","All people","All households","All areas","All households","Public housing","","Public housing","Low-income households; at 30 June","Gross household income spent on rent","More than 25% but not more than 30%","","","","AIHW (unpublished) National Housing Assistance Data Repository","%","2.1","1.1","0.1","0.6","1.1","0.3","0","3.5","","1.1"
"18A.25","2024","Affordability","All ages","All people","All households","All areas","All households","Public housing","","Public housing","Low-income households; at 30 June","Gross household income spent on rent","More than 30%","","","","AIHW (unpublished) National Housing Assistance Data Repository","%","0","0.7","0.1","2.2","0","0","0","3.3","","0.5"
"18A.25","2023","Affordability","All ages","All people","All households","All areas","All households","Public housing","","Public housing","Low-income households; at 30 June","Gross household income spent on rent","Less than or equal to 20%","","","","AIHW (unpublished) National Housing Assistance Data Repository","%","1.7","9.9","23.8","5.0","5.6","21.9","21.2","7.0","","9.5"
"18A.25","2023","Affordability","All ages","All people","All households","All areas","All households","Public housing","","Public housing","Low-income households; at 30 June","Gross household income spent on rent","More than 20% but not more than 25%","","","","AIHW (unpublished) National Housing Assistance Data Repository","%","95.7","90.0","76.0","94.4","92.7","77.6","78.7","85.2","","89.2"
"18A.25","2023","Affordability","All ages","All people","All households","All areas","All households","Public housing","","Public housing","Low-income households; at 30 June","Gross household income spent on rent","More than 25% but not more than 30%","","","","AIHW (unpublished) National Housing Assistance Data Repository","%","2.5","0.1","0.1","0.3","1.7","0.3","0","4.5","","1.1"
"18A.25","2023","Affordability","All ages","All people","All households","All areas","All households","Public housing","","Public housing","Low-income households; at 30 June","Gross household income spent on rent","More than 30%","","","","AIHW (unpublished) National Housing Assistance Data Repository","%","0.2","0","0.1","0.2","0","0.2","0","3.3","","0.2"
"18A.25","2022","Affordability","All ages","All people","All households","All areas","All households","Public housing","","Public housing","Low-income households; at 30 June","Gross household income spent on rent","Less than or equal to 20%","","","","AIHW (unpublished) National Housing Assistance Data Repository","%","2.1","9.6","21.3","5.3","7.0","34.1","26.1","4.7","","9.6"
"18A.25","2022","Affordability","All ages","All people","All households","All areas","All households","Public housing","","Public housing","Low-income households; at 30 June","Gross household income spent on rent","More than 20% but not more than 25%","","","","AIHW (unpublished) National Housing Assistance Data Repository","%","91.9","90.3","78.4","94.4","92.0","65.6","73.9","89.8","","88.1"
"18A.25","2022","Affordability","All ages","All people","All households","All areas","All households","Public housing","","Public housing","Low-income households; at 30 June","Gross household income spent on rent","More than 25% but not more than 30%","","","","AIHW (unpublished) National Housing Assistance Data Repository","%","5.2","0","0.1","0.2","1.0","0.3","0","3.1","","1.9"
"18A.25","2022","Affordability","All ages","All people","All households","All areas","All households","Public housing","","Public housing","Low-income households; at 30 June","Gross household income spent on rent","More than 30%","","","","AIHW (unpublished) National Housing Assistance Data Repository","%","0.8","0.1","0.3","0.1","0","0","0","2.3","","0.4"
"18A.25","2021","Affordability","All ages","All people","All households","All areas","All households","Public housing","","Public housing","Low-income households; at 30 June","Gross household income spent on rent","Less than or equal to 20%","","","","AIHW (unpublished) National Housing Assistance Data Repository","%","2.2","35.9","25.7","4.5","5.7","25.8","34.0","6.8","","15.8"
"18A.25","2021","Affordability","All ages","All people","All households","All areas","All households","Public housing","","Public housing","Low-income households; at 30 June","Gross household income spent on rent","More than 20% but not more than 25%","","","","AIHW (unpublished) National Housing Assistance Data Repository","%","92.4","63.6","73.8","94.6","94.3","73.8","65.9","88.7","","82.1"
"18A.25","2021","Affordability","All ages","All people","All households","All areas","All households","Public housing","","Public housing","Low-income households; at 30 June","Gross household income spent on rent","More than 25% but not more than 30%","","","","AIHW (unpublished) National Housing Assistance Data Repository","%","4.7","0.3","0.2","0","0","0.3","0","2.1","","1.7"
"18A.25","2021","Affordability","All ages","All people","All households","All areas","All households","Public housing","","Public housing","Low-income households; at 30 June","Gross household income spent on rent","More than 30%","","","","AIHW (unpublished) National Housing Assistance Data Repository","%","0.7","0.2","0.3","0.9","0","0.1","0.1","2.4","","0.5"
"18A.26","2025","Affordability","All ages","All people","All households","All areas","All households","State owned and managed Indigenous housing","","State owned and managed Indigenous housing","Low-income households; at 30 June","Gross household income spent on rent","Less than or equal to 20%","","","","AIHW (unpublished) National Housing Assistance Data Repository","%","5.8","..","26.9","..","12.9","35.1","..","np","15.0",""
"18A.26","2025","Affordability","All ages","All people","All households","All areas","All households","State owned and managed Indigenous housing","","State owned and managed Indigenous housing","Low-income households; at 30 June","Gross household income spent on rent","More than 20% but not more than 25%","","","","AIHW (unpublished) National Housing Assistance Data Repository","%","91.5","..","71.6","..","86.1","64.9","..","np","83.0",""
"18A.26","2025","Affordability","All ages","All people","All households","All areas","All households","State owned and managed Indigenous housing","","State owned and managed Indigenous housing","Low-income households; at 30 June","Gross household income spent on rent","More than 25% but not more than 30%","","","","AIHW (unpublished) National Housing Assistance Data Repository","%","2.7","..","0.6","..","1.1","0","..","np","1.7",""
"18A.26","2025","Affordability","All ages","All people","All households","All areas","All households","State owned and managed Indigenous housing","","State owned and managed Indigenous housing","Low-income households; at 30 June","Gross household income spent on rent","More than 30%","","","","AIHW (unpublished) National Housing Assistance Data Repository","%","0","..","0.8","..","0","0","..","np","0.3",""
"18A.26","2024","Affordability","All ages","All people","All households","All areas","All households","State owned and managed Indigenous housing","","State owned and managed Indigenous housing","Low-income households; at 30 June","Gross household income spent on rent","Less than or equal to 20%","","","","AIHW (unpublished) National Housing Assistance Data Repository","%","5.1","..","30.7","..","14.4","38.3","..","np","17.8",""
"18A.26","2024","Affordability","All ages","All people","All households","All areas","All households","State owned and managed Indigenous housing","","State owned and managed Indigenous housing","Low-income households; at 30 June","Gross household income spent on rent","More than 20% but not more than 25%","","","","AIHW (unpublished) National Housing Assistance Data Repository","%","92.5","..","68.0","..","84.9","61.1","..","np","80.5",""
"18A.26","2024","Affordability","All ages","All people","All households","All areas","All households","State owned and managed Indigenous housing","","State owned and managed Indigenous housing","Low-income households; at 30 June","Gross household income spent on rent","More than 25% but not more than 30%","","","","AIHW (unpublished) National Housing Assistance Data Repository","%","2.4","..","0.6","..","0.7","0.7","..","np","1.4",""
"18A.26","2024","Affordability","All ages","All people","All households","All areas","All households","State owned and managed Indigenous housing","","State owned and managed Indigenous housing","Low-income households; at 30 June","Gross household income spent on rent","More than 30%","","","","AIHW (unpublished) National Housing Assistance Data Repository","%","0","..","0.7","..","0","0","..","np","0.3",""
"18A.26","2023","Affordability","All ages","All people","All households","All areas","All households","State owned and managed Indigenous housing","","State owned and managed Indigenous housing","Low-income households; at 30 June","Gross household income spent on rent","Less than or equal to 20%","","","","AIHW (unpublished) National Housing Assistance Data Repository","%","36.3","..","35.5","..","14.6","32.4","..","np","32.4",""
"18A.26","2023","Affordability","All ages","All people","All households","All areas","All households","State owned and managed Indigenous housing","","State owned and managed Indigenous housing","Low-income households; at 30 June","Gross household income spent on rent","More than 20% but not more than 25%","","","","AIHW (unpublished) National Housing Assistance Data Repository","%","61.0","..","63.3","..","82.8","66.9","..","np","65.6",""
"18A.26","2023","Affordability","All ages","All people","All households","All areas","All households","State owned and managed Indigenous housing","","State owned and managed Indigenous housing","Low-income households; at 30 June","Gross household income spent on rent","More than 25% but not more than 30%","","","","AIHW (unpublished) National Housing Assistance Data Repository","%","2.7","..","0.6","..","2.7","0.7","..","np","1.7",""
"18A.26","2023","Affordability","All ages","All people","All households","All areas","All households","State owned and managed Indigenous housing","","State owned and managed Indigenous housing","Low-income households; at 30 June","Gross household income spent on rent","More than 30%","","","","AIHW (unpublished) National Housing Assistance Data Repository","%","0","..","0.6","..","0","0","..","np","0.3",""
"18A.26","2022","Affordability","All ages","All people","All households","All areas","All households","State owned and managed Indigenous housing","","State owned and managed Indigenous housing","Low-income households; at 30 June","Gross household income spent on rent","Less than or equal to 20%","","","","AIHW (unpublished) National Housing Assistance Data Repository","%","36.9","..","31.3","..","17.8","50.7","..","np","31.6",""
"18A.26","2022","Affordability","All ages","All people","All households","All areas","All households","State owned and managed Indigenous housing","","State owned and managed Indigenous housing","Low-income households; at 30 June","Gross household income spent on rent","More than 20% but not more than 25%","","","","AIHW (unpublished) National Housing Assistance Data Repository","%","60.6","..","67.2","..","81.3","48.6","..","np","66.6",""
"18A.26","2022","Affordability","All ages","All people","All households","All areas","All households","State owned and managed Indigenous housing","","State owned and managed Indigenous housing","Low-income households; at 30 June","Gross household income spent on rent","More than 25% but not more than 30%","","","","AIHW (unpublished) National Housing Assistance Data Repository","%","2.4","..","0.7","..","0.9","0.7","..","np","1.4",""
"18A.26","2022","Affordability","All ages","All people","All households","All areas","All households","State owned and managed Indigenous housing","","State owned and managed Indigenous housing","Low-income households; at 30 June","Gross household income spent on rent","More than 30%","","","","AIHW (unpublished) National Housing Assistance Data Repository","%","0","..","0.8","..","0","0","..","np","0.4",""
"18A.26","2021","Affordability","All ages","All people","All households","All areas","All households","State owned and managed Indigenous housing","","State owned and managed Indigenous housing","Low-income households; at 30 June","Gross household income spent on rent","Less than or equal to 20%","","","","AIHW (unpublished) National Housing Assistance Data Repository","%","37.1","..","35.9","..","14.6","37.2","..","np","33.2",""
"18A.26","2021","Affordability","All ages","All people","All households","All areas","All households","State owned and managed Indigenous housing","","State owned and managed Indigenous housing","Low-income households; at 30 June","Gross household income spent on rent","More than 20% but not more than 25%","","","","AIHW (unpublished) National Housing Assistance Data Repository","%","61.2","..","61.8","..","85.4","62.3","..","np","65.1",""
"18A.26","2021","Affordability","All ages","All people","All households","All areas","All households","State owned and managed Indigenous housing","","State owned and managed Indigenous housing","Low-income households; at 30 June","Gross household income spent on rent","More than 25% but not more than 30%","","","","AIHW (unpublished) National Housing Assistance Data Repository","%","1.4","..","0.9","..","0","0.5","..","np","1.0",""
"18A.26","2021","Affordability","All ages","All people","All households","All areas","All households","State owned and managed Indigenous housing","","State owned and managed Indigenous housing","Low-income households; at 30 June","Gross household income spent on rent","More than 30%","","","","AIHW (unpublished) National Housing Assistance Data Repository","%","0.3","..","1.4","..","0","0","..","np","0.7",""
"18A.27","2025","Affordability","All ages","All people","All households","All areas","All households","Community housing","","Community housing","Low-income households; at 30 June","Gross household income spent on rent","Less than or equal to 20%","","","","AIHW (unpublished) National Housing Assistance Data Repository","%","11.1","24.1","28.5","29.8","24.2","37.2","48.8","12.9","19.9",""
"18A.27","2025","Affordability","All ages","All people","All households","All areas","All households","Community housing","","Community housing","Low-income households; at 30 June","Gross household income spent on rent","More than 20% but not more than 25%","","","","AIHW (unpublished) National Housing Assistance Data Repository","%","84.4","42.6","42.4","54.0","62.6","57.9","34.2","80.4","66.8",""
"18A.27","2025","Affordability","All ages","All people","All households","All areas","All households","Community housing","","Community housing","Low-income households; at 30 June","Gross household income spent on rent","More than 25% but not more than 30%","","","","AIHW (unpublished) National Housing Assistance Data Repository","%","1.8","27.7","21.5","11.0","10.2","4.0","9.9","4.6","9.6",""
"18A.27","2025","Affordability","All ages","All people","All households","All areas","All households","Community housing","","Community housing","Low-income households; at 30 June","Gross household income spent on rent","More than 30%","","","","AIHW (unpublished) National Housing Assistance Data Repository","%","2.7","5.6","7.6","5.1","3.0","0.9","7.1","2.2","3.7",""
"18A.27","2024","Affordability","All ages","All people","All households","All areas","All households","Community housing","","Community housing","Low-income households; at 30 June","Gross household income spent on rent","Less than or equal to 20%","","","","AIHW (unpublished) National Housing Assistance Data Repository","%","27.2","23.5","28.9","32.1","23.4","30.7","35.7","na","27.0",""
"18A.27","2024","Affordability","All ages","All people","All households","All areas","All households","Community housing","","Community housing","Low-income households; at 30 June","Gross household income spent on rent","More than 20% but not more than 25%","","","","AIHW (unpublished) National Housing Assistance Data Repository","%","68.4","28.6","45.5","54.3","61.1","62.7","35.5","na","57.7",""
"18A.27","2024","Affordability","All ages","All people","All households","All areas","All households","Community housing","","Community housing","Low-income households; at 30 June","Gross household income spent on rent","More than 25% but not more than 30%","","","","AIHW (unpublished) National Housing Assistance Data Repository","%","1.9","25.2","20.5","9.1","10.6","4.3","11.4","na","8.8",""
"18A.27","2024","Affordability","All ages","All people","All households","All areas","All households","Community housing","","Community housing","Low-income households; at 30 June","Gross household income spent on rent","More than 30%","","","","AIHW (unpublished) National Housing Assistance Data Repository","%","2.6","22.7","5.1","4.5","4.8","2.3","17.4","na","6.5",""
"18A.27","2023","Affordability","All ages","All people","All households","All areas","All households","Community housing","","Community housing","Low-income households; at 30 June","Gross household income spent on rent","Less than or equal to 20%","","","","AIHW (unpublished) National Housing Assistance Data Repository","%","17.3","28.8","30.9","30.6","22.5","30.4","35.1","na","22.8",""
"18A.27","2023","Affordability","All ages","All people","All households","All areas","All households","Community housing","","Community housing","Low-income households; at 30 June","Gross household income spent on rent","More than 20% but not more than 25%","","","","AIHW (unpublished) National Housing Assistance Data Repository","%","77.0","37.0","44.1","55.2","62.4","57.9","40.8","na","63.6",""
"18A.27","2023","Affordability","All ages","All people","All households","All areas","All households","Community housing","","Community housing","Low-income households; at 30 June","Gross household income spent on rent","More than 25% but not more than 30%","","","","AIHW (unpublished) National Housing Assistance Data Repository","%","2.5","34.1","18.6","10.2","12.7","7.6","13.8","na","10.5",""
"18A.27","2023","Affordability","All ages","All people","All households","All areas","All households","Community housing","","Community housing","Low-income households; at 30 June","Gross household income spent on rent","More than 30%","","","","AIHW (unpublished) National Housing Assistance Data Repository","%","3.1","0","6.4","4.0","2.5","4.1","10.2","na","3.1",""
"18A.27","2022","Affordability","All ages","All people","All households","All areas","All households","Community housing","","Community housing","Low-income households; at 30 June","Gross household income spent on rent","Less than or equal to 20%","","","","AIHW (unpublished) National Housing Assistance Data Repository","%","18.6","25.1","26.3","24.1","26.2","33.9","49.4","na","22.8",""
"18A.27","2022","Affordability","All ages","All people","All households","All areas","All households","Community housing","","Community housing","Low-income households; at 30 June","Gross household income spent on rent","More than 20% but not more than 25%","","","","AIHW (unpublished) National Housing Assistance Data Repository","%","76.6","44.8","48.0","49.2","62.9","54.8","42.6","na","64.7",""
"18A.27","2022","Affordability","All ages","All people","All households","All areas","All households","Community housing","","Community housing","Low-income households; at 30 June","Gross household income spent on rent","More than 25% but not more than 30%","","","","AIHW (unpublished) National Housing Assistance Data Repository","%","0.2","30.1","19.0","18.2","10.2","7.1","3.4","na","8.7",""
"18A.27","2022","Affordability","All ages","All people","All households","All areas","All households","Community housing","","Community housing","Low-income households; at 30 June","Gross household income spent on rent","More than 30%","","","","AIHW (unpublished) National Housing Assistance Data Repository","%","4.6","0","6.7","8.5","0.7","4.2","4.6","na","3.9",""
"18A.27","2021","Affordability","All ages","All people","All households","All areas","All households","Community housing","","Community housing","Low-income households; at 30 June","Gross household income spent on rent","Less than or equal to 20%","","","","AIHW (unpublished) National Housing Assistance Data Repository","%","17.1","24.8","26.7","28.8","22.3","36.6","52.1","na","21.9",""
"18A.27","2021","Affordability","All ages","All people","All households","All areas","All households","Community housing","","Community housing","Low-income households; at 30 June","Gross household income spent on rent","More than 20% but not more than 25%","","","","AIHW (unpublished) National Housing Assistance Data Repository","%","73.5","41.7","47.7","55.1","58.7","46.2","38.1","na","62.0",""
"18A.27","2021","Affordability","All ages","All people","All households","All areas","All households","Community housing","","Community housing","Low-income households; at 30 June","Gross household income spent on rent","More than 25% but not more than 30%","","","","AIHW (unpublished) National Housing Assistance Data Repository","%","2.5","33.4","20.9","11.4","9.1","9.7","6.3","na","10.2",""
"18A.27","2021","Affordability","All ages","All people","All households","All areas","All households","Community housing","","Community housing","Low-income households; at 30 June","Gross household income spent on rent","More than 30%","","","","AIHW (unpublished) National Housing Assistance Data Repository","%","6.9","0","4.7","4.7","9.8","7.5","3.5","na","6.0",""
"18A.28","2024-25","Newly allocated households","All ages","All people","All households","All areas","All households","Public housing","","Public housing","Time waited for social housing by newly allocated households","Greatest need households","","50th percentile","","","AIHW (unpublished) National Housing Assistance Data Repository","months","3","10","16","16","6","19","2","41","","8"
"18A.28","2024-25","Newly allocated households","All ages","All people","All households","All areas","All households","Public housing","","Public housing","Time waited for social housing by newly allocated households","Non-greatest need households","","50th percentile","","","AIHW (unpublished) National Housing Assistance Data Repository","months","12","9","0","39","21","0","8","51","","18"
"18A.28","2024-25","Newly allocated households","All ages","All people","All households","All areas","All households","Public housing","","Public housing","Time waited for social housing by newly allocated households","All households","","50th percentile","","","AIHW (unpublished) National Housing Assistance Data Repository","months","3","10","16","19","6","19","2","45","","9"
"18A.28","2024-25","Newly allocated households","All ages","All people","All households","All areas","All households","Public housing","","Public housing","Time waited for social housing by newly allocated households","Greatest need households","","75th percentile","","","AIHW (unpublished) National Housing Assistance Data Repository","months","np","38","np","np","11","np","17","69","","37"
"18A.28","2024-25","Newly allocated households","All ages","All people","All households","All areas","All households","Public housing","","Public housing","Time waited for social housing by newly allocated households","Non-greatest need households","","75th percentile","","","AIHW (unpublished) National Housing Assistance Data Repository","months","np","23","np","np","57","np","16","104","","36"
"18A.28","2024-25","Newly allocated households","All ages","All people","All households","All areas","All households","Public housing","","Public housing","Time waited for social housing by newly allocated households","All households","","75th percentile","","","AIHW (unpublished) National Housing Assistance Data Repository","months","np","35","np","np","12","np","17","88","","36"
"18A.28","2024-25","Newly allocated households","All ages","All people","All households","All areas","All households","Public housing","","Public housing","Newly allocated households","Greatest need households","","Newly allocated households","","","AIHW (unpublished) National Housing Assistance Data Repository","no.","3964","2043","3161","1789","1536","263","620","95","","13471"
"18A.28","2024-25","Newly allocated households","All ages","All people","All households","All areas","All households","Public housing","","Public housing","Newly allocated households","Non-greatest need households","","Newly allocated households","","","AIHW (unpublished) National Housing Assistance Data Repository","no.","829","464","0","770","249","100","38","95","","2545"
"18A.28","2024-25","Newly allocated households","All ages","All people","All households","All areas","All households","Public housing","","Public housing","Newly allocated households","All households","","Newly allocated households","","","AIHW (unpublished) National Housing Assistance Data Repository","no.","4793","2507","3161","2559","1785","363","658","190","","16016"
"18A.28","2023-24","Newly allocated households","All ages","All people","All households","All areas","All households","Public housing","","Public housing","Time waited for social housing by newly allocated households","Greatest need households","","50th percentile","","","AIHW (unpublished) National Housing Assistance Data Repository","months","2","15","15","15","5","23","7","34","","8"
"18A.28","2023-24","Newly allocated households","All ages","All people","All households","All areas","All households","Public housing","","Public housing","Time waited for social housing by newly allocated households","Non-greatest need households","","50th percentile","","","AIHW (unpublished) National Housing Assistance Data Repository","months","14","12","0","37","9","68","5","25","","21"
"18A.28","2023-24","Newly allocated households","All ages","All people","All households","All areas","All households","Public housing","","Public housing","Time waited for social housing by newly allocated households","All households","","50th percentile","","","AIHW (unpublished) National Housing Assistance Data Repository","months","3","14","15","17","5","23","7","33","","9"
"18A.28","2023-24","Newly allocated households","All ages","All people","All households","All areas","All households","Public housing","","Public housing","Time waited for social housing by newly allocated households","Greatest need households","","75th percentile","","","AIHW (unpublished) National Housing Assistance Data Repository","months","np","44","np","np","11","np","32","58","","35"
"18A.28","2023-24","Newly allocated households","All ages","All people","All households","All areas","All households","Public housing","","Public housing","Time waited for social housing by newly allocated households","Non-greatest need households","","75th percentile","","","AIHW (unpublished) National Housing Assistance Data Repository","months","np","29","np","np","32","np","42","88","","47"
"18A.28","2023-24","Newly allocated households","All ages","All people","All households","All areas","All households","Public housing","","Public housing","Time waited for social housing by newly allocated households","All households","","75th percentile","","","AIHW (unpublished) National Housing Assistance Data Repository","months","np","43","np","np","11","np","32","64","","35"
"18A.28","2023-24","Newly allocated households","All ages","All people","All households","All areas","All households","Public housing","","Public housing","Newly allocated households","Greatest need households","","Newly allocated households","","","AIHW (unpublished) National Housing Assistance Data Repository","no.","4186","3246","3185","1807","1095","303","464","210","","14496"
"18A.28","2023-24","Newly allocated households","All ages","All people","All households","All areas","All households","Public housing","","Public housing","Newly allocated households","Non-greatest need households","","Newly allocated households","","","AIHW (unpublished) National Housing Assistance Data Repository","no.","839","213","9","792","119","74","10","108","","2164"
"18A.28","2023-24","Newly allocated households","All ages","All people","All households","All areas","All households","Public housing","","Public housing","Newly allocated households","All households","","Newly allocated households","","","AIHW (unpublished) National Housing Assistance Data Repository","no.","5025","3459","3194","2599","1214","377","474","318","","16660"
"18A.28","2022-23","Newly allocated households","All ages","All people","All households","All areas","All households","Public housing","","Public housing","Time waited for social housing by newly allocated households","Greatest need households","","50th percentile","","","AIHW (unpublished) National Housing Assistance Data Repository","months","2","20","14","13","4","21","10","26","","8"
"18A.28","2022-23","Newly allocated households","All ages","All people","All households","All areas","All households","Public housing","","Public housing","Time waited for social housing by newly allocated households","Non-greatest need households","","50th percentile","","","AIHW (unpublished) National Housing Assistance Data Repository","months","21","12","0","21","8","4","27","45","","19"
"18A.28","2022-23","Newly allocated households","All ages","All people","All households","All areas","All households","Public housing","","Public housing","Time waited for social housing by newly allocated households","All households","","50th percentile","","","AIHW (unpublished) National Housing Assistance Data Repository","months","3","19","14","15","4","20","10","31","","9"
"18A.28","2022-23","Newly allocated households","All ages","All people","All households","All areas","All households","Public housing","","Public housing","Time waited for social housing by newly allocated households","Greatest need households","","75th percentile","","","AIHW (unpublished) National Housing Assistance Data Repository","months","np","42","np","np","9","np","26","52","","30"
"18A.28","2022-23","Newly allocated households","All ages","All people","All households","All areas","All households","Public housing","","Public housing","Time waited for social housing by newly allocated households","Non-greatest need households","","75th percentile","","","AIHW (unpublished) National Housing Assistance Data Repository","months","np","27","np","np","36","np","50","86","","48"
"18A.28","2022-23","Newly allocated households","All ages","All people","All households","All areas","All households","Public housing","","Public housing","Time waited for social housing by newly allocated households","All households","","75th percentile","","","AIHW (unpublished) National Housing Assistance Data Repository","months","np","42","np","np","10","np","26","63","","32"
"18A.28","2022-23","Newly allocated households","All ages","All people","All households","All areas","All households","Public housing","","Public housing","Newly allocated households","Greatest need households","","Newly allocated households","","","AIHW (unpublished) National Housing Assistance Data Repository","no.","3845","2664","3137","1941","1226","284","409","134","","13640"
"18A.28","2022-23","Newly allocated households","All ages","All people","All households","All areas","All households","Public housing","","Public housing","Newly allocated households","Non-greatest need households","","Newly allocated households","","","AIHW (unpublished) National Housing Assistance Data Repository","no.","1330","171","9","939","240","70","9","102","","2870"
"18A.28","2022-23","Newly allocated households","All ages","All people","All households","All areas","All households","Public housing","","Public housing","Newly allocated households","All households","","Newly allocated households","","","AIHW (unpublished) National Housing Assistance Data Repository","no.","5175","2835","3146","2880","1466","354","418","236","","16510"
"18A.28","2021-22","Newly allocated households","All ages","All people","All households","All areas","All households","Public housing","","Public housing","Time waited for social housing by newly allocated households","Greatest need households","","50th percentile","","","AIHW (unpublished) National Housing Assistance Data Repository","months","2","17","10","10","4","15","9","14","","7"
"18A.28","2021-22","Newly allocated households","All ages","All people","All households","All areas","All households","Public housing","","Public housing","Time waited for social housing by newly allocated households","Non-greatest need households","","50th percentile","","","AIHW (unpublished) National Housing Assistance Data Repository","months","18","10","23","13","18","10","13","28","","16"
"18A.28","2021-22","Newly allocated households","All ages","All people","All households","All areas","All households","Public housing","","Public housing","Time waited for social housing by newly allocated households","All households","","50th percentile","","","AIHW (unpublished) National Housing Assistance Data Repository","months","3","16","10","11","5","15","9","15","","8"
"18A.28","2021-22","Newly allocated households","All ages","All people","All households","All areas","All households","Public housing","","Public housing","Time waited for social housing by newly allocated households","Greatest need households","","75th percentile","","","AIHW (unpublished) National Housing Assistance Data Repository","months","np","38","np","np","12","np","18","34","","25"
"18A.28","2021-22","Newly allocated households","All ages","All people","All households","All areas","All households","Public housing","","Public housing","Time waited for social housing by newly allocated households","Non-greatest need households","","75th percentile","","","AIHW (unpublished) National Housing Assistance Data Repository","months","np","16","np","np","64","np","20","74","","49"
"18A.28","2021-22","Newly allocated households","All ages","All people","All households","All areas","All households","Public housing","","Public housing","Time waited for social housing by newly allocated households","All households","","75th percentile","","","AIHW (unpublished) National Housing Assistance Data Repository","months","np","37","np","np","14","np","18","45","","27"
"18A.28","2021-22","Newly allocated households","All ages","All people","All households","All areas","All households","Public housing","","Public housing","Newly allocated households","Greatest need households","","Newly allocated households","","","AIHW (unpublished) National Housing Assistance Data Repository","no.","3410","2039","3256","1408","1669","231","242","130","","12385"
"18A.28","2021-22","Newly allocated households","All ages","All people","All households","All areas","All households","Public housing","","Public housing","Newly allocated households","Non-greatest need households","","Newly allocated households","","","AIHW (unpublished) National Housing Assistance Data Repository","no.","1248","150","22","768","276","97","2","75","","2638"
"18A.28","2021-22","Newly allocated households","All ages","All people","All households","All areas","All households","Public housing","","Public housing","Newly allocated households","All households","","Newly allocated households","","","AIHW (unpublished) National Housing Assistance Data Repository","no.","4658","2189","3278","2176","1945","328","244","205","","15023"
"18A.29","2024-25","Newly allocated households","All ages","All people","All households","All areas","All households","Public housing","","Public housing","Newly allocated households","Greatest need households","","","","","AIHW (unpublished) National Housing Assistance Data Repository","no.","3964","2043","3161","1789","1536","263","620","95","","13471"
"18A.29","2024-25","Newly allocated households","All ages","All people","All households","All areas","All households","Public housing","","Public housing","Newly allocated households","All households","","","","","AIHW (unpublished) National Housing Assistance Data Repository","no.","4793","2507","3161","2559","1785","363","658","190","","16016"
"18A.29","2024-25","Newly allocated households","All ages","All people","All households","All areas","All households","Public housing","","Public housing","Newly allocated households","Greatest need households as a proportion of all allocations","","","","","AIHW (unpublished) National Housing Assistance Data Repository","%","82.7","81.5","100.0","69.9","86.1","72.5","94.2","50.0","","84.1"
"18A.29","2024-25","Newly allocated households","All ages","All people","All households","All areas","All households","Public housing","","Public housing","Households on waitlist at 30 June","Greatest need households","","","","","Derived from AIHW (unpublished) National Housing Assistance Data Repository","no.","9906","24803","24024","7382","3021","4124","1925","2240","","77425"
"18A.29","2024-25","Newly allocated households","All ages","All people","All households","All areas","All households","Public housing","","Public housing","Households on waitlist at 30 June","All households","","","","","Derived from AIHW (unpublished) National Housing Assistance Data Repository","no.","59077","56230","24112","22409","13687","5152","3402","5467","","189536"
"18A.29","2024-25","Newly allocated households","All ages","All people","All households","All areas","All households","Public housing","","Public housing","Households on waitlist at 30 June","Greatest need households as a proportion of all households on waitlist","","","","","AIHW (unpublished) National Housing Assistance Data Repository","%","16.8","44.1","99.6","32.9","22.1","80.0","56.6","41.0","","40.8"
"18A.29","2023-24","Newly allocated households","All ages","All people","All households","All areas","All households","Public housing","","Public housing","Newly allocated households","Greatest need households","","","","","AIHW (unpublished) National Housing Assistance Data Repository","no.","4186","3246","3185","1807","1095","303","464","210","","14496"
"18A.29","2023-24","Newly allocated households","All ages","All people","All households","All areas","All households","Public housing","","Public housing","Newly allocated households","All households","","","","","AIHW (unpublished) National Housing Assistance Data Repository","no.","5025","3459","3194","2599","1214","377","474","318","","16660"
"18A.29","2023-24","Newly allocated households","All ages","All people","All households","All areas","All households","Public housing","","Public housing","Newly allocated households","Greatest need households as a proportion of all allocations","","","","","AIHW (unpublished) National Housing Assistance Data Repository","%","83.3","93.8","99.7","69.5","90.2","80.4","97.9","66.0","","87.0"
"18A.29","2023-24","Newly allocated households","All ages","All people","All households","All areas","All households","Public housing","","Public housing","Households on waitlist at 30 June","Greatest need households","","","","","Derived from AIHW (unpublished) National Housing Assistance Data Repository","no.","8061","27747","18653","5682","3461","3737","2029","2282","","71652"
"18A.29","2023-24","Newly allocated households","All ages","All people","All households","All areas","All households","Public housing","","Public housing","Households on waitlist at 30 June","All households","","","","","Derived from AIHW (unpublished) National Housing Assistance Data Repository","no.","50726","51380","18818","20294","14043","4709","3159","5423","","168552"
"18A.29","2023-24","Newly allocated households","All ages","All people","All households","All areas","All households","Public housing","","Public housing","Households on waitlist at 30 June","Greatest need households as a proportion of all households on waitlist","","","","","AIHW (unpublished) National Housing Assistance Data Repository","%","15.9","54.0","99.1","28.0","24.6","79.4","64.2","42.1","","42.5"
"18A.29","2022-23","Newly allocated households","All ages","All people","All households","All areas","All households","Public housing","","Public housing","Newly allocated households","Greatest need households","","","","","AIHW (unpublished) National Housing Assistance Data Repository","no.","3845","2664","3137","1941","1226","284","409","134","","13640"
"18A.29","2022-23","Newly allocated households","All ages","All people","All households","All areas","All households","Public housing","","Public housing","Newly allocated households","All households","","","","","AIHW (unpublished) National Housing Assistance Data Repository","no.","5175","2835","3146","2880","1466","354","418","236","","16510"
"18A.29","2022-23","Newly allocated households","All ages","All people","All households","All areas","All households","Public housing","","Public housing","Newly allocated households","Greatest need households as a proportion of all allocations","","","","","AIHW (unpublished) National Housing Assistance Data Repository","%","74.3","94.0","99.7","67.4","83.6","80.2","97.8","56.8","","82.6"
"18A.29","2022-23","Newly allocated households","All ages","All people","All households","All areas","All households","Public housing","","Public housing","Households on waitlist at 30 June","Greatest need households","","","","","Derived from AIHW (unpublished) National Housing Assistance Data Repository","no.","6515","29360","18266","4741","2975","3595","2188","2019","","69659"
"18A.29","2022-23","Newly allocated households","All ages","All people","All households","All areas","All households","Public housing","","Public housing","Households on waitlist at 30 June","All households","","","","","Derived from AIHW (unpublished) National Housing Assistance Data Repository","no.","50419","53956","18608","19069","14335","4598","3174","5050","","169209"
"18A.29","2022-23","Newly allocated households","All ages","All people","All households","All areas","All households","Public housing","","Public housing","Households on waitlist at 30 June","Greatest need households as a proportion of all households on waitlist","","","","","AIHW (unpublished) National Housing Assistance Data Repository","%","12.9","54.4","98.2","24.9","20.8","78.2","68.9","40.0","","41.2"
"18A.29","2021-22","Newly allocated households","All ages","All people","All households","All areas","All households","Public housing","","Public housing","Newly allocated households","Greatest need households","","","","","AIHW (unpublished) National Housing Assistance Data Repository","no.","3410","2039","3256","1408","1669","231","242","130","","12385"
"18A.29","2021-22","Newly allocated households","All ages","All people","All households","All areas","All households","Public housing","","Public housing","Newly allocated households","All households","","","","","AIHW (unpublished) National Housing Assistance Data Repository","no.","4658","2189","3278","2176","1945","328","244","205","","15023"
"18A.29","2021-22","Newly allocated households","All ages","All people","All households","All areas","All households","Public housing","","Public housing","Newly allocated households","Greatest need households as a proportion of all allocations","","","","","AIHW (unpublished) National Housing Assistance Data Repository","%","73.2","93.1","99.3","64.7","85.8","70.4","99.2","63.4","","82.4"
"18A.29","2021-22","Newly allocated households","All ages","All people","All households","All areas","All households","Public housing","","Public housing","Households on waitlist at 30 June","Greatest need households","","","","","Derived from AIHW (unpublished) National Housing Assistance Data Repository","no.","5700","30483","17414","4139","2652","3456","2076","2088","","68008"
"18A.29","2021-22","Newly allocated households","All ages","All people","All households","All areas","All households","Public housing","","Public housing","Households on waitlist at 30 June","All households","","","","","Derived from AIHW (unpublished) National Housing Assistance Data Repository","no.","52243","54857","20340","19103","15402","4453","3059","5167","","174624"
"18A.29","2021-22","Newly allocated households","All ages","All people","All households","All areas","All households","Public housing","","Public housing","Households on waitlist at 30 June","Greatest need households as a proportion of all households on waitlist","","","","","AIHW (unpublished) National Housing Assistance Data Repository","%","10.9","55.6","85.6","21.7","17.2","77.6","67.9","40.4","","38.9"
"18A.30","2024-25","Newly allocated households","All ages","All people","All households","All areas","All households","State owned and managed Indigenous housing","","State owned and managed Indigenous housing","Time waited for social housing by newly allocated households","Greatest need households","","50th percentile","","","AIHW (unpublished) National Housing Assistance Data Repository","months","3","..","16","..","5","na","..","na","7",""
"18A.30","2024-25","Newly allocated households","All ages","All people","All households","All areas","All households","State owned and managed Indigenous housing","","State owned and managed Indigenous housing","Time waited for social housing by newly allocated households","Non-greatest need households","","50th percentile","","","AIHW (unpublished) National Housing Assistance Data Repository","months","19","..","0","..","23","18","..","13","15",""
"18A.30","2024-25","Newly allocated households","All ages","All people","All households","All areas","All households","State owned and managed Indigenous housing","","State owned and managed Indigenous housing","Time waited for social housing by newly allocated households","All households","","50th percentile","","","AIHW (unpublished) National Housing Assistance Data Repository","months","5","..","16","..","6","18","..","13","9",""
"18A.30","2024-25","Newly allocated households","All ages","All people","All households","All areas","All households","State owned and managed Indigenous housing","","State owned and managed Indigenous housing","Time waited for social housing by newly allocated households","Greatest need households","","75th percentile","","","AIHW (unpublished) National Housing Assistance Data Repository","months","np","..","np","..","13","na","..","na","13",""
"18A.30","2024-25","Newly allocated households","All ages","All people","All households","All areas","All households","State owned and managed Indigenous housing","","State owned and managed Indigenous housing","Time waited for social housing by newly allocated households","Non-greatest need households","","75th percentile","","","AIHW (unpublished) National Housing Assistance Data Repository","months","np","..","np","..","25","np","..","50","50",""
"18A.30","2024-25","Newly allocated households","All ages","All people","All households","All areas","All households","State owned and managed Indigenous housing","","State owned and managed Indigenous housing","Time waited for social housing by newly allocated households","All households","","75th percentile","","","AIHW (unpublished) National Housing Assistance Data Repository","months","np","..","np","..","15","np","..","50","50",""
"18A.30","2024-25","Newly allocated households","All ages","All people","All households","All areas","All households","State owned and managed Indigenous housing","","State owned and managed Indigenous housing","Newly allocated households","Greatest need households","","Newly allocated households","","","AIHW (unpublished) National Housing Assistance Data Repository","no.","207","..","143","..","61","na","..","na","411",""
"18A.30","2024-25","Newly allocated households","All ages","All people","All households","All areas","All households","State owned and managed Indigenous housing","","State owned and managed Indigenous housing","Newly allocated households","Non-greatest need households","","Newly allocated households","","","AIHW (unpublished) National Housing Assistance Data Repository","no.","69","..","0","..","3","12","..","392","476",""
"18A.30","2024-25","Newly allocated households","All ages","All people","All households","All areas","All households","State owned and managed Indigenous housing","","State owned and managed Indigenous housing","Newly allocated households","All households","","Newly allocated households","","","AIHW (unpublished) National Housing Assistance Data Repository","no.","276","..","143","..","64","12","..","392","887",""
"18A.30","2023-24","Newly allocated households","All ages","All people","All households","All areas","All households","State owned and managed Indigenous housing","","State owned and managed Indigenous housing","Time waited for social housing by newly allocated households","Greatest need households","","50th percentile","","","AIHW (unpublished) National Housing Assistance Data Repository","months","4","..","12","..","6","na","..","na","6",""
"18A.30","2023-24","Newly allocated households","All ages","All people","All households","All areas","All households","State owned and managed Indigenous housing","","State owned and managed Indigenous housing","Time waited for social housing by newly allocated households","Non-greatest need households","","50th percentile","","","AIHW (unpublished) National Housing Assistance Data Repository","months","18","..","0","..","0","14","..","17","17",""
"18A.30","2023-24","Newly allocated households","All ages","All people","All households","All areas","All households","State owned and managed Indigenous housing","","State owned and managed Indigenous housing","Time waited for social housing by newly allocated households","All households","","50th percentile","","","AIHW (unpublished) National Housing Assistance Data Repository","months","6","..","12","..","6","14","..","17","11",""
"18A.30","2023-24","Newly allocated households","All ages","All people","All households","All areas","All households","State owned and managed Indigenous housing","","State owned and managed Indigenous housing","Time waited for social housing by newly allocated households","Greatest need households","","75th percentile","","","AIHW (unpublished) National Housing Assistance Data Repository","months","np","..","np","..","9","na","..","na","9",""
"18A.30","2023-24","Newly allocated households","All ages","All people","All households","All areas","All households","State owned and managed Indigenous housing","","State owned and managed Indigenous housing","Time waited for social housing by newly allocated households","Non-greatest need households","","75th percentile","","","AIHW (unpublished) National Housing Assistance Data Repository","months","np","..","np","..","0","np","..","60","60",""
"18A.30","2023-24","Newly allocated households","All ages","All people","All households","All areas","All households","State owned and managed Indigenous housing","","State owned and managed Indigenous housing","Time waited for social housing by newly allocated households","All households","","75th percentile","","","AIHW (unpublished) National Housing Assistance Data Repository","months","np","..","np","..","9","np","..","60","53",""
"18A.30","2023-24","Newly allocated households","All ages","All people","All households","All areas","All households","State owned and managed Indigenous housing","","State owned and managed Indigenous housing","Newly allocated households","Greatest need households","","Newly allocated households","","","AIHW (unpublished) National Housing Assistance Data Repository","no.","118","..","129","..","29","na","..","na","276",""
"18A.30","2023-24","Newly allocated households","All ages","All people","All households","All areas","All households","State owned and managed Indigenous housing","","State owned and managed Indigenous housing","Newly allocated households","Non-greatest need households","","Newly allocated households","","","AIHW (unpublished) National Housing Assistance Data Repository","no.","63","..","0","..","1","5","..","429","498",""
"18A.30","2023-24","Newly allocated households","All ages","All people","All households","All areas","All households","State owned and managed Indigenous housing","","State owned and managed Indigenous housing","Newly allocated households","All households","","Newly allocated households","","","AIHW (unpublished) National Housing Assistance Data Repository","no.","181","..","129","..","30","5","..","429","774",""
"18A.30","2022-23","Newly allocated households","All ages","All people","All households","All areas","All households","State owned and managed Indigenous housing","","State owned and managed Indigenous housing","Time waited for social housing by newly allocated households","Greatest need households","","50th percentile","","","AIHW (unpublished) National Housing Assistance Data Repository","months","1","..","14","..","7","na","..","na","7",""
"18A.30","2022-23","Newly allocated households","All ages","All people","All households","All areas","All households","State owned and managed Indigenous housing","","State owned and managed Indigenous housing","Time waited for social housing by newly allocated households","Non-greatest need households","","50th percentile","","","AIHW (unpublished) National Housing Assistance Data Repository","months","24","..","48","..","7","14","..","2","5",""
"18A.30","2022-23","Newly allocated households","All ages","All people","All households","All areas","All households","State owned and managed Indigenous housing","","State owned and managed Indigenous housing","Time waited for social housing by newly allocated households","All households","","50th percentile","","","AIHW (unpublished) National Housing Assistance Data Repository","months","3","..","14","..","7","14","..","2","6",""
"18A.30","2022-23","Newly allocated households","All ages","All people","All households","All areas","All households","State owned and managed Indigenous housing","","State owned and managed Indigenous housing","Time waited for social housing by newly allocated households","Greatest need households","","75th percentile","","","AIHW (unpublished) National Housing Assistance Data Repository","months","np","..","np","..","15","na","..","na","15",""
"18A.30","2022-23","Newly allocated households","All ages","All people","All households","All areas","All households","State owned and managed Indigenous housing","","State owned and managed Indigenous housing","Time waited for social housing by newly allocated households","Non-greatest need households","","75th percentile","","","AIHW (unpublished) National Housing Assistance Data Repository","months","np","..","np","..","14","np","..","39","39",""
"18A.30","2022-23","Newly allocated households","All ages","All people","All households","All areas","All households","State owned and managed Indigenous housing","","State owned and managed Indigenous housing","Time waited for social housing by newly allocated households","All households","","75th percentile","","","AIHW (unpublished) National Housing Assistance Data Repository","months","np","..","np","..","15","np","..","39","32",""
"18A.30","2022-23","Newly allocated households","All ages","All people","All households","All areas","All households","State owned and managed Indigenous housing","","State owned and managed Indigenous housing","Newly allocated households","Greatest need households","","Newly allocated households","","","AIHW (unpublished) National Housing Assistance Data Repository","no.","92","..","110","..","30","0","..","0","232",""
"18A.30","2022-23","Newly allocated households","All ages","All people","All households","All areas","All households","State owned and managed Indigenous housing","","State owned and managed Indigenous housing","Newly allocated households","Non-greatest need households","","Newly allocated households","","","AIHW (unpublished) National Housing Assistance Data Repository","no.","48","..","1","..","5","14","..","402","470",""
"18A.30","2022-23","Newly allocated households","All ages","All people","All households","All areas","All households","State owned and managed Indigenous housing","","State owned and managed Indigenous housing","Newly allocated households","All households","","Newly allocated households","","","AIHW (unpublished) National Housing Assistance Data Repository","no.","140","..","111","..","35","14","..","402","702",""
"18A.30","2021-22","Newly allocated households","All ages","All people","All households","All areas","All households","State owned and managed Indigenous housing","","State owned and managed Indigenous housing","Time waited for social housing by newly allocated households","Greatest need households","","50th percentile","","","AIHW (unpublished) National Housing Assistance Data Repository","months","3","..","12","..","4","na","..","na","5",""
"18A.30","2021-22","Newly allocated households","All ages","All people","All households","All areas","All households","State owned and managed Indigenous housing","","State owned and managed Indigenous housing","Time waited for social housing by newly allocated households","Non-greatest need households","","50th percentile","","","AIHW (unpublished) National Housing Assistance Data Repository","months","8","..","44","..","15","10","..","4","5",""
"18A.30","2021-22","Newly allocated households","All ages","All people","All households","All areas","All households","State owned and managed Indigenous housing","","State owned and managed Indigenous housing","Time waited for social housing by newly allocated households","All households","","50th percentile","","","AIHW (unpublished) National Housing Assistance Data Repository","months","3","..","12","..","4","10","..","4","5",""
"18A.30","2021-22","Newly allocated households","All ages","All people","All households","All areas","All households","State owned and managed Indigenous housing","","State owned and managed Indigenous housing","Time waited for social housing by newly allocated households","Greatest need households","","75th percentile","","","AIHW (unpublished) National Housing Assistance Data Repository","months","np","..","np","..","9","na","..","na","9",""
"18A.30","2021-22","Newly allocated households","All ages","All people","All households","All areas","All households","State owned and managed Indigenous housing","","State owned and managed Indigenous housing","Time waited for social housing by newly allocated households","Non-greatest need households","","75th percentile","","","AIHW (unpublished) National Housing Assistance Data Repository","months","np","..","np","..","52","np","..","24","24",""
"18A.30","2021-22","Newly allocated households","All ages","All people","All households","All areas","All households","State owned and managed Indigenous housing","","State owned and managed Indigenous housing","Time waited for social housing by newly allocated households","All households","","75th percentile","","","AIHW (unpublished) National Housing Assistance Data Repository","months","np","..","np","..","10","np","..","24","20",""
"18A.30","2021-22","Newly allocated households","All ages","All people","All households","All areas","All households","State owned and managed Indigenous housing","","State owned and managed Indigenous housing","Newly allocated households","Greatest need households","","Newly allocated households","","","AIHW (unpublished) National Housing Assistance Data Repository","no.","98","..","139","..","60","na","..","na","297",""
"18A.30","2021-22","Newly allocated households","All ages","All people","All households","All areas","All households","State owned and managed Indigenous housing","","State owned and managed Indigenous housing","Newly allocated households","Non-greatest need households","","Newly allocated households","","","AIHW (unpublished) National Housing Assistance Data Repository","no.","69","..","1","..","7","12","..","242","331",""
"18A.30","2021-22","Newly allocated households","All ages","All people","All households","All areas","All households","State owned and managed Indigenous housing","","State owned and managed Indigenous housing","Newly allocated households","All households","","Newly allocated households","","","AIHW (unpublished) National Housing Assistance Data Repository","no.","167","..","140","..","67","12","..","242","628",""
"18A.31","2024-25","Newly allocated households","All ages","All people","All households","All areas","All households","State owned and managed Indigenous housing","","State owned and managed Indigenous housing","Newly allocated households","Greatest need households","","","","","AIHW (unpublished) National Housing Assistance Data Repository","no.","207","..","143","..","61","na","..","na","411",""
"18A.31","2024-25","Newly allocated households","All ages","All people","All households","All areas","All households","State owned and managed Indigenous housing","","State owned and managed Indigenous housing","Newly allocated households","All households","","","","","AIHW (unpublished) National Housing Assistance Data Repository","no.","276","..","143","..","64","12","..","392","887",""
"18A.31","2024-25","Newly allocated households","All ages","All people","All households","All areas","All households","State owned and managed Indigenous housing","","State owned and managed Indigenous housing","Newly allocated households","Greatest need households as a proportion of all allocations","","","","","AIHW (unpublished) National Housing Assistance Data Repository","%","75.0","..","100.0","..","95.3","na","..","na","46.3",""
"18A.31","2024-25","Newly allocated households","All ages","All people","All households","All areas","All households","State owned and managed Indigenous housing","","State owned and managed Indigenous housing","Households on waitlist at 30 June","Greatest need households","","","","","Derived from AIHW (unpublished) National Housing Assistance Data Repository","no.","1236","..","7359","..","583","na","..","na","9178",""
"18A.31","2024-25","Newly allocated households","All ages","All people","All households","All areas","All households","State owned and managed Indigenous housing","","State owned and managed Indigenous housing","Households on waitlist at 30 June","All households","","","","","Derived from AIHW (unpublished) National Housing Assistance Data Repository","no.","4601","..","7375","..","1798","np","..","3704","17478",""
"18A.31","2024-25","Newly allocated households","All ages","All people","All households","All areas","All households","State owned and managed Indigenous housing","","State owned and managed Indigenous housing","Households on waitlist at 30 June","Greatest need households as a proportion of all households on waitlist","","","","","AIHW (unpublished) National Housing Assistance Data Repository","%","26.9","..","99.8","..","32.4","na","..","na","52.5",""
"18A.31","2023-24","Newly allocated households","All ages","All people","All households","All areas","All households","State owned and managed Indigenous housing","","State owned and managed Indigenous housing","Newly allocated households","Greatest need households","","","","","AIHW (unpublished) National Housing Assistance Data Repository","no.","118","..","129","..","29","na","..","na","276",""
"18A.31","2023-24","Newly allocated households","All ages","All people","All households","All areas","All households","State owned and managed Indigenous housing","","State owned and managed Indigenous housing","Newly allocated households","All households","","","","","AIHW (unpublished) National Housing Assistance Data Repository","no.","181","..","129","..","30","5","..","429","774",""
"18A.31","2023-24","Newly allocated households","All ages","All people","All households","All areas","All households","State owned and managed Indigenous housing","","State owned and managed Indigenous housing","Newly allocated households","Greatest need households as a proportion of all allocations","","","","","AIHW (unpublished) National Housing Assistance Data Repository","%","65.2","..","100.0","..","96.7","na","..","na","35.7",""
"18A.31","2023-24","Newly allocated households","All ages","All people","All households","All areas","All households","State owned and managed Indigenous housing","","State owned and managed Indigenous housing","Households on waitlist at 30 June","Greatest need households","","","","","Derived from AIHW (unpublished) National Housing Assistance Data Repository","no.","1052","..","6344","..","587","na","..","na","7983",""
"18A.31","2023-24","Newly allocated households","All ages","All people","All households","All areas","All households","State owned and managed Indigenous housing","","State owned and managed Indigenous housing","Households on waitlist at 30 June","All households","","","","","Derived from AIHW (unpublished) National Housing Assistance Data Repository","no.","3893","..","6386","..","1682","np","..","3185","15146",""
"18A.31","2023-24","Newly allocated households","All ages","All people","All households","All areas","All households","State owned and managed Indigenous housing","","State owned and managed Indigenous housing","Households on waitlist at 30 June","Greatest need households as a proportion of all households on waitlist","","","","","AIHW (unpublished) National Housing Assistance Data Repository","%","27.0","..","99.3","..","34.9","na","..","na","52.7",""
"18A.31","2022-23","Newly allocated households","All ages","All people","All households","All areas","All households","State owned and managed Indigenous housing","","State owned and managed Indigenous housing","Newly allocated households","Greatest need households","","","","","AIHW (unpublished) National Housing Assistance Data Repository","no.","92","..","110","..","30","0","..","0","232",""
"18A.31","2022-23","Newly allocated households","All ages","All people","All households","All areas","All households","State owned and managed Indigenous housing","","State owned and managed Indigenous housing","Newly allocated households","All households","","","","","AIHW (unpublished) National Housing Assistance Data Repository","no.","140","..","111","..","35","14","..","402","702",""
"18A.31","2022-23","Newly allocated households","All ages","All people","All households","All areas","All households","State owned and managed Indigenous housing","","State owned and managed Indigenous housing","Newly allocated households","Greatest need households as a proportion of all allocations","","","","","AIHW (unpublished) National Housing Assistance Data Repository","%","65.7","..","99.1","..","85.7","na","..","na","33.0",""
"18A.31","2022-23","Newly allocated households","All ages","All people","All households","All areas","All households","State owned and managed Indigenous housing","","State owned and managed Indigenous housing","Households on waitlist at 30 June","Greatest need households","","","","","Derived from AIHW (unpublished) National Housing Assistance Data Repository","no.","795","..","6597","..","469","na","..","na","7861",""
"18A.31","2022-23","Newly allocated households","All ages","All people","All households","All areas","All households","State owned and managed Indigenous housing","","State owned and managed Indigenous housing","Households on waitlist at 30 June","All households","","","","","Derived from AIHW (unpublished) National Housing Assistance Data Repository","no.","3715","..","6672","..","1512","np","..","3180","15079",""
"18A.31","2022-23","Newly allocated households","All ages","All people","All households","All areas","All households","State owned and managed Indigenous housing","","State owned and managed Indigenous housing","Households on waitlist at 30 June","Greatest need households as a proportion of all households on waitlist","","","","","AIHW (unpublished) National Housing Assistance Data Repository","%","21.4","..","98.9","..","31.0","na","..","na","52.1",""
"18A.31","2021-22","Newly allocated households","All ages","All people","All households","All areas","All households","State owned and managed Indigenous housing","","State owned and managed Indigenous housing","Newly allocated households","Greatest need households","","","","","AIHW (unpublished) National Housing Assistance Data Repository","no.","98","..","139","..","60","na","..","na","297",""
"18A.31","2021-22","Newly allocated households","All ages","All people","All households","All areas","All households","State owned and managed Indigenous housing","","State owned and managed Indigenous housing","Newly allocated households","All households","","","","","AIHW (unpublished) National Housing Assistance Data Repository","no.","167","..","140","..","67","12","..","242","628",""
"18A.31","2021-22","Newly allocated households","All ages","All people","All households","All areas","All households","State owned and managed Indigenous housing","","State owned and managed Indigenous housing","Newly allocated households","Greatest need households as a proportion of all allocations","","","","","AIHW (unpublished) National Housing Assistance Data Repository","%","58.7","..","99.3","..","89.6","na","..","na","47.3",""
"18A.31","2021-22","Newly allocated households","All ages","All people","All households","All areas","All households","State owned and managed Indigenous housing","","State owned and managed Indigenous housing","Households on waitlist at 30 June","Greatest need households","","","","","Derived from AIHW (unpublished) National Housing Assistance Data Repository","no.","594","..","6431","..","86","na","..","na","7111",""
"18A.31","2021-22","Newly allocated households","All ages","All people","All households","All areas","All households","State owned and managed Indigenous housing","","State owned and managed Indigenous housing","Households on waitlist at 30 June","All households","","","","","Derived from AIHW (unpublished) National Housing Assistance Data Repository","no.","3450","..","6873","..","589","np","..","2812","13724",""
"18A.31","2021-22","Newly allocated households","All ages","All people","All households","All areas","All households","State owned and managed Indigenous housing","","State owned and managed Indigenous housing","Households on waitlist at 30 June","Greatest need households as a proportion of all households on waitlist","","","","","AIHW (unpublished) National Housing Assistance Data Repository","%","17.2","..","93.6","..","14.6","na","..","na","51.8",""
"18A.32","2025","Overcrowding","All ages","All people","All households","All areas","All households","Public housing","","Public housing","Households; at 30 June","Living in overcrowded conditions","","","","","AIHW (unpublished) National Housing Assistance Data Repository","%","3.0","4.0","6.5","5.4","2.5","4.6","4.4","8.8","","4.3"
"18A.32","2024","Overcrowding","All ages","All people","All households","All areas","All households","Public housing","","Public housing","Households; at 30 June","Living in overcrowded conditions","","","","","AIHW (unpublished) National Housing Assistance Data Repository","%","3.0","6.1","6.3","5.1","2.5","5.0","4.6","9.2","","4.7"
"18A.32","2023","Overcrowding","All ages","All people","All households","All areas","All households","Public housing","","Public housing","Households; at 30 June","Living in overcrowded conditions","","","","","AIHW (unpublished) National Housing Assistance Data Repository","%","3.1","3.8","6.1","4.8","2.5","5.1","4.7","9.0","","4.1"
"18A.32","2022","Overcrowding","All ages","All people","All households","All areas","All households","Public housing","","Public housing","Households; at 30 June","Living in overcrowded conditions","","","","","AIHW (unpublished) National Housing Assistance Data Repository","%","3.2","5.9","5.9","4.7","2.1","5.2","5.1","9.1","","4.5"
"18A.32","2021","Overcrowding","All ages","All people","All households","All areas","All households","Public housing","","Public housing","Households; at 30 June","Living in overcrowded conditions","","","","","AIHW (unpublished) National Housing Assistance Data Repository","%","3.2","5.5","5.3","4.3","2.1","5.1","4.8","8.1","","4.2"
"18A.33","2025","Overcrowding","All ages","All people","All households","All areas","All households","State owned and managed Indigenous housing","","State owned and managed Indigenous housing","Households; at 30 June","Living in overcrowded conditions","","","","","AIHW (unpublished) National Housing Assistance Data Repository","%","7.7","..","15.7","..","8.7","4.6","..","50.1","","22.9"
"18A.33","2024","Overcrowding","All ages","All people","All households","All areas","All households","State owned and managed Indigenous housing","","State owned and managed Indigenous housing","Households; at 30 June","Living in overcrowded conditions","","","","","AIHW (unpublished) National Housing Assistance Data Repository","%","7.6","..","15.3","..","9.0","5.8","..","51.3","","24.2"
"18A.33","2023","Overcrowding","All ages","All people","All households","All areas","All households","State owned and managed Indigenous housing","","State owned and managed Indigenous housing","Households; at 30 June","Living in overcrowded conditions","","","","","AIHW (unpublished) National Housing Assistance Data Repository","%","7.4","..","16.1","..","8.0","7.1","..","52.7","","26.6"
"18A.33","2022","Overcrowding","All ages","All people","All households","All areas","All households","State owned and managed Indigenous housing","","State owned and managed Indigenous housing","Households; at 30 June","Living in overcrowded conditions","","","","","AIHW (unpublished) National Housing Assistance Data Repository","%","7.1","..","16.3","..","7.9","5.1","..","53.4","","26.2"
"18A.33","2021","Overcrowding","All ages","All people","All households","All areas","All households","State owned and managed Indigenous housing","","State owned and managed Indigenous housing","Households; at 30 June","Living in overcrowded conditions","","","","","AIHW (unpublished) National Housing Assistance Data Repository","%","6.5","..","14.9","..","8.2","4.7","..","52.2","","24.7"
"18A.34","2025","Overcrowding","All ages","All people","All households","All areas","All households","Community housing","","Community housing","Households; at 30 June","Living in overcrowded conditions","","","","","AIHW (unpublished) National Housing Assistance Data Repository","%","3.9","3.1","2.7","2.2","3.2","4.9","1.5","7.6","3.5",""
"18A.34","2024","Overcrowding","All ages","All people","All households","All areas","All households","Community housing","","Community housing","Households; at 30 June","Living in overcrowded conditions","","","","","AIHW (unpublished) National Housing Assistance Data Repository","%","4.2","3.0","2.6","2.4","3.3","4.4","3.7","na","3.7",""
"18A.34","2023","Overcrowding","All ages","All people","All households","All areas","All households","Community housing","","Community housing","Households; at 30 June","Living in overcrowded conditions","","","","","AIHW (unpublished) National Housing Assistance Data Repository","%","4.7","3.8","2.7","1.8","3.6","4.2","2.8","na","4.0",""
"18A.34","2022","Overcrowding","All ages","All people","All households","All areas","All households","Community housing","","Community housing","Households; at 30 June","Living in overcrowded conditions","","","","","AIHW (unpublished) National Housing Assistance Data Repository","%","3.8","4.4","2.4","2.1","3.2","4.5","0.3","na","3.6",""
"18A.34","2021","Overcrowding","All ages","All people","All households","All areas","All households","Community housing","","Community housing","Households; at 30 June","Living in overcrowded conditions","","","","","AIHW (unpublished) National Housing Assistance Data Repository","%","4.2","4.4","2.5","1.9","3.0","6.5","0.8","na","3.9",""
"18A.35","2025","Overcrowding","All ages","All people","All households","All areas","All households","Indigenous community housing","","Indigenous community housing","Households; at 30 June","Living in overcrowded conditions","","","","","AIHW (unpublished) National Housing Assistance Data Repository","%","9.2","9.6","24.7","14.8","29.5","na","..","na","16.2",""
"18A.35","2024","Overcrowding","All ages","All people","All households","All areas","All households","Indigenous community housing","","Indigenous community housing","Households; at 30 June","Living in overcrowded conditions","","","","","AIHW (unpublished) National Housing Assistance Data Repository","%","8.7","10.4","24.1","14.7","30.1","na","..","na","16.0",""
"18A.35","2023","Overcrowding","All ages","All people","All households","All areas","All households","Indigenous community housing","","Indigenous community housing","Households; at 30 June","Living in overcrowded conditions","","","","","AIHW (unpublished) National Housing Assistance Data Repository","%","8.5","11.4","23.0","13.8","29.9","na","..","na","15.6",""
"18A.35","2022","Overcrowding","All ages","All people","All households","All areas","All households","Indigenous community housing","","Indigenous community housing","Households; at 30 June","Living in overcrowded conditions","","","","","AIHW (unpublished) National Housing Assistance Data Repository","%","7.1","3.8","23.5","9.0","30.4","na","..","na","14.1",""
"18A.35","2021","Overcrowding","All ages","All people","All households","All areas","All households","Indigenous community housing","","Indigenous community housing","Households; at 30 June","Living in overcrowded conditions","","","","","AIHW (unpublished) National Housing Assistance Data Repository","%","7.4","3.5","24.3","8.3","30.8","na","..","na","14.8",""
"18A.36","2025","Overcrowding","All ages","All people","Aboriginal and Torres Strait Islander households","All areas","All households","Public housing","","Public housing","Households; at 30 June","Total (with bedroom details known)","","","","","AIHW (unpublished) National Housing Assistance Data Repository","no.","7678","3999","10897","10113","3433","409","1189","2281","","39999"
"18A.36","2025","Overcrowding","All ages","All people","Aboriginal and Torres Strait Islander households","All areas","All households","Public housing","","Public housing","Households; at 30 June","Living in overcrowded conditions","","","","","AIHW (unpublished) National Housing Assistance Data Repository","no.","399","322","1464","1018","231","40","80","310","","3864"
"18A.36","2025","Overcrowding","All ages","All people","Aboriginal and Torres Strait Islander households","All areas","All households","Public housing","","Public housing","Households; at 30 June","Living in overcrowded conditions","","","","","AIHW (unpublished) National Housing Assistance Data Repository","%","5.2","8.1","13.4","10.1","6.7","9.8","6.7","13.6","","9.7"
"18A.36","2025","Overcrowding","All ages","All people","Aboriginal and Torres Strait Islander households","All areas","All households","State owned and managed Indigenous housing","","State owned and managed Indigenous housing","Households; at 30 June","Total (with bedroom details known)","","","","","AIHW (unpublished) National Housing Assistance Data Repository","no.","5920","..","3224","..","1180","152","..","5029","","15505"
"18A.36","2025","Overcrowding","All ages","All people","Aboriginal and Torres Strait Islander households","All areas","All households","State owned and managed Indigenous housing","","State owned and managed Indigenous housing","Households; at 30 June","Living in overcrowded conditions","","","","","AIHW (unpublished) National Housing Assistance Data Repository","no.","472","..","507","..","110","7","..","2529","","3625"
"18A.36","2025","Overcrowding","All ages","All people","Aboriginal and Torres Strait Islander households","All areas","All households","State owned and managed Indigenous housing","","State owned and managed Indigenous housing","Households; at 30 June","Living in overcrowded conditions","","","","","AIHW (unpublished) National Housing Assistance Data Repository","%","8.0","..","15.7","..","9.3","4.6","..","50.3","","23.4"
"18A.36","2025","Overcrowding","All ages","All people","Aboriginal and Torres Strait Islander households","All areas","All households","Community housing","","Community housing","Households; at 30 June","Total (with bedroom details known)","","","","","AIHW (unpublished) National Housing Assistance Data Repository","no.","6157","1078","1567","1296","1210","597","32","295","","12232"
"18A.36","2025","Overcrowding","All ages","All people","Aboriginal and Torres Strait Islander households","All areas","All households","Community housing","","Community housing","Households; at 30 June","Living in overcrowded conditions","","","","","AIHW (unpublished) National Housing Assistance Data Repository","no.","472","70","97","71","85","60","0","40","","895"
"18A.36","2025","Overcrowding","All ages","All people","Aboriginal and Torres Strait Islander households","All areas","All households","Community housing","","Community housing","Households; at 30 June","Living in overcrowded conditions","","","","","AIHW (unpublished) National Housing Assistance Data Repository","%","7.7","6.5","6.2","5.5","7.0","10.1","0","13.6","","7.3"
"18A.36","2025","Overcrowding","All ages","All people","Aboriginal and Torres Strait Islander households","All areas","All households","Indigenous community housing","","Indigenous community housing","Households; at 30 June","Total (with bedroom details known)","","","","","AIHW (unpublished) National Housing Assistance Data Repository","no.","3784","1692","3856","2378","633","na","..","na","","12343"
"18A.36","2025","Overcrowding","All ages","All people","Aboriginal and Torres Strait Islander households","All areas","All households","Indigenous community housing","","Indigenous community housing","Households; at 30 June","Living in overcrowded conditions","","","","","AIHW (unpublished) National Housing Assistance Data Repository","no.","350","163","953","352","187","na","..","na","","2005"
"18A.36","2025","Overcrowding","All ages","All people","Aboriginal and Torres Strait Islander households","All areas","All households","Indigenous community housing","","Indigenous community housing","Households; at 30 June","Living in overcrowded conditions","","","","","AIHW (unpublished) National Housing Assistance Data Repository","%","9.2","9.6","24.7","14.8","29.5","na","..","na","","16.2"
"18A.36","2024","Overcrowding","All ages","All people","Aboriginal and Torres Strait Islander households","All areas","All households","Public housing","","Public housing","Households; at 30 June","Total (with bedroom details known)","","","","","AIHW (unpublished) National Housing Assistance Data Repository","no.","8292","4162","10537","9987","3242","417","1082","2597","","40316"
"18A.36","2024","Overcrowding","All ages","All people","Aboriginal and Torres Strait Islander households","All areas","All households","Public housing","","Public housing","Households; at 30 June","Living in overcrowded conditions","","","","","AIHW (unpublished) National Housing Assistance Data Repository","no.","440","448","1384","1005","204","41","86","369","","3977"
"18A.36","2024","Overcrowding","All ages","All people","Aboriginal and Torres Strait Islander households","All areas","All households","Public housing","","Public housing","Households; at 30 June","Living in overcrowded conditions","","","","","AIHW (unpublished) National Housing Assistance Data Repository","%","5.3","10.8","13.1","10.1","6.3","9.8","7.9","14.2","","9.9"
"18A.36","2024","Overcrowding","All ages","All people","Aboriginal and Torres Strait Islander households","All areas","All households","State owned and managed Indigenous housing","","State owned and managed Indigenous housing","Households; at 30 June","Total (with bedroom details known)","","","","","AIHW (unpublished) National Housing Assistance Data Repository","no.","5062","..","3197","..","1158","155","..","4962","","14534"
"18A.36","2024","Overcrowding","All ages","All people","Aboriginal and Torres Strait Islander households","All areas","All households","State owned and managed Indigenous housing","","State owned and managed Indigenous housing","Households; at 30 June","Living in overcrowded conditions","","","","","AIHW (unpublished) National Housing Assistance Data Repository","no.","385","..","489","..","112","9","..","2554","","3549"
"18A.36","2024","Overcrowding","All ages","All people","Aboriginal and Torres Strait Islander households","All areas","All households","State owned and managed Indigenous housing","","State owned and managed Indigenous housing","Households; at 30 June","Living in overcrowded conditions","","","","","AIHW (unpublished) National Housing Assistance Data Repository","%","7.6","..","15.3","..","9.7","5.8","..","51.5","","24.4"
"18A.36","2024","Overcrowding","All ages","All people","Aboriginal and Torres Strait Islander households","All areas","All households","Community housing","","Community housing","Households; at 30 June","Total (with bedroom details known)","","","","","AIHW (unpublished) National Housing Assistance Data Repository","no.","5852","747","1524","1331","1151","548","37","na","","11190"
"18A.36","2024","Overcrowding","All ages","All people","Aboriginal and Torres Strait Islander households","All areas","All households","Community housing","","Community housing","Households; at 30 June","Living in overcrowded conditions","","","","","AIHW (unpublished) National Housing Assistance Data Repository","no.","493","39","86","73","79","45","0","na","","815"
"18A.36","2024","Overcrowding","All ages","All people","Aboriginal and Torres Strait Islander households","All areas","All households","Community housing","","Community housing","Households; at 30 June","Living in overcrowded conditions","","","","","AIHW (unpublished) National Housing Assistance Data Repository","%","8.4","5.2","5.6","5.5","6.9","8.2","0","na","","7.3"
"18A.36","2024","Overcrowding","All ages","All people","Aboriginal and Torres Strait Islander households","All areas","All households","Indigenous community housing","","Indigenous community housing","Households; at 30 June","Total (with bedroom details known)","","","","","AIHW (unpublished) National Housing Assistance Data Repository","no.","3673","1708","3819","2327","622","na","..","na","","12149"
"18A.36","2024","Overcrowding","All ages","All people","Aboriginal and Torres Strait Islander households","All areas","All households","Indigenous community housing","","Indigenous community housing","Households; at 30 June","Living in overcrowded conditions","","","","","AIHW (unpublished) National Housing Assistance Data Repository","no.","320","177","922","342","187","na","..","na","","1948"
"18A.36","2024","Overcrowding","All ages","All people","Aboriginal and Torres Strait Islander households","All areas","All households","Indigenous community housing","","Indigenous community housing","Households; at 30 June","Living in overcrowded conditions","","","","","AIHW (unpublished) National Housing Assistance Data Repository","%","8.7","10.4","24.1","14.7","30.1","na","..","na","","16.0"
"18A.36","2023","Overcrowding","All ages","All people","Aboriginal and Torres Strait Islander households","All areas","All households","Public housing","","Public housing","Households; at 30 June","Total (with bedroom details known)","","","","","AIHW (unpublished) National Housing Assistance Data Repository","no.","9289","3390","9936","9508","3135","427","1021","2629","","39335"
"18A.36","2023","Overcrowding","All ages","All people","Aboriginal and Torres Strait Islander households","All areas","All households","Public housing","","Public housing","Households; at 30 June","Living in overcrowded conditions","","","","","AIHW (unpublished) National Housing Assistance Data Repository","no.","521","231","1298","903","213","44","70","362","","3642"
"18A.36","2023","Overcrowding","All ages","All people","Aboriginal and Torres Strait Islander households","All areas","All households","Public housing","","Public housing","Households; at 30 June","Living in overcrowded conditions","","","","","AIHW (unpublished) National Housing Assistance Data Repository","%","5.6","6.8","13.1","9.5","6.8","10.3","6.9","13.8","","9.3"
"18A.36","2023","Overcrowding","All ages","All people","Aboriginal and Torres Strait Islander households","All areas","All households","State owned and managed Indigenous housing","","State owned and managed Indigenous housing","Households; at 30 June","Total (with bedroom details known)","","","","","AIHW (unpublished) National Housing Assistance Data Repository","no.","3526","..","3173","..","1168","156","..","4855","","12878"
"18A.36","2023","Overcrowding","All ages","All people","Aboriginal and Torres Strait Islander households","All areas","All households","State owned and managed Indigenous housing","","State owned and managed Indigenous housing","Households; at 30 June","Living in overcrowded conditions","","","","","AIHW (unpublished) National Housing Assistance Data Repository","no.","260","..","510","..","99","11","..","2566","","3446"
"18A.36","2023","Overcrowding","All ages","All people","Aboriginal and Torres Strait Islander households","All areas","All households","State owned and managed Indigenous housing","","State owned and managed Indigenous housing","Households; at 30 June","Living in overcrowded conditions","","","","","AIHW (unpublished) National Housing Assistance Data Repository","%","7.4","..","16.1","..","8.5","7.1","..","52.9","","26.8"
"18A.36","2023","Overcrowding","All ages","All people","Aboriginal and Torres Strait Islander households","All areas","All households","Community housing","","Community housing","Households; at 30 June","Total (with bedroom details known)","","","","","AIHW (unpublished) National Housing Assistance Data Repository","no.","5809","923","1459","1223","1098","519","30","na","","11061"
"18A.36","2023","Overcrowding","All ages","All people","Aboriginal and Torres Strait Islander households","All areas","All households","Community housing","","Community housing","Households; at 30 June","Living in overcrowded conditions","","","","","AIHW (unpublished) National Housing Assistance Data Repository","no.","525","80","84","57","88","34","0","na","","868"
"18A.36","2023","Overcrowding","All ages","All people","Aboriginal and Torres Strait Islander households","All areas","All households","Community housing","","Community housing","Households; at 30 June","Living in overcrowded conditions","","","","","AIHW (unpublished) National Housing Assistance Data Repository","%","9.0","8.7","5.8","4.7","8.0","6.6","0","na","","7.8"
"18A.36","2023","Overcrowding","All ages","All people","Aboriginal and Torres Strait Islander households","All areas","All households","Indigenous community housing","","Indigenous community housing","Households; at 30 June","Total (with bedroom details known)","","","","","AIHW (unpublished) National Housing Assistance Data Repository","no.","3604","1665","3752","2322","632","na","..","na","","11975"
"18A.36","2023","Overcrowding","All ages","All people","Aboriginal and Torres Strait Islander households","All areas","All households","Indigenous community housing","","Indigenous community housing","Households; at 30 June","Living in overcrowded conditions","","","","","AIHW (unpublished) National Housing Assistance Data Repository","no.","307","189","862","321","189","na","..","na","","1868"
"18A.36","2023","Overcrowding","All ages","All people","Aboriginal and Torres Strait Islander households","All areas","All households","Indigenous community housing","","Indigenous community housing","Households; at 30 June","Living in overcrowded conditions","","","","","AIHW (unpublished) National Housing Assistance Data Repository","%","8.5","11.4","23.0","13.8","29.9","na","..","na","","15.6"
"18A.36","2022","Overcrowding","All ages","All people","Aboriginal and Torres Strait Islander households","All areas","All households","Public housing","","Public housing","Households; at 30 June","Total (with bedroom details known)","","","","","AIHW (unpublished) National Housing Assistance Data Repository","no.","9317","3389","9389","8874","2921","418","977","2619","","37904"
"18A.36","2022","Overcrowding","All ages","All people","Aboriginal and Torres Strait Islander households","All areas","All households","Public housing","","Public housing","Households; at 30 June","Living in overcrowded conditions","","","","","AIHW (unpublished) National Housing Assistance Data Repository","no.","537","360","1190","855","178","42","84","365","","3611"
"18A.36","2022","Overcrowding","All ages","All people","Aboriginal and Torres Strait Islander households","All areas","All households","Public housing","","Public housing","Households; at 30 June","Living in overcrowded conditions","","","","","AIHW (unpublished) National Housing Assistance Data Repository","%","5.8","10.6","12.7","9.6","6.1","10.0","8.6","13.9","","9.5"
"18A.36","2022","Overcrowding","All ages","All people","Aboriginal and Torres Strait Islander households","All areas","All households","State owned and managed Indigenous housing","","State owned and managed Indigenous housing","Households; at 30 June","Total (with bedroom details known)","","","","","AIHW (unpublished) National Housing Assistance Data Repository","no.","3894","..","3180","..","1214","157","..","4882","","13327"
"18A.36","2022","Overcrowding","All ages","All people","Aboriginal and Torres Strait Islander households","All areas","All households","State owned and managed Indigenous housing","","State owned and managed Indigenous housing","Households; at 30 June","Living in overcrowded conditions","","","","","AIHW (unpublished) National Housing Assistance Data Repository","no.","278","..","517","..","102","8","..","2613","","3518"
"18A.36","2022","Overcrowding","All ages","All people","Aboriginal and Torres Strait Islander households","All areas","All households","State owned and managed Indigenous housing","","State owned and managed Indigenous housing","Households; at 30 June","Living in overcrowded conditions","","","","","AIHW (unpublished) National Housing Assistance Data Repository","%","7.1","..","16.3","..","8.4","5.1","..","53.5","","26.4"
"18A.36","2022","Overcrowding","All ages","All people","Aboriginal and Torres Strait Islander households","All areas","All households","Community housing","","Community housing","Households; at 30 June","Total (with bedroom details known)","","","","","AIHW (unpublished) National Housing Assistance Data Repository","no.","5795","674","1651","1122","991","491","15","na","","10739"
"18A.36","2022","Overcrowding","All ages","All people","Aboriginal and Torres Strait Islander households","All areas","All households","Community housing","","Community housing","Households; at 30 June","Living in overcrowded conditions","","","","","AIHW (unpublished) National Housing Assistance Data Repository","no.","241","25","69","64","66","38","0","na","","503"
"18A.36","2022","Overcrowding","All ages","All people","Aboriginal and Torres Strait Islander households","All areas","All households","Community housing","","Community housing","Households; at 30 June","Living in overcrowded conditions","","","","","AIHW (unpublished) National Housing Assistance Data Repository","%","4.2","3.7","4.2","5.7","6.7","7.7","0","na","","4.7"
"18A.36","2022","Overcrowding","All ages","All people","Aboriginal and Torres Strait Islander households","All areas","All households","Indigenous community housing","","Indigenous community housing","Households; at 30 June","Total (with bedroom details known)","","","","","AIHW (unpublished) National Housing Assistance Data Repository","no.","2661","1171","3251","2037","632","na","..","na","","9752"
"18A.36","2022","Overcrowding","All ages","All people","Aboriginal and Torres Strait Islander households","All areas","All households","Indigenous community housing","","Indigenous community housing","Households; at 30 June","Living in overcrowded conditions","","","","","AIHW (unpublished) National Housing Assistance Data Repository","no.","190","44","764","183","192","na","..","na","","1373"
"18A.36","2022","Overcrowding","All ages","All people","Aboriginal and Torres Strait Islander households","All areas","All households","Indigenous community housing","","Indigenous community housing","Households; at 30 June","Living in overcrowded conditions","","","","","AIHW (unpublished) National Housing Assistance Data Repository","%","7.1","3.8","23.5","9.0","30.4","na","..","na","","14.1"
"18A.36","2021","Overcrowding","All ages","All people","Aboriginal and Torres Strait Islander households","All areas","All households","Public housing","","Public housing","Households; at 30 June","Total (with bedroom details known)","","","","","AIHW (unpublished) National Housing Assistance Data Repository","no.","8929","3036","8799","8630","2669","554","973","2620","","36210"
"18A.36","2021","Overcrowding","All ages","All people","Aboriginal and Torres Strait Islander households","All areas","All households","Public housing","","Public housing","Households; at 30 June","Living in overcrowded conditions","","","","","AIHW (unpublished) National Housing Assistance Data Repository","no.","477","326","1006","751","175","61","73","336","","3205"
"18A.36","2021","Overcrowding","All ages","All people","Aboriginal and Torres Strait Islander households","All areas","All households","Public housing","","Public housing","Households; at 30 June","Living in overcrowded conditions","","","","","AIHW (unpublished) National Housing Assistance Data Repository","%","5.3","10.7","11.4","8.7","6.6","11.0","7.5","12.8","","8.9"
"18A.36","2021","Overcrowding","All ages","All people","Aboriginal and Torres Strait Islander households","All areas","All households","State owned and managed Indigenous housing","","State owned and managed Indigenous housing","Households; at 30 June","Total (with bedroom details known)","","","","","AIHW (unpublished) National Housing Assistance Data Repository","no.","4285","..","3170","..","1294","211","..","4899","","13859"
"18A.36","2021","Overcrowding","All ages","All people","Aboriginal and Torres Strait Islander households","All areas","All households","State owned and managed Indigenous housing","","State owned and managed Indigenous housing","Households; at 30 June","Living in overcrowded conditions","","","","","AIHW (unpublished) National Housing Assistance Data Repository","no.","277","..","473","..","106","10","..","2564","","3430"
"18A.36","2021","Overcrowding","All ages","All people","Aboriginal and Torres Strait Islander households","All areas","All households","State owned and managed Indigenous housing","","State owned and managed Indigenous housing","Households; at 30 June","Living in overcrowded conditions","","","","","AIHW (unpublished) National Housing Assistance Data Repository","%","6.5","..","14.9","..","8.2","4.7","..","52.3","","24.7"
"18A.36","2021","Overcrowding","All ages","All people","Aboriginal and Torres Strait Islander households","All areas","All households","Community housing","","Community housing","Households; at 30 June","Total (with bedroom details known)","","","","","AIHW (unpublished) National Housing Assistance Data Repository","no.","5278","641","1637","1212","800","174","20","na","","9762"
"18A.36","2021","Overcrowding","All ages","All people","Aboriginal and Torres Strait Islander households","All areas","All households","Community housing","","Community housing","Households; at 30 June","Living in overcrowded conditions","","","","","AIHW (unpublished) National Housing Assistance Data Repository","no.","207","21","85","62","51","20","1","na","","447"
"18A.36","2021","Overcrowding","All ages","All people","Aboriginal and Torres Strait Islander households","All areas","All households","Community housing","","Community housing","Households; at 30 June","Living in overcrowded conditions","","","","","AIHW (unpublished) National Housing Assistance Data Repository","%","3.9","3.3","5.2","5.1","6.4","11.5","5.0","na","","4.6"
"18A.36","2021","Overcrowding","All ages","All people","Aboriginal and Torres Strait Islander households","All areas","All households","Indigenous community housing","","Indigenous community housing","Households; at 30 June","Total (with bedroom details known)","","","","","AIHW (unpublished) National Housing Assistance Data Repository","no.","2554","1031","3501","2007","624","na","..","na","","9717"
"18A.36","2021","Overcrowding","All ages","All people","Aboriginal and Torres Strait Islander households","All areas","All households","Indigenous community housing","","Indigenous community housing","Households; at 30 June","Living in overcrowded conditions","","","","","AIHW (unpublished) National Housing Assistance Data Repository","no.","189","36","852","167","192","na","..","na","","1436"
"18A.36","2021","Overcrowding","All ages","All people","Aboriginal and Torres Strait Islander households","All areas","All households","Indigenous community housing","","Indigenous community housing","Households; at 30 June","Living in overcrowded conditions","","","","","AIHW (unpublished) National Housing Assistance Data Repository","%","7.4","3.5","24.3","8.3","30.8","na","..","na","","14.8"
"18A.37","2024-25","Overcrowding","All ages","All people","Aboriginal and Torres Strait Islander households","Major cities","All households","Public housing","","Public housing","Households","Living in overcrowded conditions","","","","","AIHW (unpublished) National Housing Assistance Data Repository","%","4.9","8.0","12.5","10.2","6.7","..","6.7","..","","8.5"
"18A.37","2024-25","Overcrowding","All ages","All people","Aboriginal and Torres Strait Islander households","Inner regional","All households","Public housing","","Public housing","Households","Living in overcrowded conditions","","","","","AIHW (unpublished) National Housing Assistance Data Repository","%","5.7","8.3","11.7","9.2","6.4","9.3","5.7","..","","9.0"
"18A.37","2024-25","Overcrowding","All ages","All people","Aboriginal and Torres Strait Islander households","Outer regional","All households","Public housing","","Public housing","Households","Living in overcrowded conditions","","","","","AIHW (unpublished) National Housing Assistance Data Repository","%","6.7","7.4","17.0","10.0","6.4","10.6","..","10.6","","11.9"
"18A.37","2024-25","Overcrowding","All ages","All people","Aboriginal and Torres Strait Islander households","Remote","All households","Public housing","","Public housing","Households","Living in overcrowded conditions","","","","","AIHW (unpublished) National Housing Assistance Data Repository","%","4.0","2.4","9.6","9.8","9.9","1.6","..","16.0","","11.1"
"18A.37","2024-25","Overcrowding","All ages","All people","Aboriginal and Torres Strait Islander households","Very remote","All households","Public housing","","Public housing","Households","Living in overcrowded conditions","","","","","AIHW (unpublished) National Housing Assistance Data Repository","%","9.4","..","10.8","10.4","7.3","0","..","25.1","","11.6"
"18A.37","2023-24","Overcrowding","All ages","All people","Aboriginal and Torres Strait Islander households","Major cities","All households","Public housing","","Public housing","Households","Living in overcrowded conditions","","","","","AIHW (unpublished) National Housing Assistance Data Repository","%","4.9","9.8","12.0","9.6","6.0","..","7.9","..","","8.4"
"18A.37","2023-24","Overcrowding","All ages","All people","Aboriginal and Torres Strait Islander households","Inner regional","All households","Public housing","","Public housing","Households","Living in overcrowded conditions","","","","","AIHW (unpublished) National Housing Assistance Data Repository","%","5.8","11.7","11.8","10.7","5.5","7.9","5.9","..","","9.7"
"18A.37","2023-24","Overcrowding","All ages","All people","Aboriginal and Torres Strait Islander households","Outer regional","All households","Public housing","","Public housing","Households","Living in overcrowded conditions","","","","","AIHW (unpublished) National Housing Assistance Data Repository","%","6.8","11.8","16.4","10.2","6.3","13.2","..","11.7","","12.1"
"18A.37","2023-24","Overcrowding","All ages","All people","Aboriginal and Torres Strait Islander households","Remote","All households","Public housing","","Public housing","Households","Living in overcrowded conditions","","","","","AIHW (unpublished) National Housing Assistance Data Repository","%","7.8","3.8","9.8","10.9","7.6","0.8","..","16.8","","12.1"
"18A.37","2023-24","Overcrowding","All ages","All people","Aboriginal and Torres Strait Islander households","Very remote","All households","Public housing","","Public housing","Households","Living in overcrowded conditions","","","","","AIHW (unpublished) National Housing Assistance Data Repository","%","10.7","..","11.1","10.1","18.4","0","..","24.5","","11.5"
"18A.37","2022-23","Overcrowding","All ages","All people","Aboriginal and Torres Strait Islander households","Major cities","All households","Public housing","","Public housing","Households","Living in overcrowded conditions","","","","","AIHW (unpublished) National Housing Assistance Data Repository","%","5.5","6.8","12.6","9.6","6.4","..","6.9","..","","8.2"
"18A.37","2022-23","Overcrowding","All ages","All people","Aboriginal and Torres Strait Islander households","Inner regional","All households","Public housing","","Public housing","Households","Living in overcrowded conditions","","","","","AIHW (unpublished) National Housing Assistance Data Repository","%","6.3","7.0","11.2","8.4","7.4","8.1","4.5","..","","8.2"
"18A.37","2022-23","Overcrowding","All ages","All people","Aboriginal and Torres Strait Islander households","Outer regional","All households","Public housing","","Public housing","Households","Living in overcrowded conditions","","","","","AIHW (unpublished) National Housing Assistance Data Repository","%","5.5","6.5","15.6","9.1","7.2","14.2","..","11.6","","11.3"
"18A.37","2022-23","Overcrowding","All ages","All people","Aboriginal and Torres Strait Islander households","Remote","All households","Public housing","","Public housing","Households","Living in overcrowded conditions","","","","","AIHW (unpublished) National Housing Assistance Data Repository","%","4.8","0","9.7","9.8","6.3","0.8","..","15.9","","11.2"
"18A.37","2022-23","Overcrowding","All ages","All people","Aboriginal and Torres Strait Islander households","Very remote","All households","Public housing","","Public housing","Households","Living in overcrowded conditions","","","","","AIHW (unpublished) National Housing Assistance Data Repository","%","3.0","..","13.2","9.8","16.7","0","..","23.9","","11.2"
"18A.37","2021-22","Overcrowding","All ages","All people","Aboriginal and Torres Strait Islander households","Major cities","All households","Public housing","","Public housing","Households","Living in overcrowded conditions","","","","","AIHW (unpublished) National Housing Assistance Data Repository","%","5.9","10.0","12.5","9.6","5.9","..","8.6","..","","8.6"
"18A.37","2021-22","Overcrowding","All ages","All people","Aboriginal and Torres Strait Islander households","Inner regional","All households","Public housing","","Public housing","Households","Living in overcrowded conditions","","","","","AIHW (unpublished) National Housing Assistance Data Repository","%","5.7","10.9","11.0","9.1","7.3","8.6","3.3","..","","8.9"
"18A.37","2021-22","Overcrowding","All ages","All people","Aboriginal and Torres Strait Islander households","Outer regional","All households","Public housing","","Public housing","Households","Living in overcrowded conditions","","","","","AIHW (unpublished) National Housing Assistance Data Repository","%","5.2","11.7","14.3","8.9","6.0","13.8","..","11.7","","11.0"
"18A.37","2021-22","Overcrowding","All ages","All people","Aboriginal and Torres Strait Islander households","Remote","All households","Public housing","","Public housing","Households","Living in overcrowded conditions","","","","","AIHW (unpublished) National Housing Assistance Data Repository","%","3.7","0","10.4","10.0","5.6","0","..","16.3","","11.4"
"18A.37","2021-22","Overcrowding","All ages","All people","Aboriginal and Torres Strait Islander households","Very remote","All households","Public housing","","Public housing","Households","Living in overcrowded conditions","","","","","AIHW (unpublished) National Housing Assistance Data Repository","%","5.0","..","14.7","10.4","9.8","0","..","23.4","","11.8"
"18A.37","2020-21","Overcrowding","All ages","All people","Aboriginal and Torres Strait Islander households","Major cities","All households","Public housing","","Public housing","Households","Living in overcrowded conditions","","","","","AIHW (unpublished) National Housing Assistance Data Repository","%","5.5","10.7","11.5","8.9","6.3","..","7.5","..","","8.1"
"18A.37","2020-21","Overcrowding","All ages","All people","Aboriginal and Torres Strait Islander households","Inner regional","All households","Public housing","","Public housing","Households","Living in overcrowded conditions","","","","","AIHW (unpublished) National Housing Assistance Data Repository","%","5.3","11.2","9.8","7.9","5.7","9.8","6.5","..","","8.3"
"18A.37","2020-21","Overcrowding","All ages","All people","Aboriginal and Torres Strait Islander households","Outer regional","All households","Public housing","","Public housing","Households","Living in overcrowded conditions","","","","","AIHW (unpublished) National Housing Assistance Data Repository","%","4.5","9.4","12.8","7.7","6.4","13.8","..","10.8","","10.0"
"18A.37","2020-21","Overcrowding","All ages","All people","Aboriginal and Torres Strait Islander households","Remote","All households","Public housing","","Public housing","Households","Living in overcrowded conditions","","","","","AIHW (unpublished) National Housing Assistance Data Repository","%","4.0","0","8.7","8.3","10.6","3.4","..","14.8","","10.1"
"18A.37","2020-21","Overcrowding","All ages","All people","Aboriginal and Torres Strait Islander households","Very remote","All households","Public housing","","Public housing","Households","Living in overcrowded conditions","","","","","AIHW (unpublished) National Housing Assistance Data Repository","%","1.2","..","12.0","9.7","10.0","0","..","23.4","","10.9"
"18A.38","2024-25","Overcrowding","All ages","All people","Aboriginal and Torres Strait Islander households","Major cities","All households","State owned and managed Indigenous housing","","State owned and managed Indigenous housing","Households","Living in overcrowded conditions","","","","","AIHW (unpublished) National Housing Assistance Data Repository","%","8.0","..","11.3","..","8.7","..","..","..","8.4",""
"18A.38","2024-25","Overcrowding","All ages","All people","Aboriginal and Torres Strait Islander households","Inner regional","All households","State owned and managed Indigenous housing","","State owned and managed Indigenous housing","Households","Living in overcrowded conditions","","","","","AIHW (unpublished) National Housing Assistance Data Repository","%","8.2","..","12.7","..","7.4","4.1","..","..","9.2",""
"18A.38","2024-25","Overcrowding","All ages","All people","Aboriginal and Torres Strait Islander households","Outer regional","All households","State owned and managed Indigenous housing","","State owned and managed Indigenous housing","Households","Living in overcrowded conditions","","","","","AIHW (unpublished) National Housing Assistance Data Repository","%","8.5","..","16.1","..","7.7","6.7","..","56.2","18.6",""
"18A.38","2024-25","Overcrowding","All ages","All people","Aboriginal and Torres Strait Islander households","Remote","All households","State owned and managed Indigenous housing","","State owned and managed Indigenous housing","Households","Living in overcrowded conditions","","","","","AIHW (unpublished) National Housing Assistance Data Repository","%","6.1","..","13.5","..","12.8","0","..","43.2","33.1",""
"18A.38","2024-25","Overcrowding","All ages","All people","Aboriginal and Torres Strait Islander households","Very remote","All households","State owned and managed Indigenous housing","","State owned and managed Indigenous housing","Households","Living in overcrowded conditions","","","","","AIHW (unpublished) National Housing Assistance Data Repository","%","4.6","..","21.9","..","14.9","0","..","52.2","45.9",""
"18A.38","2023-24","Overcrowding","All ages","All people","Aboriginal and Torres Strait Islander households","Major cities","All households","State owned and managed Indigenous housing","","State owned and managed Indigenous housing","Households","Living in overcrowded conditions","","","","","AIHW (unpublished) National Housing Assistance Data Repository","%","7.4","..","10.3","..","8.3","..","..","..","7.8",""
"18A.38","2023-24","Overcrowding","All ages","All people","Aboriginal and Torres Strait Islander households","Inner regional","All households","State owned and managed Indigenous housing","","State owned and managed Indigenous housing","Households","Living in overcrowded conditions","","","","","AIHW (unpublished) National Housing Assistance Data Repository","%","8.5","..","12.5","..","7.9","5.6","..","..","9.7",""
"18A.38","2023-24","Overcrowding","All ages","All people","Aboriginal and Torres Strait Islander households","Outer regional","All households","State owned and managed Indigenous housing","","State owned and managed Indigenous housing","Households","Living in overcrowded conditions","","","","","AIHW (unpublished) National Housing Assistance Data Repository","%","7.8","..","15.3","..","9.8","6.5","..","56.0","19.1",""
"18A.38","2023-24","Overcrowding","All ages","All people","Aboriginal and Torres Strait Islander households","Remote","All households","State owned and managed Indigenous housing","","State owned and managed Indigenous housing","Households","Living in overcrowded conditions","","","","","AIHW (unpublished) National Housing Assistance Data Repository","%","6.8","..","13.8","..","10.4","0","..","44.1","33.7",""
"18A.38","2023-24","Overcrowding","All ages","All people","Aboriginal and Torres Strait Islander households","Very remote","All households","State owned and managed Indigenous housing","","State owned and managed Indigenous housing","Households","Living in overcrowded conditions","","","","","AIHW (unpublished) National Housing Assistance Data Repository","%","4.9","..","22.2","..","18.0","0","..","53.6","47.2",""
"18A.38","2022-23","Overcrowding","All ages","All people","Aboriginal and Torres Strait Islander households","Major cities","All households","State owned and managed Indigenous housing","","State owned and managed Indigenous housing","Households","Living in overcrowded conditions","","","","","AIHW (unpublished) National Housing Assistance Data Repository","%","7.2","..","12.8","..","8.2","..","..","..","8.2",""
"18A.38","2022-23","Overcrowding","All ages","All people","Aboriginal and Torres Strait Islander households","Inner regional","All households","State owned and managed Indigenous housing","","State owned and managed Indigenous housing","Households","Living in overcrowded conditions","","","","","AIHW (unpublished) National Housing Assistance Data Repository","%","7.8","..","12.2","..","2.5","6.5","..","..","9.3",""
"18A.38","2022-23","Overcrowding","All ages","All people","Aboriginal and Torres Strait Islander households","Outer regional","All households","State owned and managed Indigenous housing","","State owned and managed Indigenous housing","Households","Living in overcrowded conditions","","","","","AIHW (unpublished) National Housing Assistance Data Repository","%","7.6","..","16.7","..","7.9","9.4","..","56.6","19.7",""
"18A.38","2022-23","Overcrowding","All ages","All people","Aboriginal and Torres Strait Islander households","Remote","All households","State owned and managed Indigenous housing","","State owned and managed Indigenous housing","Households","Living in overcrowded conditions","","","","","AIHW (unpublished) National Housing Assistance Data Repository","%","7.4","..","13.9","..","5.1","0","..","46.2","35.2",""
"18A.38","2022-23","Overcrowding","All ages","All people","Aboriginal and Torres Strait Islander households","Very remote","All households","State owned and managed Indigenous housing","","State owned and managed Indigenous housing","Households","Living in overcrowded conditions","","","","","AIHW (unpublished) National Housing Assistance Data Repository","%","6.0","..","21.7","..","17.9","0","..","54.8","48.0",""
"18A.38","2021-22","Overcrowding","All ages","All people","Aboriginal and Torres Strait Islander households","Major cities","All households","State owned and managed Indigenous housing","","State owned and managed Indigenous housing","Households","Living in overcrowded conditions","","","","","AIHW (unpublished) National Housing Assistance Data Repository","%","7.4","..","13.3","..","7.3","..","..","..","8.2",""
"18A.38","2021-22","Overcrowding","All ages","All people","Aboriginal and Torres Strait Islander households","Inner regional","All households","State owned and managed Indigenous housing","","State owned and managed Indigenous housing","Households","Living in overcrowded conditions","","","","","AIHW (unpublished) National Housing Assistance Data Repository","%","6.8","..","12.3","..","5.1","5.0","..","..","8.3",""
"18A.38","2021-22","Overcrowding","All ages","All people","Aboriginal and Torres Strait Islander households","Outer regional","All households","State owned and managed Indigenous housing","","State owned and managed Indigenous housing","Households","Living in overcrowded conditions","","","","","AIHW (unpublished) National Housing Assistance Data Repository","%","7.3","..","16.0","..","9.3","5.4","..","56.8","19.4",""
"18A.38","2021-22","Overcrowding","All ages","All people","Aboriginal and Torres Strait Islander households","Remote","All households","State owned and managed Indigenous housing","","State owned and managed Indigenous housing","Households","Living in overcrowded conditions","","","","","AIHW (unpublished) National Housing Assistance Data Repository","%","5.8","..","14.2","..","7.4","0","..","45.2","32.7",""
"18A.38","2021-22","Overcrowding","All ages","All people","Aboriginal and Torres Strait Islander households","Very remote","All households","State owned and managed Indigenous housing","","State owned and managed Indigenous housing","Households","Living in overcrowded conditions","","","","","AIHW (unpublished) National Housing Assistance Data Repository","%","6.9","..","23.6","..","16.7","0","..","55.6","49.3",""
"18A.38","2020-21","Overcrowding","All ages","All people","Aboriginal and Torres Strait Islander households","Major cities","All households","State owned and managed Indigenous housing","","State owned and managed Indigenous housing","Households","Living in overcrowded conditions","","","","","AIHW (unpublished) National Housing Assistance Data Repository","%","6.6","..","11.5","..","7.5","..","..","..","7.5",""
"18A.38","2020-21","Overcrowding","All ages","All people","Aboriginal and Torres Strait Islander households","Inner regional","All households","State owned and managed Indigenous housing","","State owned and managed Indigenous housing","Households","Living in overcrowded conditions","","","","","AIHW (unpublished) National Housing Assistance Data Repository","%","5.9","..","10.3","..","5.9","4.7","..","..","7.0",""
"18A.38","2020-21","Overcrowding","All ages","All people","Aboriginal and Torres Strait Islander households","Outer regional","All households","State owned and managed Indigenous housing","","State owned and managed Indigenous housing","Households","Living in overcrowded conditions","","","","","AIHW (unpublished) National Housing Assistance Data Repository","%","6.9","..","15.2","..","5.9","5.2","..","56.4","18.3",""
"18A.38","2020-21","Overcrowding","All ages","All people","Aboriginal and Torres Strait Islander households","Remote","All households","State owned and managed Indigenous housing","","State owned and managed Indigenous housing","Households","Living in overcrowded conditions","","","","","AIHW (unpublished) National Housing Assistance Data Repository","%","7.0","..","10.9","..","9.3","0","..","43.2","30.9",""
"18A.38","2020-21","Overcrowding","All ages","All people","Aboriginal and Torres Strait Islander households","Very remote","All households","State owned and managed Indigenous housing","","State owned and managed Indigenous housing","Households","Living in overcrowded conditions","","","","","AIHW (unpublished) National Housing Assistance Data Repository","%","7.7","..","23.1","..","18.0","0","..","54.6","48.5",""
"18A.39","2025","Underutilization","All ages","All people","All households","All areas","All households","Public housing","","Public housing","Households; at 30 June","in underutilised dwellings","","","","","AIHW (unpublished) National Housing Assistance Data Repository","%","16.3","18.1","14.4","12.9","24.4","13.6","17.4","7.5","","16.7"
"18A.39","2025","Underutilization","All ages","All people","All households","All areas","All households","State owned and managed Indigenous housing","","State owned and managed Indigenous housing","Households; at 30 June","in underutilised dwellings","","","","","AIHW (unpublished) National Housing Assistance Data Repository","%","26.1","..","18.8","..","31.2","22.4","..","np","","24.5"
"18A.39","2025","Underutilization","All ages","All people","All households","All areas","All households","Community housing","","Community housing","Households; at 30 June","in underutilised dwellings","","","","","AIHW (unpublished) National Housing Assistance Data Repository","%","11.8","5.9","2.7","10.7","19.2","12.1","2.8","10.0","","10.7"
"18A.39","2024","Underutilization","All ages","All people","All households","All areas","All households","Public housing","","Public housing","Households; at 30 June","in underutilised dwellings","","","","","AIHW (unpublished) National Housing Assistance Data Repository","%","16.5","16.8","14.6","13.0","25.0","13.5","17.8","7.3","","16.6"
"18A.39","2024","Underutilization","All ages","All people","All households","All areas","All households","State owned and managed Indigenous housing","","State owned and managed Indigenous housing","Households; at 30 June","in underutilised dwellings","","","","","AIHW (unpublished) National Housing Assistance Data Repository","%","27.0","..","19.1","..","31.9","23.2","..","np","","24.9"
"18A.39","2024","Underutilization","All ages","All people","All households","All areas","All households","Community housing","","Community housing","Households; at 30 June","in underutilised dwellings","","","","","AIHW (unpublished) National Housing Assistance Data Repository","%","11.4","6.5","2.4","10.5","19.4","14.1","4.2","na","","10.8"
"18A.39","2023","Underutilization","All ages","All people","All households","All areas","All households","Public housing","","Public housing","Households; at 30 June","in underutilised dwellings","","","","","AIHW (unpublished) National Housing Assistance Data Repository","%","16.8","18.0","14.9","13.4","25.3","13.5","17.8","7.5","","17.1"
"18A.39","2023","Underutilization","All ages","All people","All households","All areas","All households","State owned and managed Indigenous housing","","State owned and managed Indigenous housing","Households; at 30 June","in underutilised dwellings","","","","","AIHW (unpublished) National Housing Assistance Data Repository","%","29.1","..","18.5","..","33.6","21.8","..","np","","25.5"
"18A.39","2023","Underutilization","All ages","All people","All households","All areas","All households","Community housing","","Community housing","Households; at 30 June","in underutilised dwellings","","","","","AIHW (unpublished) National Housing Assistance Data Repository","%","10.5","6.3","2.1","10.3","20.5","14.0","4.6","na","","10.5"
"18A.39","2022","Underutilization","All ages","All people","All households","All areas","All households","Public housing","","Public housing","Households; at 30 June","in underutilised dwellings","","","","","AIHW (unpublished) National Housing Assistance Data Repository","%","17.0","17.2","15.1","13.5","25.7","13.3","17.8","7.2","","17.0"
"18A.39","2022","Underutilization","All ages","All people","All households","All areas","All households","State owned and managed Indigenous housing","","State owned and managed Indigenous housing","Households; at 30 June","in underutilised dwellings","","","","","AIHW (unpublished) National Housing Assistance Data Repository","%","30.7","..","18.6","..","33.6","19.7","..","np","","26.4"
"18A.39","2022","Underutilization","All ages","All people","All households","All areas","All households","Community housing","","Community housing","Households; at 30 June","in underutilised dwellings","","","","","AIHW (unpublished) National Housing Assistance Data Repository","%","10.2","7.1","2.3","12.0","20.7","15.1","1.8","na","","10.7"
"18A.39","2021","Underutilization","All ages","All people","All households","All areas","All households","Public housing","","Public housing","Households; at 30 June","in underutilised dwellings","","","","","AIHW (unpublished) National Housing Assistance Data Repository","%","16.8","16.4","15.5","13.3","26.2","13.9","18.4","7.5","","16.9"
"18A.39","2021","Underutilization","All ages","All people","All households","All areas","All households","State owned and managed Indigenous housing","","State owned and managed Indigenous housing","Households; at 30 June","in underutilised dwellings","","","","","AIHW (unpublished) National Housing Assistance Data Repository","%","30.7","..","19.7","..","32.2","18.5","..","np","","26.7"
"18A.39","2021","Underutilization","All ages","All people","All households","All areas","All households","Community housing","","Community housing","Households; at 30 June","in underutilised dwellings","","","","","AIHW (unpublished) National Housing Assistance Data Repository","%","10.6","7.9","2.3","10.2","21.5","11.8","2.1","na","","10.7"
"18A.40","2025","Dwelling condition","All ages","All people","All households","All areas","All households","Public housing","","Public housing","Households with at least four working facilities and not more than two major structural problems","","","","","","AIHW (unpublished) National Social Housing Survey","%","65.1","73.8","80.1","76.3","79.6","84.4","71.0","78.7","","73.2"
"18A.40","2025","Dwelling condition","All ages","All people","All households","All areas","All households","Public housing","","Public housing","Households with at least four working facilities and not more than two major structural problems","","","","","95%CI","AIHW (unpublished) National Social Housing Survey","%","4.6","3.7","2.4","4.2","3.9","3.3","3.9","3.7","","1.9"
"18A.40","2025","Dwelling condition","All ages","All people","Aboriginal and Torres Strait Islander households","All areas","All households","Public housing","","Public housing","Households with at least four working facilities and not more than two major structural problems","","","","","","AIHW (unpublished) National Social Housing Survey","%","56.6","62.4","70.5","57.1","58.7","76.2","64.9","66.6","","62.3"
"18A.40","2025","Dwelling condition","All ages","All people","Aboriginal and Torres Strait Islander households","All areas","All households","Public housing","","Public housing","Households with at least four working facilities and not more than two major structural problems","","","","","95%CI","AIHW (unpublished) National Social Housing Survey","%","12.9","16.9","6.5","10.7","15.2","9.1","12.4","7.8","","5.0"
"18A.40","2025","Dwelling condition","All ages","All people","All households","All areas","Households with a member with disability","Public housing","","Public housing","Households with at least four working facilities and not more than two major structural problems","","","","","","AIHW (unpublished) National Social Housing Survey","%","52.1","69.2","75.1","74.1","73.3","82.3","65.1","71.2","","65.4"
"18A.40","2025","Dwelling condition","All ages","All people","All households","All areas","Households with a member with disability","Public housing","","Public housing","Households with at least four working facilities and not more than two major structural problems","","","","","95%CI","AIHW (unpublished) National Social Housing Survey","%","8.7","7.8","4.8","8.3","8.3","6.7","7.7","7.6","","3.8"
"18A.40","2023","Dwelling condition","All ages","All people","All households","All areas","All households","Public housing","","Public housing","Households with at least four working facilities and not more than two major structural problems","","","","","","AIHW (unpublished) National Social Housing Survey","%","60.5","76.7","84.1","82.9","81.6","85.3","76.0","81.3","","75.6"
"18A.40","2023","Dwelling condition","All ages","All people","All households","All areas","All households","Public housing","","Public housing","Households with at least four working facilities and not more than two major structural problems","","","","","95%CI","AIHW (unpublished) National Social Housing Survey","%","6.5","3.9","2.4","3.6","3.9","3.5","3.7","4.0","","2.1"
"18A.40","2023","Dwelling condition","All ages","All people","Aboriginal and Torres Strait Islander households","All areas","All households","Public housing","","Public housing","Households with at least four working facilities and not more than two major structural problems","","","","","","AIHW (unpublished) National Social Housing Survey","%","41.2","57.9","71.5","70.4","74.1","77.5","58.5","67.2","","60.7"
"18A.40","2023","Dwelling condition","All ages","All people","Aboriginal and Torres Strait Islander households","All areas","All households","Public housing","","Public housing","Households with at least four working facilities and not more than two major structural problems","","","","","95%CI","AIHW (unpublished) National Social Housing Survey","%","16.6","20.1","8.0","9.2","13.6","11.3","13.3","9.3","","6.4"
"18A.40","2023","Dwelling condition","All ages","All people","All households","All areas","Households with a member with disability","Public housing","","Public housing","Households with at least four working facilities and not more than two major structural problems","","","","","","AIHW (unpublished) National Social Housing Survey","%","49.6","71.2","73.9","73.4","68.7","79.8","60.0","71.2","","65.8"
"18A.40","2023","Dwelling condition","All ages","All people","All households","All areas","Households with a member with disability","Public housing","","Public housing","Households with at least four working facilities and not more than two major structural problems","","","","","95%CI","AIHW (unpublished) National Social Housing Survey","%","12.2","8.1","5.4","8.3","9.2","8.9","8.4","10.2","","4.2"
"18A.40","2021","Dwelling condition","All ages","All people","All households","All areas","All households","Public housing","","Public housing","Households with at least four working facilities and not more than two major structural problems","","","","","","AIHW (unpublished) National Social Housing Survey","%","69.0","73.6","86.2","78.2","84.7","79.7","73.4","82.2","","76.1"
"18A.40","2021","Dwelling condition","All ages","All people","All households","All areas","All households","Public housing","","Public housing","Households with at least four working facilities and not more than two major structural problems","","","","","95%CI","AIHW (unpublished) National Social Housing Survey","%","5.4","4.3","2.3","4.1","3.6","3.7","3.7","3.9","","2.1"
"18A.40","2021","Dwelling condition","All ages","All people","Aboriginal and Torres Strait Islander households","All areas","All households","Public housing","","Public housing","Households with at least four working facilities and not more than two major structural problems","","","","","","AIHW (unpublished) National Social Housing Survey","%","67.8","61.0","75.4","59.2","63.5","71.6","60.0","69.7","","66.7"
"18A.40","2021","Dwelling condition","All ages","All people","Aboriginal and Torres Strait Islander households","All areas","All households","Public housing","","Public housing","Households with at least four working facilities and not more than two major structural problems","","","","","95%CI","AIHW (unpublished) National Social Housing Survey","%","15.7","20.9","8.0","10.1","19.1","11.0","15.2","9.0","","6.4"
"18A.40","2021","Dwelling condition","All ages","All people","All households","All areas","Households with a member with disability","Public housing","","Public housing","Households with at least four working facilities and not more than two major structural problems","","","","","","AIHW (unpublished) National Social Housing Survey","%","60.0","69.1","86.8","59.8","77.9","75.5","69.0","76.3","","68.7"
"18A.40","2021","Dwelling condition","All ages","All people","All households","All areas","Households with a member with disability","Public housing","","Public housing","Households with at least four working facilities and not more than two major structural problems","","","","","95%CI","AIHW (unpublished) National Social Housing Survey","%","10.3","8.2","4.5","9.3","8.6","7.8","7.2","8.4","","4.4"
"18A.40","2018","Dwelling condition","All ages","All people","All households","All areas","All households","Public housing","","Public housing","Households with at least four working facilities and not more than two major structural problems","","","","","","AIHW (unpublished) National Social Housing Survey","%","76.0","81.7","88.0","80.2","82.5","86.3","80.1","82.4","","80.7"
"18A.40","2018","Dwelling condition","All ages","All people","All households","All areas","All households","Public housing","","Public housing","Households with at least four working facilities and not more than two major structural problems","","","","","95%CI","AIHW (unpublished) National Social Housing Survey","%","4.0","3.2","2.2","3.4","3.6","3.3","3.7","3.5","","1.7"
"18A.40","2018","Dwelling condition","All ages","All people","Aboriginal and Torres Strait Islander households","All areas","All households","Public housing","","Public housing","Households with at least four working facilities and not more than two major structural problems","","","","","","AIHW (unpublished) National Social Housing Survey","%","60.7","55.9","82.8","67.1","73.8","79.8","72.7","76.7","","67.8"
"18A.40","2018","Dwelling condition","All ages","All people","Aboriginal and Torres Strait Islander households","All areas","All households","Public housing","","Public housing","Households with at least four working facilities and not more than two major structural problems","","","","","95%CI","AIHW (unpublished) National Social Housing Survey","%","14.5","16.0","7.1","9.2","15.2","12.3","18.6","6.4","","5.9"
"18A.40","2018","Dwelling condition","All ages","All people","All households","All areas","Households with a member with disability","Public housing","","Public housing","Households with at least four working facilities and not more than two major structural problems","","","","","","AIHW (unpublished) National Social Housing Survey","%","67.9","79.9","82.0","70.7","80.3","85.0","80.0","77.1","","75.5"
"18A.40","2018","Dwelling condition","All ages","All people","All households","All areas","Households with a member with disability","Public housing","","Public housing","Households with at least four working facilities and not more than two major structural problems","","","","","95%CI","AIHW (unpublished) National Social Housing Survey","%","8.7","6.1","4.8","7.6","7.2","6.2","7.7","8.0","","3.5"
"18A.40","2016","Dwelling condition","All ages","All people","All households","All areas","All households","Public housing","","Public housing","Households with at least four working facilities and not more than two major structural problems","","","","","","AIHW (unpublished) National Social Housing Survey","%","75.8","83.1","87.2","81.7","85.5","83.5","81.0","82.8","","81.3"
"18A.40","2016","Dwelling condition","All ages","All people","All households","All areas","All households","Public housing","","Public housing","Households with at least four working facilities and not more than two major structural problems","","","","","95%CI","AIHW (unpublished) National Social Housing Survey","%","3.8","3.3","2.8","3.1","3.2","2.9","3.1","3.0","","1.6"
"18A.40","2016","Dwelling condition","All ages","All people","Aboriginal and Torres Strait Islander households","All areas","All households","Public housing","","Public housing","Households with at least four working facilities and not more than two major structural problems","","","","","","AIHW (unpublished) National Social Housing Survey","%","59.7","78.0","75.1","70.4","76.3","81.4","73.7","78.4","","69.0"
"18A.40","2016","Dwelling condition","All ages","All people","Aboriginal and Torres Strait Islander households","All areas","All households","Public housing","","Public housing","Households with at least four working facilities and not more than two major structural problems","","","","","95%CI","AIHW (unpublished) National Social Housing Survey","%","14.1","17.1","12.5","10.2","18.1","9.9","14.0","6.5","","6.6"
"18A.40","2016","Dwelling condition","All ages","All people","All households","All areas","Households with a member with disability","Public housing","","Public housing","Households with at least four working facilities and not more than two major structural problems","","","","","","AIHW (unpublished) National Social Housing Survey","%","68.5","73.2","82.4","79.0","80.8","79.1","72.5","75.9","","74.1"
"18A.40","2016","Dwelling condition","All ages","All people","All households","All areas","Households with a member with disability","Public housing","","Public housing","Households with at least four working facilities and not more than two major structural problems","","","","","95%CI","AIHW (unpublished) National Social Housing Survey","%","7.3","8.0","6.4","6.8","7.6","5.8","7.3","7.1","","3.6"
"18A.40","2014","Dwelling condition","All ages","All people","All households","All areas","All households","Public housing","","Public housing","Households with at least four working facilities and not more than two major structural problems","","","","","","AIHW (unpublished) National Social Housing Survey","%","74.2","81.7","87.3","81.0","82.6","79.8","74.5","80.8","","79.6"
"18A.40","2014","Dwelling condition","All ages","All people","All households","All areas","All households","Public housing","","Public housing","Households with at least four working facilities and not more than two major structural problems","","","","","95%CI","AIHW (unpublished) National Social Housing Survey","%","1.4","3.5","3.1","3.1","3.3","3.9","4.2","3.9","","1.1"
"18A.40","2014","Dwelling condition","All ages","All people","Aboriginal and Torres Strait Islander households","All areas","All households","Public housing","","Public housing","Households with at least four working facilities and not more than two major structural problems","","","","","","AIHW (unpublished) National Social Housing Survey","%","57.0","60.0","74.7","60.9","82.5","71.4","43.3","69.1","","64.0"
"18A.40","2014","Dwelling condition","All ages","All people","Aboriginal and Torres Strait Islander households","All areas","All households","Public housing","","Public housing","Households with at least four working facilities and not more than two major structural problems","","","","","95%CI","AIHW (unpublished) National Social Housing Survey","%","5.8","25.0","13.4","9.3","18.0","13.7","21.3","9.3","","4.8"
"18A.40","2014","Dwelling condition","All ages","All people","All households","All areas","Households with a member with disability","Public housing","","Public housing","Households with at least four working facilities and not more than two major structural problems","","","","","","AIHW (unpublished) National Social Housing Survey","%","66.2","75.0","81.8","78.3","76.9","80.1","55.6","77.1","","72.9"
"18A.40","2014","Dwelling condition","All ages","All people","All households","All areas","Households with a member with disability","Public housing","","Public housing","Households with at least four working facilities and not more than two major structural problems","","","","","95%CI","AIHW (unpublished) National Social Housing Survey","%","2.9","7.4","6.7","6.6","7.2","6.8","10.5","8.1","","2.4"
"18A.41","2025","Dwelling condition","All ages","All people","All households","All areas","All households","State owned and managed Indigenous housing","","State owned and managed Indigenous housing","Households with at least four working facilities and not more than two major structural problems","","","","","","AIHW (unpublished) National Social Housing Survey","%","47.9","..","78.3","..","61.9","77.1","..","na","","59.7"
"18A.41","2025","Dwelling condition","All ages","All people","All households","All areas","All households","State owned and managed Indigenous housing","","State owned and managed Indigenous housing","Households with at least four working facilities and not more than two major structural problems","","","","","95%CI","AIHW (unpublished) National Social Housing Survey","%","6.1","..","3.7","..","7.1","10.0","..","na","","4.4"
"18A.41","2025","Dwelling condition","All ages","All people","All households","All areas","Households with a member with disability","State owned and managed Indigenous housing","","State owned and managed Indigenous housing","Households with at least four working facilities and not more than two major structural problems","","","","","","AIHW (unpublished) National Social Housing Survey","%","31.8","..","76.7","..","60.0","np","..","na","","46.9"
"18A.41","2025","Dwelling condition","All ages","All people","All households","All areas","Households with a member with disability","State owned and managed Indigenous housing","","State owned and managed Indigenous housing","Households with at least four working facilities and not more than two major structural problems","","","","","95%CI","AIHW (unpublished) National Social Housing Survey","%","10.6","..","8.7","..","17.2","np","..","na","","8.5"
"18A.41","2023","Dwelling condition","All ages","All people","All households","All areas","All households","State owned and managed Indigenous housing","","State owned and managed Indigenous housing","Households with at least four working facilities and not more than two major structural problems","","","","","","AIHW (unpublished) National Social Housing Survey","%","73.1","..","85.8","..","66.8","79.9","..","na","","77.4"
"18A.41","2023","Dwelling condition","All ages","All people","All households","All areas","All households","State owned and managed Indigenous housing","","State owned and managed Indigenous housing","Households with at least four working facilities and not more than two major structural problems","","","","","95%CI","AIHW (unpublished) National Social Housing Survey","%","4.3","..","3.2","..","6.3","14.8","..","na","","2.5"
"18A.41","2023","Dwelling condition","All ages","All people","All households","All areas","Households with a member with disability","State owned and managed Indigenous housing","","State owned and managed Indigenous housing","Households with at least four working facilities and not more than two major structural problems","","","","","","AIHW (unpublished) National Social Housing Survey","%","43.4","..","83.7","..","69.8","np","..","na","","65.8"
"18A.41","2023","Dwelling condition","All ages","All people","All households","All areas","Households with a member with disability","State owned and managed Indigenous housing","","State owned and managed Indigenous housing","Households with at least four working facilities and not more than two major structural problems","","","","","95%CI","AIHW (unpublished) National Social Housing Survey","%","10.1","..","9.1","..","13.0","np","..","na","","6.5"
"18A.41","2021","Dwelling condition","All ages","All people","All households","All areas","All households","State owned and managed Indigenous housing","","State owned and managed Indigenous housing","Households with at least four working facilities and not more than two major structural problems","","","","","","AIHW (unpublished) National Social Housing Survey","%","58.2","..","71.0","..","62.8","84.0","..","na","","63.7"
"18A.41","2021","Dwelling condition","All ages","All people","All households","All areas","All households","State owned and managed Indigenous housing","","State owned and managed Indigenous housing","Households with at least four working facilities and not more than two major structural problems","","","","","95%CI","AIHW (unpublished) National Social Housing Survey","%","7.9","..","4.4","..","6.4","10.5","..","na","","4.4"
"18A.41","2021","Dwelling condition","All ages","All people","All households","All areas","Households with a member with disability","State owned and managed Indigenous housing","","State owned and managed Indigenous housing","Households with at least four working facilities and not more than two major structural problems","","","","","","AIHW (unpublished) National Social Housing Survey","%","53.9","..","67.3","..","48.0","68.3","..","na","","57.9"
"18A.41","2021","Dwelling condition","All ages","All people","All households","All areas","Households with a member with disability","State owned and managed Indigenous housing","","State owned and managed Indigenous housing","Households with at least four working facilities and not more than two major structural problems","","","","","95%CI","AIHW (unpublished) National Social Housing Survey","%","19.4","..","10.0","..","14.0","31.1","..","na","","9.7"
"18A.41","2018","Dwelling condition","All ages","All people","All households","All areas","All households","State owned and managed Indigenous housing","","State owned and managed Indigenous housing","Households with at least four working facilities and not more than two major structural problems","","","","","","AIHW (unpublished) National Social Housing Survey","%","63.1","..","90.8","..","66.0","77.4","..","na","","73.6"
"18A.41","2018","Dwelling condition","All ages","All people","All households","All areas","All households","State owned and managed Indigenous housing","","State owned and managed Indigenous housing","Households with at least four working facilities and not more than two major structural problems","","","","","95%CI","AIHW (unpublished) National Social Housing Survey","%","4.1","..","2.5","..","6.0","11.0","..","na","","2.3"
"18A.41","2018","Dwelling condition","All ages","All people","All households","All areas","Households with a member with disability","State owned and managed Indigenous housing","","State owned and managed Indigenous housing","Households with at least four working facilities and not more than two major structural problems","","","","","","AIHW (unpublished) National Social Housing Survey","%","51.3","..","86.8","..","61.5","61.7","..","na","","67.1"
"18A.41","2018","Dwelling condition","All ages","All people","All households","All areas","Households with a member with disability","State owned and managed Indigenous housing","","State owned and managed Indigenous housing","Households with at least four working facilities and not more than two major structural problems","","","","","95%CI","AIHW (unpublished) National Social Housing Survey","%","12.1","..","7.3","..","13.4","26.8","..","na","","6.5"
"18A.41","2016","Dwelling condition","All ages","All people","All households","All areas","All households","State owned and managed Indigenous housing","","State owned and managed Indigenous housing","Households with at least four working facilities and not more than two major structural problems","","","","","","AIHW (unpublished) National Social Housing Survey","%","67.1","..","89.7","..","67.1","85.8","..","na","","75.2"
"18A.41","2016","Dwelling condition","All ages","All people","All households","All areas","All households","State owned and managed Indigenous housing","","State owned and managed Indigenous housing","Households with at least four working facilities and not more than two major structural problems","","","","","95%CI","AIHW (unpublished) National Social Housing Survey","%","4.2","..","2.6","..","5.2","9.4","..","na","","2.3"
"18A.41","2016","Dwelling condition","All ages","All people","All households","All areas","Households with a member with disability","State owned and managed Indigenous housing","","State owned and managed Indigenous housing","Households with at least four working facilities and not more than two major structural problems","","","","","","AIHW (unpublished) National Social Housing Survey","%","67.1","..","81.7","..","66.6","56.7","..","na","","70.3"
"18A.41","2016","Dwelling condition","All ages","All people","All households","All areas","Households with a member with disability","State owned and managed Indigenous housing","","State owned and managed Indigenous housing","Households with at least four working facilities and not more than two major structural problems","","","","","95%CI","AIHW (unpublished) National Social Housing Survey","%","14.2","..","12.2","..","11.0","33.7","..","na","","7.4"
"18A.41","2014","Dwelling condition","All ages","All people","All households","All areas","All households","State owned and managed Indigenous housing","","State owned and managed Indigenous housing","Households with at least four working facilities and not more than two major structural problems","","","","","","AIHW (unpublished) National Social Housing Survey","%","65.5","..","80.5","..","61.6","74.2","..","na","","70.2"
"18A.41","2014","Dwelling condition","All ages","All people","All households","All areas","All households","State owned and managed Indigenous housing","","State owned and managed Indigenous housing","Households with at least four working facilities and not more than two major structural problems","","","","","95%CI","AIHW (unpublished) National Social Housing Survey","%","4.2","..","3.5","..","6.3","10.7","..","na","","2.5"
"18A.41","2014","Dwelling condition","All ages","All people","All households","All areas","Households with a member with disability","State owned and managed Indigenous housing","","State owned and managed Indigenous housing","Households with at least four working facilities and not more than two major structural problems","","","","","","AIHW (unpublished) National Social Housing Survey","%","55.6","..","78.4","..","66.6","53.9","..","na","","65.3"
"18A.41","2014","Dwelling condition","All ages","All people","All households","All areas","Households with a member with disability","State owned and managed Indigenous housing","","State owned and managed Indigenous housing","Households with at least four working facilities and not more than two major structural problems","","","","","95%CI","AIHW (unpublished) National Social Housing Survey","%","13.0","..","10.4","..","12.1","27.1","..","na","","7.1"
"18A.42","2025","Dwelling condition","All ages","All people","All households","All areas","All households","Community housing","","Community housing","Households with at least four working facilities and not more than two major structural problems","","","","","","AIHW (unpublished) National Social Housing Survey","%","79.3","87.7","89.2","90.1","83.3","80.9","74.4","na","","83.0"
"18A.42","2025","Dwelling condition","All ages","All people","All households","All areas","All households","Community housing","","Community housing","Households with at least four working facilities and not more than two major structural problems","","","","","95%CI","AIHW (unpublished) National Social Housing Survey","%","3.7","3.8","2.7","3.9","2.8","3.6","7.8","na","","1.9"
"18A.42","2025","Dwelling condition","All ages","All people","Aboriginal and Torres Strait Islander households","All areas","All households","Community housing","","Community housing","Households with at least four working facilities and not more than two major structural problems","","","","","","AIHW (unpublished) National Social Housing Survey","%","62.3","np","82.1","84.8","66.4","77.6","60.0","na","","70.0"
"18A.42","2025","Dwelling condition","All ages","All people","Aboriginal and Torres Strait Islander households","All areas","All households","Community housing","","Community housing","Households with at least four working facilities and not more than two major structural problems","","","","","95%CI","AIHW (unpublished) National Social Housing Survey","%","12.1","np","8.8","16.8","12.9","9.2","30.5","na","","7.3"
"18A.42","2025","Dwelling condition","All ages","All people","All households","All areas","Households with a member with disability","Community housing","","Community housing","Households with at least four working facilities and not more than two major structural problems","","","","","","AIHW (unpublished) National Social Housing Survey","%","74.2","83.1","87.7","85.6","76.8","71.1","71.4","na","","77.9"
"18A.42","2025","Dwelling condition","All ages","All people","All households","All areas","Households with a member with disability","Community housing","","Community housing","Households with at least four working facilities and not more than two major structural problems","","","","","95%CI","AIHW (unpublished) National Social Housing Survey","%","7.1","8.5","5.4","8.9","6.4","8.6","15.0","na","","4.0"
"18A.42","2023","Dwelling condition","All ages","All people","All households","All areas","All households","Community housing","","Community housing","Households with at least four working facilities and not more than two major structural problems","","","","","","AIHW (unpublished) National Social Housing Survey","%","81.6","84.6","91.2","88.4","89.7","78.5","88.2","na","","84.4"
"18A.42","2023","Dwelling condition","All ages","All people","All households","All areas","All households","Community housing","","Community housing","Households with at least four working facilities and not more than two major structural problems","","","","","95%CI","AIHW (unpublished) National Social Housing Survey","%","3.9","4.0","2.6","4.7","2.4","4.2","5.0","na","","2.0"
"18A.42","2023","Dwelling condition","All ages","All people","Aboriginal and Torres Strait Islander households","All areas","All households","Community housing","","Community housing","Households with at least four working facilities and not more than two major structural problems","","","","","","AIHW (unpublished) National Social Housing Survey","%","67.4","70.8","84.2","86.6","77.8","60.6","83.3","na","","71.0"
"18A.42","2023","Dwelling condition","All ages","All people","Aboriginal and Torres Strait Islander households","All areas","All households","Community housing","","Community housing","Households with at least four working facilities and not more than two major structural problems","","","","","95%CI","AIHW (unpublished) National Social Housing Survey","%","11.8","12.6","7.9","17.6","13.7","11.0","29.9","na","","6.5"
"18A.42","2023","Dwelling condition","All ages","All people","All households","All areas","Households with a member with disability","Community housing","","Community housing","Households with at least four working facilities and not more than two major structural problems","","","","","","AIHW (unpublished) National Social Housing Survey","%","78.0","76.9","93.2","76.2","82.2","64.6","84.3","na","","79.3"
"18A.42","2023","Dwelling condition","All ages","All people","All households","All areas","Households with a member with disability","Community housing","","Community housing","Households with at least four working facilities and not more than two major structural problems","","","","","95%CI","AIHW (unpublished) National Social Housing Survey","%","8.0","9.1","4.4","14.9","6.4","11.0","10.0","na","","4.4"
"18A.42","2021","Dwelling condition","All ages","All people","All households","All areas","All households","Community housing","","Community housing","Households with at least four working facilities and not more than two major structural problems","","","","","","AIHW (unpublished) National Social Housing Survey","%","77.0","85.4","87.2","90.4","85.6","83.7","81.8","na","","81.9"
"18A.42","2021","Dwelling condition","All ages","All people","All households","All areas","All households","Community housing","","Community housing","Households with at least four working facilities and not more than two major structural problems","","","","","95%CI","AIHW (unpublished) National Social Housing Survey","%","4.4","4.5","3.1","4.1","2.9","4.2","5.5","na","","2.3"
"18A.42","2021","Dwelling condition","All ages","All people","Aboriginal and Torres Strait Islander households","All areas","All households","Community housing","","Community housing","Households with at least four working facilities and not more than two major structural problems","","","","","","AIHW (unpublished) National Social Housing Survey","%","63.4","81.8","78.4","84.6","72.0","76.1","62.5","na","","71.0"
"18A.42","2021","Dwelling condition","All ages","All people","Aboriginal and Torres Strait Islander households","All areas","All households","Community housing","","Community housing","Households with at least four working facilities and not more than two major structural problems","","","","","95%CI","AIHW (unpublished) National Social Housing Survey","%","15.0","20.4","9.4","17.7","13.6","11.0","33.6","na","","8.1"
"18A.42","2021","Dwelling condition","All ages","All people","All households","All areas","Households with a member with disability","Community housing","","Community housing","Households with at least four working facilities and not more than two major structural problems","","","","","","AIHW (unpublished) National Social Housing Survey","%","64.4","72.1","85.9","87.5","81.7","72.3","82.9","na","","71.8"
"18A.42","2021","Dwelling condition","All ages","All people","All households","All areas","Households with a member with disability","Community housing","","Community housing","Households with at least four working facilities and not more than two major structural problems","","","","","95%CI","AIHW (unpublished) National Social Housing Survey","%","9.9","12.0","6.2","11.8","6.6","10.3","8.9","na","","5.5"
"18A.42","2018","Dwelling condition","All ages","All people","All households","All areas","All households","Community housing","","Community housing","Households with at least four working facilities and not more than two major structural problems","","","","","","AIHW (unpublished) National Social Housing Survey","%","86.5","87.2","90.2","95.0","88.3","80.9","85.2","na","","87.9"
"18A.42","2018","Dwelling condition","All ages","All people","All households","All areas","All households","Community housing","","Community housing","Households with at least four working facilities and not more than two major structural problems","","","","","95%CI","AIHW (unpublished) National Social Housing Survey","%","3.9","3.4","2.7","2.2","2.4","4.0","5.9","na","","1.8"
"18A.42","2018","Dwelling condition","All ages","All people","Aboriginal and Torres Strait Islander households","All areas","All households","Community housing","","Community housing","Households with at least four working facilities and not more than two major structural problems","","","","","","AIHW (unpublished) National Social Housing Survey","%","82.0","77.0","73.6","95.7","69.9","72.8","71.4","na","","79.4"
"18A.42","2018","Dwelling condition","All ages","All people","Aboriginal and Torres Strait Islander households","All areas","All households","Community housing","","Community housing","Households with at least four working facilities and not more than two major structural problems","","","","","95%CI","AIHW (unpublished) National Social Housing Survey","%","13.2","23.6","10.6","8.2","14.2","13.2","33.6","na","","7.3"
"18A.42","2018","Dwelling condition","All ages","All people","All households","All areas","Households with a member with disability","Community housing","","Community housing","Households with at least four working facilities and not more than two major structural problems","","","","","","AIHW (unpublished) National Social Housing Survey","%","76.0","85.3","87.8","90.9","82.5","71.3","81.4","na","","81.3"
"18A.42","2018","Dwelling condition","All ages","All people","All households","All areas","Households with a member with disability","Community housing","","Community housing","Households with at least four working facilities and not more than two major structural problems","","","","","95%CI","AIHW (unpublished) National Social Housing Survey","%","10.0","7.3","5.5","5.8","5.8","8.7","11.7","na","","4.2"
"18A.42","2016","Dwelling condition","All ages","All people","All households","All areas","All households","Community housing","","Community housing","Households with at least four working facilities and not more than two major structural problems","","","","","","AIHW (unpublished) National Social Housing Survey","%","88.9","89.8","90.5","90.7","92.1","82.4","92.9","na","","89.1"
"18A.42","2016","Dwelling condition","All ages","All people","All households","All areas","All households","Community housing","","Community housing","Households with at least four working facilities and not more than two major structural problems","","","","","95%CI","AIHW (unpublished) National Social Housing Survey","%","2.6","3.0","3.0","3.0","2.3","3.3","3.8","na","","1.4"
"18A.42","2016","Dwelling condition","All ages","All people","Aboriginal and Torres Strait Islander households","All areas","All households","Community housing","","Community housing","Households with at least four working facilities and not more than two major structural problems","","","","","","AIHW (unpublished) National Social Housing Survey","%","79.4","100.0","77.1","84.7","77.6","65.0","60.0","na","","77.6"
"18A.42","2016","Dwelling condition","All ages","All people","Aboriginal and Torres Strait Islander households","All areas","All households","Community housing","","Community housing","Households with at least four working facilities and not more than two major structural problems","","","","","95%CI","AIHW (unpublished) National Social Housing Survey","%","11.5","..","11.9","13.9","22.2","11.3","43.0","na","","6.3"
"18A.42","2016","Dwelling condition","All ages","All people","All households","All areas","Households with a member with disability","Community housing","","Community housing","Households with at least four working facilities and not more than two major structural problems","","","","","","AIHW (unpublished) National Social Housing Survey","%","85.9","84.2","88.9","87.1","87.6","76.3","91.2","na","","85.4"
"18A.42","2016","Dwelling condition","All ages","All people","All households","All areas","Households with a member with disability","Community housing","","Community housing","Households with at least four working facilities and not more than two major structural problems","","","","","95%CI","AIHW (unpublished) National Social Housing Survey","%","6.0","7.6","6.9","6.1","6.1","7.3","6.8","na","","3.1"
"18A.42","2014","Dwelling condition","All ages","All people","All households","All areas","All households","Community housing","","Community housing","Households with at least four working facilities and not more than two major structural problems","","","","","","AIHW (unpublished) National Social Housing Survey","%","87.5","88.3","94.6","94.4","85.4","82.0","87.5","na","","89.3"
"18A.42","2014","Dwelling condition","All ages","All people","All households","All areas","All households","Community housing","","Community housing","Households with at least four working facilities and not more than two major structural problems","","","","","95%CI","AIHW (unpublished) National Social Housing Survey","%","2.2","3.6","2.5","2.6","4.0","4.8","6.4","na","","1.3"
"18A.42","2014","Dwelling condition","All ages","All people","Aboriginal and Torres Strait Islander households","All areas","All households","Community housing","","Community housing","Households with at least four working facilities and not more than two major structural problems","","","","","","AIHW (unpublished) National Social Housing Survey","%","81.3","69.8","93.0","78.9","66.7","66.7","71.4","na","","81.7"
"18A.42","2014","Dwelling condition","All ages","All people","Aboriginal and Torres Strait Islander households","All areas","All households","Community housing","","Community housing","Households with at least four working facilities and not more than two major structural problems","","","","","95%CI","AIHW (unpublished) National Social Housing Survey","%","9.5","28.6","9.5","25.8","53.4","17.8","33.6","na","","6.6"
"18A.42","2014","Dwelling condition","All ages","All people","All households","All areas","Households with a member with disability","Community housing","","Community housing","Households with at least four working facilities and not more than two major structural problems","","","","","","AIHW (unpublished) National Social Housing Survey","%","82.9","86.3","91.3","92.3","74.6","77.3","70.9","na","","84.4"
"18A.42","2014","Dwelling condition","All ages","All people","All households","All areas","Households with a member with disability","Community housing","","Community housing","Households with at least four working facilities and not more than two major structural problems","","","","","95%CI","AIHW (unpublished) National Social Housing Survey","%","4.9","7.6","6.2","7.3","10.1","8.8","15.0","na","","3.0"
"18A.43","2022-23","Dwelling condition","All ages","All people","Aboriginal and Torres Strait Islander households","All areas","All households","Indigenous community housing","","Indigenous community housing","Households with at least four working facilities and not more than two major structural problems","","","","","","ABS (unpublished) National Aboriginal and Torres Strait Islander Health Survey","%","73.5","93.0","80.7","60.8","69.4","np","np","48.3","","71.3"
"18A.43","2022-23","Dwelling condition","All ages","All people","Aboriginal and Torres Strait Islander households","All areas","All households","Indigenous community housing","","Indigenous community housing","Households with at least four working facilities and not more than two major structural problems","","","","","95%CI","Derived from ABS (unpublished) National Aboriginal and Torres Strait Islander Health Survey","%","13.4","18.0","9.3","17.0","24.8","np","np","10.8","","7.3"
"18A.43","2018-19","Dwelling condition","All ages","All people","Aboriginal and Torres Strait Islander households","All areas","All households","Indigenous community housing","","Indigenous community housing","Households with at least four working facilities and not more than two major structural problems","","","","","","ABS (unpublished) National Aboriginal and Torres Strait Islander Health Survey","%","82.8","77.2","62.7","66.9","66.5","np","0","41.7","","67.9"
"18A.43","2018-19","Dwelling condition","All ages","All people","Aboriginal and Torres Strait Islander households","All areas","All households","Indigenous community housing","","Indigenous community housing","Households with at least four working facilities and not more than two major structural problems","","","","","95%CI","Derived from ABS (unpublished) National Aboriginal and Torres Strait Islander Health Survey","%","16.6","21.5","28.6","16.7","17.3","np","0","11.9","","14.1"
"18A.43","2014-15","Dwelling condition","All ages","All people","Aboriginal and Torres Strait Islander households","All areas","All households","Indigenous community housing","","Indigenous community housing","Households with at least four working facilities and not more than two major structural problems","","","","","","ABS (unpublished) National Aboriginal and Torres Strait Islander Social Survey","%","78.0","83.6","80.5","74.9","73.0","np","0","49.1","","71.4"
"18A.43","2014-15","Dwelling condition","All ages","All people","Aboriginal and Torres Strait Islander households","All areas","All households","Indigenous community housing","","Indigenous community housing","Households with at least four working facilities and not more than two major structural problems","","","","","95%CI","Derived from ABS (unpublished) National Aboriginal and Torres Strait Islander Social Survey","%","9.5","6.4","23.2","20.4","8.6","np","0","4.1","","7.3"
"18A.43","2012-13","Dwelling condition","All ages","All people","Aboriginal and Torres Strait Islander households","All areas","All households","Indigenous community housing","","Indigenous community housing","Households with at least four working facilities and not more than two major structural problems","","","","","","ABS (unpublished) Australian Aboriginal and Torres Strait Islander Health Survey","%","82.8","77.3","71.0","45.9","62.0","92.0","0","38.6","","69.2"
"18A.43","2012-13","Dwelling condition","All ages","All people","Aboriginal and Torres Strait Islander households","All areas","All households","Indigenous community housing","","Indigenous community housing","Households with at least four working facilities and not more than two major structural problems","","","","","95%CI","Derived from ABS (unpublished) Australian Aboriginal and Torres Strait Islander Health Survey","%","10.2","14.8","10.9","18.8","22.2","17.5","0","16.4","","6.8"
"18A.44","2025","Customer satisfaction","All ages","All people","All households","All areas","All households","Public housing","","Public housing","Customer satisfaction","","Sample size","","","","AIHW (unpublished) National Social Housing Survey","no.","773","609","1121","485","636","471","517","557","","5169"
"18A.44","2025","Customer satisfaction","All ages","All people","All households","All areas","All households","Public housing","","Public housing","Customer satisfaction","","Satisfied","","","","AIHW (unpublished) National Social Housing Survey","%","39.5","33.5","39.8","40.8","35.9","41.0","40.2","40.5","","38.1"
"18A.44","2025","Customer satisfaction","All ages","All people","All households","All areas","All households","Public housing","","Public housing","Customer satisfaction","","Satisfied","","","95%CI","AIHW (unpublished) National Social Housing Survey","%","4.8","4.0","3.0","5.0","4.6","4.5","4.2","4.4","","2.0"
"18A.44","2025","Customer satisfaction","All ages","All people","All households","All areas","All households","Public housing","","Public housing","Customer satisfaction","","Very satisfied","","","","AIHW (unpublished) National Social Housing Survey","%","24.2","25.7","35.8","35.9","30.5","33.4","21.7","26.8","","28.7"
"18A.44","2025","Customer satisfaction","All ages","All people","All households","All areas","All households","Public housing","","Public housing","Customer satisfaction","","Very satisfied","","","95%CI","AIHW (unpublished) National Social Housing Survey","%","4.2","3.7","2.9","4.9","4.3","4.3","3.6","3.8","","1.8"
"18A.44","2025","Customer satisfaction","All ages","All people","All households","All areas","All households","Public housing","","Public housing","Customer satisfaction","","Satisfied or very satisfied","","","","AIHW (unpublished) National Social Housing Survey","%","63.7","59.2","75.6","76.7","66.5","74.4","61.9","67.3","","66.9"
"18A.44","2025","Customer satisfaction","All ages","All people","All households","All areas","All households","Public housing","","Public housing","Customer satisfaction","","Satisfied or very satisfied","","","95%CI","AIHW (unpublished) National Social Housing Survey","%","4.6","4.2","2.6","4.3","4.5","4.0","4.2","4.2","","1.9"
"18A.44","2025","Customer satisfaction","All ages","All people","All households","All areas","All households","Public housing","","Public housing","Customer satisfaction","","Dissatisfied or very dissatisfied","","","","AIHW (unpublished) National Social Housing Survey","%","19.8","23.4","11.1","10.3","14.9","12.1","21.1","17.1","","17.2"
"18A.44","2025","Customer satisfaction","All ages","All people","All households","All areas","All households","Public housing","","Public housing","Customer satisfaction","","Dissatisfied or very dissatisfied","","","95%CI","AIHW (unpublished) National Social Housing Survey","%","3.8","3.6","1.9","3.1","3.5","3.0","3.5","3.4","","1.6"
"18A.44","2025","Customer satisfaction","All ages","All people","All households","All areas","Households with a member with disability","Public housing","","Public housing","Customer satisfaction","","Satisfied or very satisfied","","","","AIHW (unpublished) National Social Housing Survey","%","51.2","45.1","66.1","70.5","62.7","70.3","55.6","64.7","","56.8"
"18A.44","2025","Customer satisfaction","All ages","All people","All households","All areas","Households with a member with disability","Public housing","","Public housing","Customer satisfaction","","Satisfied or very satisfied","","","95%CI","AIHW (unpublished) National Social Housing Survey","%","8.6","8.4","5.2","8.8","9.1","8.1","8.1","8.3","","3.8"
"18A.44","2023","Customer satisfaction","All ages","All people","All households","All areas","All households","Public housing","","Public housing","Customer satisfaction","","Sample size","","","","AIHW (unpublished) National Social Housing Survey","no.","446","501","924","494","490","395","509","459","","4218"
"18A.44","2023","Customer satisfaction","All ages","All people","All households","All areas","All households","Public housing","","Public housing","Customer satisfaction","","Satisfied","","","","AIHW (unpublished) National Social Housing Survey","%","39.9","38.3","40.2","43.9","40.6","43.4","40.1","39.3","","40.2"
"18A.44","2023","Customer satisfaction","All ages","All people","All households","All areas","All households","Public housing","","Public housing","Customer satisfaction","","Satisfied","","","95%CI","AIHW (unpublished) National Social Housing Survey","%","6.5","4.5","3.2","4.8","5.0","4.9","4.3","4.7","","2.2"
"18A.44","2023","Customer satisfaction","All ages","All people","All households","All areas","All households","Public housing","","Public housing","Customer satisfaction","","Very satisfied","","","","AIHW (unpublished) National Social Housing Survey","%","13.2","24.1","39.3","31.5","32.1","31.8","25.5","31.3","","26.5"
"18A.44","2023","Customer satisfaction","All ages","All people","All households","All areas","All households","Public housing","","Public housing","Customer satisfaction","","Very satisfied","","","95%CI","AIHW (unpublished) National Social Housing Survey","%","4.4","4.0","3.2","4.5","4.7","4.6","3.8","4.4","","1.8"
"18A.44","2023","Customer satisfaction","All ages","All people","All households","All areas","All households","Public housing","","Public housing","Customer satisfaction","","Satisfied or very satisfied","","","","AIHW (unpublished) National Social Housing Survey","%","53.1","62.3","79.5","75.4","72.8","75.2","65.6","70.6","","66.7"
"18A.44","2023","Customer satisfaction","All ages","All people","All households","All areas","All households","Public housing","","Public housing","Customer satisfaction","","Satisfied or very satisfied","","","95%CI","AIHW (unpublished) National Social Housing Survey","%","6.7","4.5","2.7","4.1","4.6","4.3","4.1","4.5","","2.2"
"18A.44","2023","Customer satisfaction","All ages","All people","All households","All areas","All households","Public housing","","Public housing","Customer satisfaction","","Dissatisfied or very dissatisfied","","","","AIHW (unpublished) National Social Housing Survey","%","20.9","21.7","11.2","12.1","13.1","12.6","20.8","14.6","","16.9"
"18A.44","2023","Customer satisfaction","All ages","All people","All households","All areas","All households","Public housing","","Public housing","Customer satisfaction","","Dissatisfied or very dissatisfied","","","95%CI","AIHW (unpublished) National Social Housing Survey","%","5.5","3.8","2.1","3.1","3.5","3.3","3.5","3.7","","1.8"
"18A.44","2023","Customer satisfaction","All ages","All people","All households","All areas","Households with a member with disability","Public housing","","Public housing","Customer satisfaction","","Satisfied or very satisfied","","","","AIHW (unpublished) National Social Housing Survey","%","45.8","57.6","74.4","60.7","64.6","69.6","58.6","62.3","","59.6"
"18A.44","2023","Customer satisfaction","All ages","All people","All households","All areas","Households with a member with disability","Public housing","","Public housing","Customer satisfaction","","Satisfied or very satisfied","","","95%CI","AIHW (unpublished) National Social Housing Survey","%","12.0","9.0","5.4","9.2","9.6","10.2","8.5","10.4","","4.3"
"18A.44","2021","Customer satisfaction","All ages","All people","All households","All areas","All households","Public housing","","Public housing","Customer satisfaction","","Sample size","","","","AIHW (unpublished) National Social Housing Survey","no.","472","465","935","509","546","503","571","455","","4456"
"18A.44","2021","Customer satisfaction","All ages","All people","All households","All areas","All households","Public housing","","Public housing","Customer satisfaction","","Satisfied","","","","AIHW (unpublished) National Social Housing Survey","%","37.1","40.6","37.4","39.1","37.7","41.6","44.0","42.6","","38.6"
"18A.44","2021","Customer satisfaction","All ages","All people","All households","All areas","All households","Public housing","","Public housing","Customer satisfaction","","Satisfied","","","95%CI","AIHW (unpublished) National Social Housing Survey","%","5.7","4.7","3.2","4.6","4.7","4.4","4.1","4.8","","2.3"
"18A.44","2021","Customer satisfaction","All ages","All people","All households","All areas","All households","Public housing","","Public housing","Customer satisfaction","","Very satisfied","","","","AIHW (unpublished) National Social Housing Survey","%","27.9","26.3","45.7","40.5","41.2","31.5","19.3","36.2","","33.4"
"18A.44","2021","Customer satisfaction","All ages","All people","All households","All areas","All households","Public housing","","Public housing","Customer satisfaction","","Very satisfied","","","95%CI","AIHW (unpublished) National Social Housing Survey","%","5.2","4.1","3.3","4.7","4.8","4.2","3.2","4.6","","2.1"
"18A.44","2021","Customer satisfaction","All ages","All people","All households","All areas","All households","Public housing","","Public housing","Customer satisfaction","","Satisfied or very satisfied","","","","AIHW (unpublished) National Social Housing Survey","%","65.0","66.9","83.1","79.6","78.9","73.0","63.2","78.8","","72.0"
"18A.44","2021","Customer satisfaction","All ages","All people","All households","All areas","All households","Public housing","","Public housing","Customer satisfaction","","Satisfied or very satisfied","","","95%CI","AIHW (unpublished) National Social Housing Survey","%","5.5","4.5","2.5","3.8","4.1","4.0","4.0","4.1","","2.2"
"18A.44","2021","Customer satisfaction","All ages","All people","All households","All areas","All households","Public housing","","Public housing","Customer satisfaction","","Dissatisfied or very dissatisfied","","","","AIHW (unpublished) National Social Housing Survey","%","19.5","17.3","7.9","8.1","10.3","10.1","21.2","10.5","","14.5"
"18A.44","2021","Customer satisfaction","All ages","All people","All households","All areas","All households","Public housing","","Public housing","Customer satisfaction","","Dissatisfied or very dissatisfied","","","95%CI","AIHW (unpublished) National Social Housing Survey","%","4.6","3.6","1.8","2.5","3.0","2.7","3.4","3.2","","1.8"
"18A.44","2021","Customer satisfaction","All ages","All people","All households","All areas","Households with a member with disability","Public housing","","Public housing","Customer satisfaction","","Satisfied or very satisfied","","","","AIHW (unpublished) National Social Housing Survey","%","52.1","59.6","78.2","70.5","73.5","64.1","59.4","76.8","","62.9"
"18A.44","2021","Customer satisfaction","All ages","All people","All households","All areas","Households with a member with disability","Public housing","","Public housing","Customer satisfaction","","Satisfied or very satisfied","","","95%CI","AIHW (unpublished) National Social Housing Survey","%","10.5","8.8","5.4","8.2","9.0","8.6","7.6","8.1","","4.4"
"18A.44","2018","Customer satisfaction","All ages","All people","All households","All areas","All households","Public housing","","Public housing","Customer satisfaction","","Sample size","","","","AIHW (unpublished) National Social Housing Survey","no.","555","656","1078","622","568","511","514","539","","5043"
"18A.44","2018","Customer satisfaction","All ages","All people","All households","All areas","All households","Public housing","","Public housing","Customer satisfaction","","Satisfied","","","","AIHW (unpublished) National Social Housing Survey","%","42.8","40.4","42.2","42.8","39.1","41.5","43.6","49.0","","41.9"
"18A.44","2018","Customer satisfaction","All ages","All people","All households","All areas","All households","Public housing","","Public housing","Customer satisfaction","","Satisfied","","","95%CI","AIHW (unpublished) National Social Housing Survey","%","4.4","3.8","3.1","4.0","4.2","4.3","4.3","4.2","","1.9"
"18A.44","2018","Customer satisfaction","All ages","All people","All households","All areas","All households","Public housing","","Public housing","Customer satisfaction","","Very satisfied","","","","AIHW (unpublished) National Social Housing Survey","%","23.5","32.9","44.5","32.9","40.1","35.5","29.6","29.7","","32.2"
"18A.44","2018","Customer satisfaction","All ages","All people","All households","All areas","All households","Public housing","","Public housing","Customer satisfaction","","Very satisfied","","","95%CI","AIHW (unpublished) National Social Housing Survey","%","3.7","3.6","3.1","3.8","4.3","4.2","3.9","3.9","","1.7"
"18A.44","2018","Customer satisfaction","All ages","All people","All households","All areas","All households","Public housing","","Public housing","Customer satisfaction","","Satisfied or very satisfied","","","","AIHW (unpublished) National Social Housing Survey","%","66.4","73.3","86.8","75.7","79.2","77.0","73.2","78.6","","74.1"
"18A.44","2018","Customer satisfaction","All ages","All people","All households","All areas","All households","Public housing","","Public housing","Customer satisfaction","","Satisfied or very satisfied","","","95%CI","AIHW (unpublished) National Social Housing Survey","%","4.2","3.5","2.1","3.4","3.5","3.7","3.8","3.5","","1.7"
"18A.44","2018","Customer satisfaction","All ages","All people","All households","All areas","All households","Public housing","","Public housing","Customer satisfaction","","Dissatisfied or very dissatisfied","","","","AIHW (unpublished) National Social Housing Survey","%","19.4","11.6","7.0","12.1","9.9","9.3","13.6","9.8","","13.4"
"18A.44","2018","Customer satisfaction","All ages","All people","All households","All areas","All households","Public housing","","Public housing","Customer satisfaction","","Dissatisfied or very dissatisfied","","","95%CI","AIHW (unpublished) National Social Housing Survey","%","3.5","2.5","1.6","2.6","2.6","2.6","3.0","2.5","","1.4"
"18A.44","2018","Customer satisfaction","All ages","All people","All households","All areas","Households with a member with disability","Public housing","","Public housing","Customer satisfaction","","Satisfied or very satisfied","","","","AIHW (unpublished) National Social Housing Survey","%","65.9","69.4","84.4","66.1","81.1","75.4","69.1","71.8","","72.1"
"18A.44","2018","Customer satisfaction","All ages","All people","All households","All areas","Households with a member with disability","Public housing","","Public housing","Customer satisfaction","","Satisfied or very satisfied","","","95%CI","AIHW (unpublished) National Social Housing Survey","%","8.2","6.6","4.1","7.6","6.4","7.0","8.2","7.9","","3.3"
"18A.44","2016","Customer satisfaction","All ages","All people","All households","All areas","All households","Public housing","","Public housing","Customer satisfaction","","Sample size","","","","AIHW (unpublished) National Social Housing Survey","no.","543","540","621","766","502","684","717","660","","5033"
"18A.44","2016","Customer satisfaction","All ages","All people","All households","All areas","All households","Public housing","","Public housing","Customer satisfaction","","Satisfied","","","","AIHW (unpublished) National Social Housing Survey","%","40.5","42.7","38.5","45.4","43.6","41.5","45.0","45.5","","41.7"
"18A.44","2016","Customer satisfaction","All ages","All people","All households","All areas","All households","Public housing","","Public housing","Customer satisfaction","","Satisfied","","","95%CI","AIHW (unpublished) National Social Housing Survey","%","4.1","4.2","3.9","3.7","4.4","3.7","3.6","3.9","","1.9"
"18A.44","2016","Customer satisfaction","All ages","All people","All households","All areas","All households","Public housing","","Public housing","Customer satisfaction","","Very satisfied","","","","AIHW (unpublished) National Social Housing Survey","%","21.2","31.8","47.3","31.3","39.1","37.6","29.9","28.7","","31.4"
"18A.44","2016","Customer satisfaction","All ages","All people","All households","All areas","All households","Public housing","","Public housing","Customer satisfaction","","Very satisfied","","","95%CI","AIHW (unpublished) National Social Housing Survey","%","3.4","3.9","4.0","3.5","4.3","3.6","3.4","3.5","","1.7"
"18A.44","2016","Customer satisfaction","All ages","All people","All households","All areas","All households","Public housing","","Public housing","Customer satisfaction","","Satisfied or very satisfied","","","","AIHW (unpublished) National Social Housing Survey","%","61.7","74.5","85.8","76.7","82.7","79.1","74.8","74.1","","73.1"
"18A.44","2016","Customer satisfaction","All ages","All people","All households","All areas","All households","Public housing","","Public housing","Customer satisfaction","","Satisfied or very satisfied","","","95%CI","AIHW (unpublished) National Social Housing Survey","%","4.1","3.7","2.8","3.2","3.3","3.1","3.2","3.4","","1.8"
"18A.44","2016","Customer satisfaction","All ages","All people","All households","All areas","All households","Public housing","","Public housing","Customer satisfaction","","Dissatisfied or very dissatisfied","","","","AIHW (unpublished) National Social Housing Survey","%","21.4","12.4","4.7","12.3","8.5","8.8","11.2","12.9","","13.7"
"18A.44","2016","Customer satisfaction","All ages","All people","All households","All areas","All households","Public housing","","Public housing","Customer satisfaction","","Dissatisfied or very dissatisfied","","","95%CI","AIHW (unpublished) National Social Housing Survey","%","3.5","2.8","1.7","2.5","2.4","2.1","2.3","2.6","","1.4"
"18A.44","2016","Customer satisfaction","All ages","All people","All households","All areas","Households with a member with disability","Public housing","","Public housing","Customer satisfaction","","Satisfied or very satisfied","","","","AIHW (unpublished) National Social Housing Survey","%","54.9","70.4","81.1","74.1","73.2","70.0","72.5","69.4","","66.6"
"18A.44","2016","Customer satisfaction","All ages","All people","All households","All areas","Households with a member with disability","Public housing","","Public housing","Customer satisfaction","","Satisfied or very satisfied","","","95%CI","AIHW (unpublished) National Social Housing Survey","%","7.7","7.8","6.2","6.9","7.9","6.3","6.9","7.4","","3.7"
"18A.44","2014","Customer satisfaction","All ages","All people","All households","All areas","All households","Public housing","","Public housing","Customer satisfaction","","Sample size","","","","AIHW (unpublished) National Social Housing Survey","no.","4774","568","548","925","605","485","490","484","","8879"
"18A.44","2014","Customer satisfaction","All ages","All people","All households","All areas","All households","Public housing","","Public housing","Customer satisfaction","","Satisfied","","","","AIHW (unpublished) National Social Housing Survey","%","43.7","46.3","43.9","43.1","38.6","43.7","51.0","41.8","","43.8"
"18A.44","2014","Customer satisfaction","All ages","All people","All households","All areas","All households","Public housing","","Public housing","Customer satisfaction","","Satisfied","","","95%CI","AIHW (unpublished) National Social Housing Survey","%","1.5","4.1","4.3","3.8","3.9","4.4","4.4","4.4","","1.3"
"18A.44","2014","Customer satisfaction","All ages","All people","All households","All areas","All households","Public housing","","Public housing","Customer satisfaction","","Very satisfied","","","","AIHW (unpublished) National Social Housing Survey","%","21.1","29.2","39.9","29.9","37.1","29.5","24.7","29.8","","28.9"
"18A.44","2014","Customer satisfaction","All ages","All people","All households","All areas","All households","Public housing","","Public housing","Customer satisfaction","","Very satisfied","","","95%CI","AIHW (unpublished) National Social Housing Survey","%","1.2","3.8","4.2","3.5","3.8","4.1","3.8","4.1","","1.2"
"18A.44","2014","Customer satisfaction","All ages","All people","All households","All areas","All households","Public housing","","Public housing","Customer satisfaction","","Satisfied or very satisfied","","","","AIHW (unpublished) National Social Housing Survey","%","64.8","75.5","83.8","73.0","75.7","73.2","75.7","71.6","","72.7"
"18A.44","2014","Customer satisfaction","All ages","All people","All households","All areas","All households","Public housing","","Public housing","Customer satisfaction","","Satisfied or very satisfied","","","95%CI","AIHW (unpublished) National Social Housing Survey","%","1.5","3.6","3.2","3.4","3.4","3.9","3.8","4.1","","1.2"
"18A.44","2014","Customer satisfaction","All ages","All people","All households","All areas","All households","Public housing","","Public housing","Customer satisfaction","","Dissatisfied or very dissatisfied","","","","AIHW (unpublished) National Social Housing Survey","%","19.2","12.4","5.9","13.4","12.0","12.8","12.5","13.5","","13.9"
"18A.44","2014","Customer satisfaction","All ages","All people","All households","All areas","All households","Public housing","","Public housing","Customer satisfaction","","Dissatisfied or very dissatisfied","","","95%CI","AIHW (unpublished) National Social Housing Survey","%","1.2","2.7","2.0","2.6","2.6","3.0","2.9","3.1","","0.9"
"18A.44","2014","Customer satisfaction","All ages","All people","All households","All areas","Households with a member with disability","Public housing","","Public housing","Customer satisfaction","","Satisfied or very satisfied","","","","AIHW (unpublished) National Social Housing Survey","%","58.5","63.7","81.1","70.1","71.7","75.8","73.0","60.6","","66.4"
"18A.44","2014","Customer satisfaction","All ages","All people","All households","All areas","Households with a member with disability","Public housing","","Public housing","Customer satisfaction","","Satisfied or very satisfied","","","95%CI","AIHW (unpublished) National Social Housing Survey","%","2.8","7.5","6.3","7.0","7.1","6.7","8.9","8.6","","2.4"
"18A.45","2025","Customer satisfaction","All ages","All people","All households","All areas","All households","State owned and managed Indigenous housing","","State owned and managed Indigenous housing","Customer satisfaction","","Sample size","","","","AIHW (unpublished) National Social Housing Survey","no.","504","..","505","..","187","47","..","na","","1243"
"18A.45","2025","Customer satisfaction","All ages","All people","All households","All areas","All households","State owned and managed Indigenous housing","","State owned and managed Indigenous housing","Customer satisfaction","","Satisfied","","","","AIHW (unpublished) National Social Housing Survey","%","32.9","..","45.3","..","44.1","42.6","..","na","","38.4"
"18A.45","2025","Customer satisfaction","All ages","All people","All households","All areas","All households","State owned and managed Indigenous housing","","State owned and managed Indigenous housing","Customer satisfaction","","Satisfied","","","95%CI","AIHW (unpublished) National Social Housing Survey","%","7.8","..","4.3","..","7.3","14.5","..","na","","4.5"
"18A.45","2025","Customer satisfaction","All ages","All people","All households","All areas","All households","State owned and managed Indigenous housing","","State owned and managed Indigenous housing","Customer satisfaction","","Very satisfied","","","","AIHW (unpublished) National Social Housing Survey","%","12.1","..","29.6","..","20.6","29.8","..","na","","19.0"
"18A.45","2025","Customer satisfaction","All ages","All people","All households","All areas","All households","State owned and managed Indigenous housing","","State owned and managed Indigenous housing","Customer satisfaction","","Very satisfied","","","95%CI","AIHW (unpublished) National Social Housing Survey","%","4.1","..","4.9","..","5.9","10.2","..","na","","3.0"
"18A.45","2025","Customer satisfaction","All ages","All people","All households","All areas","All households","State owned and managed Indigenous housing","","State owned and managed Indigenous housing","Customer satisfaction","","Satisfied or very satisfied","","","","AIHW (unpublished) National Social Housing Survey","%","45.0","..","74.9","..","64.7","72.3","..","na","","57.4"
"18A.45","2025","Customer satisfaction","All ages","All people","All households","All areas","All households","State owned and managed Indigenous housing","","State owned and managed Indigenous housing","Customer satisfaction","","Satisfied or very satisfied","","","95%CI","AIHW (unpublished) National Social Housing Survey","%","7.7","..","4.6","..","7.0","11.2","..","na","","4.6"
"18A.45","2025","Customer satisfaction","All ages","All people","All households","All areas","All households","State owned and managed Indigenous housing","","State owned and managed Indigenous housing","Customer satisfaction","","Dissatisfied or very dissatisfied","","","","AIHW (unpublished) National Social Housing Survey","%","36.2","..","14.2","..","18.0","14.9","..","na","","26.6"
"18A.45","2025","Customer satisfaction","All ages","All people","All households","All areas","All households","State owned and managed Indigenous housing","","State owned and managed Indigenous housing","Customer satisfaction","","Dissatisfied or very dissatisfied","","","95%CI","AIHW (unpublished) National Social Housing Survey","%","5.9","..","3.8","..","5.6","7.9","..","na","","3.7"
"18A.45","2025","Customer satisfaction","All ages","All people","All households","All areas","Households with a member with disability","State owned and managed Indigenous housing","","State owned and managed Indigenous housing","Customer satisfaction","","Satisfied or very satisfied","","","","AIHW (unpublished) National Social Housing Survey","%","27.4","..","72.2","..","49.2","np","..","na","","42.0"
"18A.45","2025","Customer satisfaction","All ages","All people","All households","All areas","Households with a member with disability","State owned and managed Indigenous housing","","State owned and managed Indigenous housing","Customer satisfaction","","Satisfied or very satisfied","","","95%CI","AIHW (unpublished) National Social Housing Survey","%","16.5","..","9.5","..","16.8","np","..","na","","10.4"
"18A.45","2023","Customer satisfaction","All ages","All people","All households","All areas","All households","State owned and managed Indigenous housing","","State owned and managed Indigenous housing","Customer satisfaction","","Sample size","","","","AIHW (unpublished) National Social Housing Survey","no.","544","..","512","..","218","27","..","na","","1301"
"18A.45","2023","Customer satisfaction","All ages","All people","All households","All areas","All households","State owned and managed Indigenous housing","","State owned and managed Indigenous housing","Customer satisfaction","","Satisfied","","","","AIHW (unpublished) National Social Housing Survey","%","30.6","..","52.7","..","41.9","44.1","..","na","","41.8"
"18A.45","2023","Customer satisfaction","All ages","All people","All households","All areas","All households","State owned and managed Indigenous housing","","State owned and managed Indigenous housing","Customer satisfaction","","Satisfied","","","95%CI","AIHW (unpublished) National Social Housing Survey","%","5.2","..","3.7","..","6.8","19.8","..","na","","3.2"
"18A.45","2023","Customer satisfaction","All ages","All people","All households","All areas","All households","State owned and managed Indigenous housing","","State owned and managed Indigenous housing","Customer satisfaction","","Very satisfied","","","","AIHW (unpublished) National Social Housing Survey","%","28.8","..","24.1","..","21.8","32.2","..","na","","25.8"
"18A.45","2023","Customer satisfaction","All ages","All people","All households","All areas","All households","State owned and managed Indigenous housing","","State owned and managed Indigenous housing","Customer satisfaction","","Very satisfied","","","95%CI","AIHW (unpublished) National Social Housing Survey","%","6.7","..","4.1","..","5.8","17.0","..","na","","3.4"
"18A.45","2023","Customer satisfaction","All ages","All people","All households","All areas","All households","State owned and managed Indigenous housing","","State owned and managed Indigenous housing","Customer satisfaction","","Satisfied or very satisfied","","","","AIHW (unpublished) National Social Housing Survey","%","59.5","..","76.8","..","63.7","76.3","..","na","","67.6"
"18A.45","2023","Customer satisfaction","All ages","All people","All households","All areas","All households","State owned and managed Indigenous housing","","State owned and managed Indigenous housing","Customer satisfaction","","Satisfied or very satisfied","","","95%CI","AIHW (unpublished) National Social Housing Survey","%","4.3","..","4.1","..","6.5","16.0","..","na","","2.7"
"18A.45","2023","Customer satisfaction","All ages","All people","All households","All areas","All households","State owned and managed Indigenous housing","","State owned and managed Indigenous housing","Customer satisfaction","","Dissatisfied or very dissatisfied","","","","AIHW (unpublished) National Social Housing Survey","%","30.3","..","16.6","..","17.1","7.2","..","na","","22.0"
"18A.45","2023","Customer satisfaction","All ages","All people","All households","All areas","All households","State owned and managed Indigenous housing","","State owned and managed Indigenous housing","Customer satisfaction","","Dissatisfied or very dissatisfied","","","95%CI","AIHW (unpublished) National Social Housing Survey","%","4.6","..","4.0","..","5.1","9.7","..","na","","2.6"
"18A.45","2023","Customer satisfaction","All ages","All people","All households","All areas","Households with a member with disability","State owned and managed Indigenous housing","","State owned and managed Indigenous housing","Customer satisfaction","","Satisfied or very satisfied","","","","AIHW (unpublished) National Social Housing Survey","%","35.2","..","75.4","..","49.3","np","..","na","","55.6"
"18A.45","2023","Customer satisfaction","All ages","All people","All households","All areas","Households with a member with disability","State owned and managed Indigenous housing","","State owned and managed Indigenous housing","Customer satisfaction","","Satisfied or very satisfied","","","95%CI","AIHW (unpublished) National Social Housing Survey","%","17.2","..","10.0","..","15.6","np","..","na","","9.0"
"18A.45","2021","Customer satisfaction","All ages","All people","All households","All areas","All households","State owned and managed Indigenous housing","","State owned and managed Indigenous housing","Customer satisfaction","","Sample size","","","","AIHW (unpublished) National Social Housing Survey","no.","530","..","516","..","255","51","..","na","","1352"
"18A.45","2021","Customer satisfaction","All ages","All people","All households","All areas","All households","State owned and managed Indigenous housing","","State owned and managed Indigenous housing","Customer satisfaction","","Satisfied","","","","AIHW (unpublished) National Social Housing Survey","%","31.6","..","40.5","..","42.3","49.3","..","na","","36.5"
"18A.45","2021","Customer satisfaction","All ages","All people","All households","All areas","All households","State owned and managed Indigenous housing","","State owned and managed Indigenous housing","Customer satisfaction","","Satisfied","","","95%CI","AIHW (unpublished) National Social Housing Survey","%","5.7","..","4.9","..","6.3","14.2","..","na","","3.5"
"18A.45","2021","Customer satisfaction","All ages","All people","All households","All areas","All households","State owned and managed Indigenous housing","","State owned and managed Indigenous housing","Customer satisfaction","","Very satisfied","","","","AIHW (unpublished) National Social Housing Survey","%","22.1","..","39.3","..","22.6","23.6","..","na","","28.0"
"18A.45","2021","Customer satisfaction","All ages","All people","All households","All areas","All households","State owned and managed Indigenous housing","","State owned and managed Indigenous housing","Customer satisfaction","","Very satisfied","","","95%CI","AIHW (unpublished) National Social Housing Survey","%","6.9","..","4.8","..","5.6","12.0","..","na","","4.1"
"18A.45","2021","Customer satisfaction","All ages","All people","All households","All areas","All households","State owned and managed Indigenous housing","","State owned and managed Indigenous housing","Customer satisfaction","","Satisfied or very satisfied","","","","AIHW (unpublished) National Social Housing Survey","%","53.7","..","79.8","..","64.9","72.9","..","na","","64.5"
"18A.45","2021","Customer satisfaction","All ages","All people","All households","All areas","All households","State owned and managed Indigenous housing","","State owned and managed Indigenous housing","Customer satisfaction","","Satisfied or very satisfied","","","95%CI","AIHW (unpublished) National Social Housing Survey","%","8.1","..","4.1","..","6.1","12.1","..","na","","4.8"
"18A.45","2021","Customer satisfaction","All ages","All people","All households","All areas","All households","State owned and managed Indigenous housing","","State owned and managed Indigenous housing","Customer satisfaction","","Dissatisfied or very dissatisfied","","","","AIHW (unpublished) National Social Housing Survey","%","28.2","..","6.8","..","15.7","9.5","..","na","","18.8"
"18A.45","2021","Customer satisfaction","All ages","All people","All households","All areas","All households","State owned and managed Indigenous housing","","State owned and managed Indigenous housing","Customer satisfaction","","Dissatisfied or very dissatisfied","","","95%CI","AIHW (unpublished) National Social Housing Survey","%","6.1","..","2.3","..","4.5","7.3","..","na","","3.4"
"18A.45","2021","Customer satisfaction","All ages","All people","All households","All areas","Households with a member with disability","State owned and managed Indigenous housing","","State owned and managed Indigenous housing","Customer satisfaction","","Satisfied or very satisfied","","","","AIHW (unpublished) National Social Housing Survey","%","42.3","..","71.4","..","51.8","50.0","..","na","","54.7"
"18A.45","2021","Customer satisfaction","All ages","All people","All households","All areas","Households with a member with disability","State owned and managed Indigenous housing","","State owned and managed Indigenous housing","Customer satisfaction","","Satisfied or very satisfied","","","95%CI","AIHW (unpublished) National Social Housing Survey","%","19.4","..","10.1","..","13.8","31.9","..","na","","9.6"
"18A.45","2018","Customer satisfaction","All ages","All people","All households","All areas","All households","State owned and managed Indigenous housing","","State owned and managed Indigenous housing","Customer satisfaction","","Sample size","","","","AIHW (unpublished) National Social Housing Survey","no.","534","..","525","..","287","65","..","na","","1411"
"18A.45","2018","Customer satisfaction","All ages","All people","All households","All areas","All households","State owned and managed Indigenous housing","","State owned and managed Indigenous housing","Customer satisfaction","","Satisfied","","","","AIHW (unpublished) National Social Housing Survey","%","46.3","..","60.3","..","41.9","38.4","..","na","","50.3"
"18A.45","2018","Customer satisfaction","All ages","All people","All households","All areas","All households","State owned and managed Indigenous housing","","State owned and managed Indigenous housing","Customer satisfaction","","Satisfied","","","95%CI","AIHW (unpublished) National Social Housing Survey","%","4.2","..","4.2","..","5.7","12.0","..","na","","2.7"
"18A.45","2018","Customer satisfaction","All ages","All people","All households","All areas","All households","State owned and managed Indigenous housing","","State owned and managed Indigenous housing","Customer satisfaction","","Very satisfied","","","","AIHW (unpublished) National Social Housing Survey","%","13.3","..","14.1","..","26.6","30.6","..","na","","15.9"
"18A.45","2018","Customer satisfaction","All ages","All people","All households","All areas","All households","State owned and managed Indigenous housing","","State owned and managed Indigenous housing","Customer satisfaction","","Very satisfied","","","95%CI","AIHW (unpublished) National Social Housing Survey","%","2.9","..","3.0","..","5.2","11.3","..","na","","1.9"
"18A.45","2018","Customer satisfaction","All ages","All people","All households","All areas","All households","State owned and managed Indigenous housing","","State owned and managed Indigenous housing","Customer satisfaction","","Satisfied or very satisfied","","","","AIHW (unpublished) National Social Housing Survey","%","59.6","..","74.3","..","68.5","69.0","..","na","","66.2"
"18A.45","2018","Customer satisfaction","All ages","All people","All households","All areas","All households","State owned and managed Indigenous housing","","State owned and managed Indigenous housing","Customer satisfaction","","Satisfied or very satisfied","","","95%CI","AIHW (unpublished) National Social Housing Survey","%","4.2","..","3.7","..","5.2","11.4","..","na","","2.5"
"18A.45","2018","Customer satisfaction","All ages","All people","All households","All areas","All households","State owned and managed Indigenous housing","","State owned and managed Indigenous housing","Customer satisfaction","","Dissatisfied or very dissatisfied","","","","AIHW (unpublished) National Social Housing Survey","%","27.4","..","18.5","..","15.0","18.6","..","na","","22.3"
"18A.45","2018","Customer satisfaction","All ages","All people","All households","All areas","All households","State owned and managed Indigenous housing","","State owned and managed Indigenous housing","Customer satisfaction","","Dissatisfied or very dissatisfied","","","95%CI","AIHW (unpublished) National Social Housing Survey","%","3.8","..","3.3","..","3.9","9.6","..","na","","2.3"
"18A.45","2018","Customer satisfaction","All ages","All people","All households","All areas","Households with a member with disability","State owned and managed Indigenous housing","","State owned and managed Indigenous housing","Customer satisfaction","","Satisfied or very satisfied","","","","AIHW (unpublished) National Social Housing Survey","%","49.1","..","68.8","..","59.2","66.2","..","na","","59.0"
"18A.45","2018","Customer satisfaction","All ages","All people","All households","All areas","Households with a member with disability","State owned and managed Indigenous housing","","State owned and managed Indigenous housing","Customer satisfaction","","Satisfied or very satisfied","","","95%CI","AIHW (unpublished) National Social Housing Survey","%","12.1","..","9.9","..","12.5","24.2","..","na","","6.7"
"18A.45","2016","Customer satisfaction","All ages","All people","All households","All areas","All households","State owned and managed Indigenous housing","","State owned and managed Indigenous housing","Customer satisfaction","","Sample size","","","","AIHW (unpublished) National Social Housing Survey","no.","494","..","513","..","332","60","..","na","","1399"
"18A.45","2016","Customer satisfaction","All ages","All people","All households","All areas","All households","State owned and managed Indigenous housing","","State owned and managed Indigenous housing","Customer satisfaction","","Satisfied","","","","AIHW (unpublished) National Social Housing Survey","%","47.5","..","57.7","..","45.7","39.2","..","na","","50.5"
"18A.45","2016","Customer satisfaction","All ages","All people","All households","All areas","All households","State owned and managed Indigenous housing","","State owned and managed Indigenous housing","Customer satisfaction","","Satisfied","","","95%CI","AIHW (unpublished) National Social Housing Survey","%","4.4","..","4.3","..","5.4","12.6","..","na","","2.7"
"18A.45","2016","Customer satisfaction","All ages","All people","All households","All areas","All households","State owned and managed Indigenous housing","","State owned and managed Indigenous housing","Customer satisfaction","","Very satisfied","","","","AIHW (unpublished) National Social Housing Survey","%","10.5","..","21.7","..","23.4","35.8","..","na","","17.1"
"18A.45","2016","Customer satisfaction","All ages","All people","All households","All areas","All households","State owned and managed Indigenous housing","","State owned and managed Indigenous housing","Customer satisfaction","","Very satisfied","","","95%CI","AIHW (unpublished) National Social Housing Survey","%","2.7","..","3.6","..","4.7","12.5","..","na","","2.0"
"18A.45","2016","Customer satisfaction","All ages","All people","All households","All areas","All households","State owned and managed Indigenous housing","","State owned and managed Indigenous housing","Customer satisfaction","","Satisfied or very satisfied","","","","AIHW (unpublished) National Social Housing Survey","%","58.0","..","79.4","..","69.1","75.0","..","na","","67.6"
"18A.45","2016","Customer satisfaction","All ages","All people","All households","All areas","All households","State owned and managed Indigenous housing","","State owned and managed Indigenous housing","Customer satisfaction","","Satisfied or very satisfied","","","95%CI","AIHW (unpublished) National Social Housing Survey","%","4.4","..","3.5","..","5.0","11.3","..","na","","2.5"
"18A.45","2016","Customer satisfaction","All ages","All people","All households","All areas","All households","State owned and managed Indigenous housing","","State owned and managed Indigenous housing","Customer satisfaction","","Dissatisfied or very dissatisfied","","","","AIHW (unpublished) National Social Housing Survey","%","28.3","..","12.4","..","16.2","10.8","..","na","","20.5"
"18A.45","2016","Customer satisfaction","All ages","All people","All households","All areas","All households","State owned and managed Indigenous housing","","State owned and managed Indigenous housing","Customer satisfaction","","Dissatisfied or very dissatisfied","","","95%CI","AIHW (unpublished) National Social Housing Survey","%","4.0","..","2.9","..","4.1","8.2","..","na","","2.2"
"18A.45","2016","Customer satisfaction","All ages","All people","All households","All areas","Households with a member with disability","State owned and managed Indigenous housing","","State owned and managed Indigenous housing","Customer satisfaction","","Satisfied or very satisfied","","","","AIHW (unpublished) National Social Housing Survey","%","55.3","..","74.6","..","67.1","64.9","..","na","","64.6"
"18A.45","2016","Customer satisfaction","All ages","All people","All households","All areas","Households with a member with disability","State owned and managed Indigenous housing","","State owned and managed Indigenous housing","Customer satisfaction","","Satisfied or very satisfied","","","95%CI","AIHW (unpublished) National Social Housing Survey","%","15.3","..","13.6","..","11.2","32.8","..","na","","7.9"
"18A.45","2014","Customer satisfaction","All ages","All people","All households","All areas","All households","State owned and managed Indigenous housing","","State owned and managed Indigenous housing","Customer satisfaction","","Sample size","","","","AIHW (unpublished) National Social Housing Survey","no.","494","..","497","..","296","82","..","na","","1369"
"18A.45","2014","Customer satisfaction","All ages","All people","All households","All areas","All households","State owned and managed Indigenous housing","","State owned and managed Indigenous housing","Customer satisfaction","","Satisfied","","","","AIHW (unpublished) National Social Housing Survey","%","40.6","..","49.9","..","47.5","41.4","..","na","","44.9"
"18A.45","2014","Customer satisfaction","All ages","All people","All households","All areas","All households","State owned and managed Indigenous housing","","State owned and managed Indigenous housing","Customer satisfaction","","Satisfied","","","95%CI","AIHW (unpublished) National Social Housing Survey","%","4.3","..","4.4","..","6.0","10.8","..","na","","2.7"
"18A.45","2014","Customer satisfaction","All ages","All people","All households","All areas","All households","State owned and managed Indigenous housing","","State owned and managed Indigenous housing","Customer satisfaction","","Very satisfied","","","","AIHW (unpublished) National Social Housing Survey","%","8.5","..","16.9","..","18.7","20.7","..","na","","13.4"
"18A.45","2014","Customer satisfaction","All ages","All people","All households","All areas","All households","State owned and managed Indigenous housing","","State owned and managed Indigenous housing","Customer satisfaction","","Very satisfied","","","95%CI","AIHW (unpublished) National Social Housing Survey","%","2.4","..","3.3","..","4.9","8.8","..","na","","1.8"
"18A.45","2014","Customer satisfaction","All ages","All people","All households","All areas","All households","State owned and managed Indigenous housing","","State owned and managed Indigenous housing","Customer satisfaction","","Satisfied or very satisfied","","","","AIHW (unpublished) National Social Housing Survey","%","49.1","..","66.8","..","66.2","62.2","..","na","","58.3"
"18A.45","2014","Customer satisfaction","All ages","All people","All households","All areas","All households","State owned and managed Indigenous housing","","State owned and managed Indigenous housing","Customer satisfaction","","Satisfied or very satisfied","","","95%CI","AIHW (unpublished) National Social Housing Survey","%","4.4","..","4.2","..","5.5","10.4","..","na","","2.7"
"18A.45","2014","Customer satisfaction","All ages","All people","All households","All areas","All households","State owned and managed Indigenous housing","","State owned and managed Indigenous housing","Customer satisfaction","","Dissatisfied or very dissatisfied","","","","AIHW (unpublished) National Social Housing Survey","%","32.3","..","16.5","..","18.3","25.6","..","na","","24.4"
"18A.45","2014","Customer satisfaction","All ages","All people","All households","All areas","All households","State owned and managed Indigenous housing","","State owned and managed Indigenous housing","Customer satisfaction","","Dissatisfied or very dissatisfied","","","95%CI","AIHW (unpublished) National Social Housing Survey","%","4.1","..","3.3","..","4.6","9.4","..","na","","2.4"
"18A.45","2014","Customer satisfaction","All ages","All people","All households","All areas","Households with a member with disability","State owned and managed Indigenous housing","","State owned and managed Indigenous housing","Customer satisfaction","","Satisfied or very satisfied","","","","AIHW (unpublished) National Social Housing Survey","%","38.5","..","60.2","..","62.2","70.6","..","na","","53.0"
"18A.45","2014","Customer satisfaction","All ages","All people","All households","All areas","Households with a member with disability","State owned and managed Indigenous housing","","State owned and managed Indigenous housing","Customer satisfaction","","Satisfied or very satisfied","","","95%CI","AIHW (unpublished) National Social Housing Survey","%","12.9","..","12.4","..","11.6","21.9","..","na","","7.2"
"18A.46","2025","Customer satisfaction","All ages","All people","All households","All areas","All households","Community housing","","Community housing","Customer satisfaction","","Sample size","","","","AIHW (unpublished) National Social Housing Survey","no.","685","398","510","398","837","466","122","na","","3416"
"18A.46","2025","Customer satisfaction","All ages","All people","All households","All areas","All households","Community housing","","Community housing","Customer satisfaction","","Satisfied","","","","AIHW (unpublished) National Social Housing Survey","%","41.4","39.6","37.5","41.2","37.8","39.5","32.0","na","","40.1"
"18A.46","2025","Customer satisfaction","All ages","All people","All households","All areas","All households","Community housing","","Community housing","Customer satisfaction","","Satisfied","","","95%CI","AIHW (unpublished) National Social Housing Survey","%","4.5","5.7","4.3","6.3","3.6","4.5","8.3","na","","2.5"
"18A.46","2025","Customer satisfaction","All ages","All people","All households","All areas","All households","Community housing","","Community housing","Customer satisfaction","","Very satisfied","","","","AIHW (unpublished) National Social Housing Survey","%","27.8","34.3","39.7","40.5","36.6","34.9","31.1","na","","32.5"
"18A.46","2025","Customer satisfaction","All ages","All people","All households","All areas","All households","Community housing","","Community housing","Customer satisfaction","","Very satisfied","","","95%CI","AIHW (unpublished) National Social Housing Survey","%","4.0","5.5","4.3","6.2","3.6","4.4","8.3","na","","2.3"
"18A.46","2025","Customer satisfaction","All ages","All people","All households","All areas","All households","Community housing","","Community housing","Customer satisfaction","","Satisfied or very satisfied","","","","AIHW (unpublished) National Social Housing Survey","%","69.2","73.9","77.3","81.7","74.4","74.4","63.1","na","","72.6"
"18A.46","2025","Customer satisfaction","All ages","All people","All households","All areas","All households","Community housing","","Community housing","Customer satisfaction","","Satisfied or very satisfied","","","95%CI","AIHW (unpublished) National Social Housing Survey","%","4.1","5.1","3.7","5.0","3.2","4.0","8.6","na","","2.2"
"18A.46","2025","Customer satisfaction","All ages","All people","All households","All areas","All households","Community housing","","Community housing","Customer satisfaction","","Dissatisfied or very dissatisfied","","","","AIHW (unpublished) National Social Housing Survey","%","18.3","17.1","9.9","9.0","13.5","11.8","22.1","na","","15.7"
"18A.46","2025","Customer satisfaction","All ages","All people","All households","All areas","All households","Community housing","","Community housing","Customer satisfaction","","Dissatisfied or very dissatisfied","","","95%CI","AIHW (unpublished) National Social Housing Survey","%","3.5","4.4","2.6","3.8","2.5","3.0","7.4","na","","1.9"
"18A.46","2025","Customer satisfaction","All ages","All people","All households","All areas","Households with a member with disability","Community housing","","Community housing","Customer satisfaction","","Satisfied or very satisfied","","","","AIHW (unpublished) National Social Housing Survey","%","59.9","61.6","75.8","70.6","66.2","59.9","47.1","na","","63.1"
"18A.46","2025","Customer satisfaction","All ages","All people","All households","All areas","Households with a member with disability","Community housing","","Community housing","Customer satisfaction","","Satisfied or very satisfied","","","95%CI","AIHW (unpublished) National Social Housing Survey","%","8.3","11.1","7.3","11.7","7.2","9.4","16.8","na","","4.7"
"18A.46","2023","Customer satisfaction","All ages","All people","All households","All areas","All households","Community housing","","Community housing","Customer satisfaction","","Sample size","","","","AIHW (unpublished) National Social Housing Survey","no.","523","339","496","329","644","378","167","na","","2876"
"18A.46","2023","Customer satisfaction","All ages","All people","All households","All areas","All households","Community housing","","Community housing","Customer satisfaction","","Satisfied","","","","AIHW (unpublished) National Social Housing Survey","%","42.9","40.2","38.7","37.2","38.8","36.2","44.3","na","","40.7"
"18A.46","2023","Customer satisfaction","All ages","All people","All households","All areas","All households","Community housing","","Community housing","Customer satisfaction","","Satisfied","","","95%CI","AIHW (unpublished) National Social Housing Survey","%","5.0","5.5","4.4","6.7","3.9","4.9","7.6","na","","2.7"
"18A.46","2023","Customer satisfaction","All ages","All people","All households","All areas","All households","Community housing","","Community housing","Customer satisfaction","","Very satisfied","","","","AIHW (unpublished) National Social Housing Survey","%","28.2","32.3","43.7","49.5","39.5","34.8","32.3","na","","33.8"
"18A.46","2023","Customer satisfaction","All ages","All people","All households","All areas","All households","Community housing","","Community housing","Customer satisfaction","","Very satisfied","","","95%CI","AIHW (unpublished) National Social Housing Survey","%","4.5","5.3","4.5","7.0","3.9","4.8","7.1","na","","2.5"
"18A.46","2023","Customer satisfaction","All ages","All people","All households","All areas","All households","Community housing","","Community housing","Customer satisfaction","","Satisfied or very satisfied","","","","AIHW (unpublished) National Social Housing Survey","%","71.1","72.5","82.4","86.7","78.3","71.0","76.6","na","","74.5"
"18A.46","2023","Customer satisfaction","All ages","All people","All households","All areas","All households","Community housing","","Community housing","Customer satisfaction","","Satisfied or very satisfied","","","95%CI","AIHW (unpublished) National Social Housing Survey","%","4.5","5.0","3.4","4.7","3.3","4.6","6.4","na","","2.4"
"18A.46","2023","Customer satisfaction","All ages","All people","All households","All areas","All households","Community housing","","Community housing","Customer satisfaction","","Dissatisfied or very dissatisfied","","","","AIHW (unpublished) National Social Housing Survey","%","13.8","13.3","9.0","6.5","10.7","13.3","9.0","na","","12.3"
"18A.46","2023","Customer satisfaction","All ages","All people","All households","All areas","All households","Community housing","","Community housing","Customer satisfaction","","Dissatisfied or very dissatisfied","","","95%CI","AIHW (unpublished) National Social Housing Survey","%","3.2","3.8","2.6","3.5","2.5","3.4","4.4","na","","1.7"
"18A.46","2023","Customer satisfaction","All ages","All people","All households","All areas","Households with a member with disability","Community housing","","Community housing","Customer satisfaction","","Satisfied or very satisfied","","","","AIHW (unpublished) National Social Housing Survey","%","67.7","65.3","76.3","72.4","72.7","60.0","62.7","na","","68.7"
"18A.46","2023","Customer satisfaction","All ages","All people","All households","All areas","Households with a member with disability","Community housing","","Community housing","Customer satisfaction","","Satisfied or very satisfied","","","95%CI","AIHW (unpublished) National Social Housing Survey","%","9.1","10.2","7.4","15.2","7.4","11.3","13.3","na","","5.0"
"18A.46","2021","Customer satisfaction","All ages","All people","All households","All areas","All households","Community housing","","Community housing","Customer satisfaction","","Sample size","","","","AIHW (unpublished) National Social Housing Survey","no.","559","305","498","439","672","340","201","na","","3014"
"18A.46","2021","Customer satisfaction","All ages","All people","All households","All areas","All households","Community housing","","Community housing","Customer satisfaction","","Satisfied","","","","AIHW (unpublished) National Social Housing Survey","%","42.2","33.6","41.9","41.0","35.9","36.2","35.8","na","","39.6"
"18A.46","2021","Customer satisfaction","All ages","All people","All households","All areas","All households","Community housing","","Community housing","Customer satisfaction","","Satisfied","","","95%CI","AIHW (unpublished) National Social Housing Survey","%","5.0","6.1","4.5","6.3","3.8","5.2","6.6","na","","2.7"
"18A.46","2021","Customer satisfaction","All ages","All people","All households","All areas","All households","Community housing","","Community housing","Customer satisfaction","","Very satisfied","","","","AIHW (unpublished) National Social Housing Survey","%","32.4","38.1","39.6","43.0","43.7","42.3","37.3","na","","36.8"
"18A.46","2021","Customer satisfaction","All ages","All people","All households","All areas","All households","Community housing","","Community housing","Customer satisfaction","","Very satisfied","","","95%CI","AIHW (unpublished) National Social Housing Survey","%","4.7","6.3","4.5","6.3","3.9","5.4","6.7","na","","2.6"
"18A.46","2021","Customer satisfaction","All ages","All people","All households","All areas","All households","Community housing","","Community housing","Customer satisfaction","","Satisfied or very satisfied","","","","AIHW (unpublished) National Social Housing Survey","%","74.5","71.8","81.5","84.0","79.6","78.5","73.1","na","","76.4"
"18A.46","2021","Customer satisfaction","All ages","All people","All households","All areas","All households","Community housing","","Community housing","Customer satisfaction","","Satisfied or very satisfied","","","95%CI","AIHW (unpublished) National Social Housing Survey","%","4.5","5.8","3.6","4.9","3.2","4.5","6.1","na","","2.4"
"18A.46","2021","Customer satisfaction","All ages","All people","All households","All areas","All households","Community housing","","Community housing","Customer satisfaction","","Dissatisfied or very dissatisfied","","","","AIHW (unpublished) National Social Housing Survey","%","15.6","16.7","9.1","7.7","9.3","10.0","16.4","na","","13.4"
"18A.46","2021","Customer satisfaction","All ages","All people","All households","All areas","All households","Community housing","","Community housing","Customer satisfaction","","Dissatisfied or very dissatisfied","","","95%CI","AIHW (unpublished) National Social Housing Survey","%","3.7","4.9","2.6","3.7","2.3","3.3","5.1","na","","2.0"
"18A.46","2021","Customer satisfaction","All ages","All people","All households","All areas","Households with a member with disability","Community housing","","Community housing","Customer satisfaction","","Satisfied or very satisfied","","","","AIHW (unpublished) National Social Housing Survey","%","67.9","59.6","77.0","73.9","68.2","68.2","63.4","na","","68.2"
"18A.46","2021","Customer satisfaction","All ages","All people","All households","All areas","Households with a member with disability","Community housing","","Community housing","Customer satisfaction","","Satisfied or very satisfied","","","95%CI","AIHW (unpublished) National Social Housing Survey","%","9.3","13.3","7.5","14.7","7.6","10.3","11.2","na","","5.3"
"18A.46","2018","Customer satisfaction","All ages","All people","All households","All areas","All households","Community housing","","Community housing","Customer satisfaction","","Sample size","","","","AIHW (unpublished) National Social Housing Survey","no.","375","439","563","476","805","432","170","na","","3260"
"18A.46","2018","Customer satisfaction","All ages","All people","All households","All areas","All households","Community housing","","Community housing","Customer satisfaction","","Satisfied","","","","AIHW (unpublished) National Social Housing Survey","%","43.2","42.0","41.3","38.7","41.4","39.3","45.9","na","","41.8"
"18A.46","2018","Customer satisfaction","All ages","All people","All households","All areas","All households","Community housing","","Community housing","Customer satisfaction","","Satisfied","","","95%CI","AIHW (unpublished) National Social Housing Survey","%","5.3","4.8","4.1","4.6","3.5","4.6","7.5","na","","2.4"
"18A.46","2018","Customer satisfaction","All ages","All people","All households","All areas","All households","Community housing","","Community housing","Customer satisfaction","","Very satisfied","","","","AIHW (unpublished) National Social Housing Survey","%","35.5","37.3","40.4","46.3","39.0","38.1","24.1","na","","38.1"
"18A.46","2018","Customer satisfaction","All ages","All people","All households","All areas","All households","Community housing","","Community housing","Customer satisfaction","","Very satisfied","","","95%CI","AIHW (unpublished) National Social Housing Survey","%","5.1","4.7","4.1","4.7","3.4","4.6","6.4","na","","2.3"
"18A.46","2018","Customer satisfaction","All ages","All people","All households","All areas","All households","Community housing","","Community housing","Customer satisfaction","","Satisfied or very satisfied","","","","AIHW (unpublished) National Social Housing Survey","%","78.7","79.3","81.7","85.1","80.4","77.4","70.0","na","","79.9"
"18A.46","2018","Customer satisfaction","All ages","All people","All households","All areas","All households","Community housing","","Community housing","Customer satisfaction","","Satisfied or very satisfied","","","95%CI","AIHW (unpublished) National Social Housing Survey","%","4.4","3.9","3.2","3.4","2.8","4.0","6.9","na","","2.0"
"18A.46","2018","Customer satisfaction","All ages","All people","All households","All areas","All households","Community housing","","Community housing","Customer satisfaction","","Dissatisfied or very dissatisfied","","","","AIHW (unpublished) National Social Housing Survey","%","7.4","12.1","10.0","6.8","9.2","10.7","13.5","na","","9.0"
"18A.46","2018","Customer satisfaction","All ages","All people","All households","All areas","All households","Community housing","","Community housing","Customer satisfaction","","Dissatisfied or very dissatisfied","","","95%CI","AIHW (unpublished) National Social Housing Survey","%","2.8","3.2","2.5","2.4","2.0","2.9","5.2","na","","1.3"
"18A.46","2018","Customer satisfaction","All ages","All people","All households","All areas","Households with a member with disability","Community housing","","Community housing","Customer satisfaction","","Satisfied or very satisfied","","","","AIHW (unpublished) National Social Housing Survey","%","76.5","70.7","77.2","81.6","74.7","69.4","60.0","na","","75.2"
"18A.46","2018","Customer satisfaction","All ages","All people","All households","All areas","Households with a member with disability","Community housing","","Community housing","Customer satisfaction","","Satisfied or very satisfied","","","95%CI","AIHW (unpublished) National Social Housing Survey","%","9.4","8.8","6.6","7.1","6.2","8.2","13.0","na","","4.0"
"18A.46","2016","Customer satisfaction","All ages","All people","All households","All areas","All households","Community housing","","Community housing","Customer satisfaction","","Sample size","","","","AIHW (unpublished) National Social Housing Survey","no.","589","408","379","384","572","554","209","na","","3095"
"18A.46","2016","Customer satisfaction","All ages","All people","All households","All areas","All households","Community housing","","Community housing","Customer satisfaction","","Satisfied","","","","AIHW (unpublished) National Social Housing Survey","%","42.0","40.2","40.3","39.8","39.4","40.7","44.0","na","","40.9"
"18A.46","2016","Customer satisfaction","All ages","All people","All households","All areas","All households","Community housing","","Community housing","Customer satisfaction","","Satisfied","","","95%CI","AIHW (unpublished) National Social Housing Survey","%","4.0","4.8","4.9","4.9","4.0","4.1","6.7","na","","2.1"
"18A.46","2016","Customer satisfaction","All ages","All people","All households","All areas","All households","Community housing","","Community housing","Customer satisfaction","","Very satisfied","","","","AIHW (unpublished) National Social Housing Survey","%","38.3","41.8","38.0","45.3","41.1","39.2","36.4","na","","39.4"
"18A.46","2016","Customer satisfaction","All ages","All people","All households","All areas","All households","Community housing","","Community housing","Customer satisfaction","","Very satisfied","","","95%CI","AIHW (unpublished) National Social Housing Survey","%","3.9","4.8","4.9","5.0","4.0","4.1","6.5","na","","2.1"
"18A.46","2016","Customer satisfaction","All ages","All people","All households","All areas","All households","Community housing","","Community housing","Customer satisfaction","","Satisfied or very satisfied","","","","AIHW (unpublished) National Social Housing Survey","%","80.3","82.1","78.3","85.1","80.5","79.9","80.4","na","","80.3"
"18A.46","2016","Customer satisfaction","All ages","All people","All households","All areas","All households","Community housing","","Community housing","Customer satisfaction","","Satisfied or very satisfied","","","95%CI","AIHW (unpublished) National Social Housing Survey","%","3.2","3.7","4.2","3.6","3.3","3.4","5.4","na","","1.7"
"18A.46","2016","Customer satisfaction","All ages","All people","All households","All areas","All households","Community housing","","Community housing","Customer satisfaction","","Dissatisfied or very dissatisfied","","","","AIHW (unpublished) National Social Housing Survey","%","10.2","8.6","11.3","7.5","8.4","10.4","8.1","na","","9.9"
"18A.46","2016","Customer satisfaction","All ages","All people","All households","All areas","All households","Community housing","","Community housing","Customer satisfaction","","Dissatisfied or very dissatisfied","","","95%CI","AIHW (unpublished) National Social Housing Survey","%","2.5","2.7","3.2","2.7","2.3","2.6","3.7","na","","1.3"
"18A.46","2016","Customer satisfaction","All ages","All people","All households","All areas","Households with a member with disability","Community housing","","Community housing","Customer satisfaction","","Satisfied or very satisfied","","","","AIHW (unpublished) National Social Housing Survey","%","70.9","77.7","75.4","81.1","77.7","76.7","77.1","na","","74.8"
"18A.46","2016","Customer satisfaction","All ages","All people","All households","All areas","Households with a member with disability","Community housing","","Community housing","Customer satisfaction","","Satisfied or very satisfied","","","95%CI","AIHW (unpublished) National Social Housing Survey","%","7.5","8.4","9.2","6.8","7.3","7.1","9.1","na","","3.8"
"18A.46","2014","Customer satisfaction","All ages","All people","All households","All areas","All households","Community housing","","Community housing","Customer satisfaction","","Sample size","","","","AIHW (unpublished) National Social Housing Survey","no.","1032","358","364","349","346","288","121","na","","2858"
"18A.46","2014","Customer satisfaction","All ages","All people","All households","All areas","All households","Community housing","","Community housing","Customer satisfaction","","Satisfied","","","","AIHW (unpublished) National Social Housing Survey","%","45.0","38.8","43.1","38.7","42.3","41.6","38.9","na","","42.8"
"18A.46","2014","Customer satisfaction","All ages","All people","All households","All areas","All households","Community housing","","Community housing","Customer satisfaction","","Satisfied","","","95%CI","AIHW (unpublished) National Social Housing Survey","%","3.0","5.1","5.3","5.2","5.2","5.7","8.8","na","","2.0"
"18A.46","2014","Customer satisfaction","All ages","All people","All households","All areas","All households","Community housing","","Community housing","Customer satisfaction","","Very satisfied","","","","AIHW (unpublished) National Social Housing Survey","%","33.4","37.8","40.1","44.2","40.3","34.1","30.6","na","","36.9"
"18A.46","2014","Customer satisfaction","All ages","All people","All households","All areas","All households","Community housing","","Community housing","Customer satisfaction","","Very satisfied","","","95%CI","AIHW (unpublished) National Social Housing Survey","%","2.9","5.1","5.2","5.2","5.1","5.5","8.3","na","","1.9"
"18A.46","2014","Customer satisfaction","All ages","All people","All households","All areas","All households","Community housing","","Community housing","Customer satisfaction","","Satisfied or very satisfied","","","","AIHW (unpublished) National Social Housing Survey","%","78.5","76.6","83.2","83.0","82.6","75.7","69.4","na","","79.7"
"18A.46","2014","Customer satisfaction","All ages","All people","All households","All areas","All households","Community housing","","Community housing","Customer satisfaction","","Satisfied or very satisfied","","","95%CI","AIHW (unpublished) National Social Housing Survey","%","2.5","4.4","3.8","3.9","4.0","4.9","8.3","na","","1.6"
"18A.46","2014","Customer satisfaction","All ages","All people","All households","All areas","All households","Community housing","","Community housing","Customer satisfaction","","Dissatisfied or very dissatisfied","","","","AIHW (unpublished) National Social Housing Survey","%","10.3","11.4","8.7","7.2","7.3","14.3","13.9","na","","9.8"
"18A.46","2014","Customer satisfaction","All ages","All people","All households","All areas","All households","Community housing","","Community housing","Customer satisfaction","","Dissatisfied or very dissatisfied","","","95%CI","AIHW (unpublished) National Social Housing Survey","%","1.9","3.3","2.7","2.7","2.7","4.0","6.2","na","","1.1"
"18A.46","2014","Customer satisfaction","All ages","All people","All households","All areas","Households with a member with disability","Community housing","","Community housing","Customer satisfaction","","Satisfied or very satisfied","","","","AIHW (unpublished) National Social Housing Survey","%","74.2","73.9","76.5","78.0","79.5","68.6","66.7","na","","74.8"
"18A.46","2014","Customer satisfaction","All ages","All people","All households","All areas","Households with a member with disability","Community housing","","Community housing","Customer satisfaction","","Satisfied or very satisfied","","","95%CI","AIHW (unpublished) National Social Housing Survey","%","5.2","8.7","8.8","10.3","8.7","9.0","15.1","na","","3.4"
"18A.47","2025","Amenity/Location","All ages","All people","All households","All areas","Households with a member with disability","Public housing","","Public housing","Tenants rating as meeting their needs","","Average across amenity aspects","","","","AIHW (unpublished) National Social Housing Survey","%","68.4","73.3","76.8","75.6","77.5","78.4","75.3","76.3","","73.2"
"18A.47","2025","Amenity/Location","All ages","All people","All households","All areas","Households with a member with disability","Public housing","","Public housing","Tenants rating as meeting their needs","","Average across amenity aspects","","","95%CI","AIHW (unpublished) National Social Housing Survey","%","2.1","1.9","1.2","2.1","1.9","1.8","1.8","1.9","","0.9"
"18A.47","2025","Amenity/Location","All ages","All people","All households","All areas","All households","Public housing","","Public housing","Tenants rating as meeting their needs","","Average across amenity aspects","","","","AIHW (unpublished) National Social Housing Survey","%","77.4","79.1","81.7","81.5","82.5","84.2","79.7","81.2","","79.8"
"18A.47","2025","Amenity/Location","All ages","All people","All households","All areas","All households","Public housing","","Public housing","Tenants rating as meeting their needs","","Average across amenity aspects","","","95%CI","AIHW (unpublished) National Social Housing Survey","%","1.1","0.9","0.6","1.0","0.9","0.8","0.9","0.9","","0.4"
"18A.47","2025","Amenity/Location","All ages","All people","All households","All areas","All households","Public housing","","Public housing","Tenants rating as meeting their needs","","Amenity aspects","Number of bedrooms","","","AIHW (unpublished) National Social Housing Survey","%","89.6","87.2","90.2","90.5","91.3","90.3","88.6","89.6","","89.5"
"18A.47","2025","Amenity/Location","All ages","All people","All households","All areas","All households","Public housing","","Public housing","Tenants rating as meeting their needs","","Amenity aspects","Number of bedrooms","","95%CI","AIHW (unpublished) National Social Housing Survey","%","3.1","2.9","1.8","3.0","2.7","2.7","2.7","2.7","","1.3"
"18A.47","2025","Amenity/Location","All ages","All people","All households","All areas","All households","Public housing","","Public housing","Tenants rating as meeting their needs","","Amenity aspects","Privacy of your home","","","AIHW (unpublished) National Social Housing Survey","%","84.2","84.0","85.8","86.2","86.9","85.1","83.7","82.0","","84.9"
"18A.47","2025","Amenity/Location","All ages","All people","All households","All areas","All households","Public housing","","Public housing","Tenants rating as meeting their needs","","Amenity aspects","Privacy of your home","","95%CI","AIHW (unpublished) National Social Housing Survey","%","3.5","3.2","2.2","3.5","3.3","3.3","3.2","3.4","","1.5"
"18A.47","2025","Amenity/Location","All ages","All people","All households","All areas","All households","Public housing","","Public housing","Tenants rating as meeting their needs","","Amenity aspects","Safety and security in your home","","","AIHW (unpublished) National Social Housing Survey","%","73.1","74.5","80.2","78.3","80.9","79.0","74.0","73.3","","76.2"
"18A.47","2025","Amenity/Location","All ages","All people","All households","All areas","All households","Public housing","","Public housing","Tenants rating as meeting their needs","","Amenity aspects","Safety and security in your home","","95%CI","AIHW (unpublished) National Social Housing Survey","%","4.3","3.7","2.5","4.2","3.8","3.7","3.8","4.0","","1.8"
"18A.47","2025","Amenity/Location","All ages","All people","All households","All areas","All households","Public housing","","Public housing","Tenants rating as meeting their needs","","Amenity aspects","Safety and security in your neighbourhood","","","AIHW (unpublished) National Social Housing Survey","%","71.8","71.1","72.7","73.3","71.2","71.8","74.8","61.5","","71.9"
"18A.47","2025","Amenity/Location","All ages","All people","All households","All areas","All households","Public housing","","Public housing","Tenants rating as meeting their needs","","Amenity aspects","Safety and security in your neighbourhood","","95%CI","AIHW (unpublished) National Social Housing Survey","%","4.4","3.9","2.8","4.6","4.4","4.1","3.8","4.4","","1.8"
"18A.47","2025","Amenity/Location","All ages","All people","All households","All areas","All households","Public housing","","Public housing","Tenants rating as meeting their needs","","Amenity aspects","Comfort of your home in hot/cold weather","","","AIHW (unpublished) National Social Housing Survey","%","69.4","68.7","72.8","67.8","71.1","84.5","68.6","77.5","","70.2"
"18A.47","2025","Amenity/Location","All ages","All people","All households","All areas","All households","Public housing","","Public housing","Tenants rating as meeting their needs","","Amenity aspects","Comfort of your home in hot/cold weather","","95%CI","AIHW (unpublished) National Social Housing Survey","%","4.4","4.0","2.7","4.8","4.4","3.3","4.0","3.7","","1.9"
"18A.47","2025","Amenity/Location","All ages","All people","All households","All areas","All households","Public housing","","Public housing","Tenants rating as meeting their needs","","Amenity aspects","Energy efficiency of your home","","","AIHW (unpublished) National Social Housing Survey","%","74.9","71.0","79.3","74.3","74.8","83.8","68.0","80.1","","74.7"
"18A.47","2025","Amenity/Location","All ages","All people","All households","All areas","All households","Public housing","","Public housing","Tenants rating as meeting their needs","","Amenity aspects","Energy efficiency of your home","","95%CI","AIHW (unpublished) National Social Housing Survey","%","4.2","3.9","2.5","4.5","4.2","3.4","4.1","3.5","","1.8"
"18A.47","2025","Amenity/Location","All ages","All people","All households","All areas","All households","Public housing","","Public housing","Tenants rating as important and meeting their needs","","Amenity aspects","Size of living spaces","","","AIHW (unpublished) National Social Housing Survey","%","85.0","83.9","87.3","86.0","89.0","89.0","87.7","87.1","","85.9"
"18A.47","2025","Amenity/Location","All ages","All people","All households","All areas","All households","Public housing","","Public housing","Tenants rating as important and meeting their needs","","Amenity aspects","Size of living spaces","","95%CI","AIHW (unpublished) National Social Housing Survey","%","3.6","3.2","2.1","3.7","3.1","2.8","2.8","3.1","","1.5"
"18A.47","2025","Amenity/Location","All ages","All people","All households","All areas","All households","Public housing","","Public housing","Tenants rating as important and meeting their needs","","Amenity aspects","Storage - indoor","","","AIHW (unpublished) National Social Housing Survey","%","67.2","68.3","70.8","69.1","73.6","77.2","73.3","77.2","","69.5"
"18A.47","2025","Amenity/Location","All ages","All people","All households","All areas","All households","Public housing","","Public housing","Tenants rating as important and meeting their needs","","Amenity aspects","Storage - indoor","","95%CI","AIHW (unpublished) National Social Housing Survey","%","4.7","4.1","2.8","4.8","4.3","3.8","3.8","3.8","","1.9"
"18A.47","2025","Amenity/Location","All ages","All people","All households","All areas","All households","Public housing","","Public housing","Tenants rating as important and meeting their needs","","Amenity aspects","Storage - outdoor","","","AIHW (unpublished) National Social Housing Survey","%","54.9","66.9","59.7","69.2","64.8","69.3","65.2","65.1","","62.1"
"18A.47","2025","Amenity/Location","All ages","All people","All households","All areas","All households","Public housing","","Public housing","Tenants rating as important and meeting their needs","","Amenity aspects","Storage - outdoor","","95%CI","AIHW (unpublished) National Social Housing Survey","%","5.5","4.3","3.3","4.9","4.8","4.4","4.3","4.5","","2.1"
"18A.47","2025","Amenity/Location","All ages","All people","All households","All areas","All households","Public housing","","Public housing","Tenants rating as important and meeting their needs","","Amenity aspects","Fixtures for special needs","","","AIHW (unpublished) National Social Housing Survey","%","75.1","81.3","83.8","79.2","84.9","82.5","77.8","78.5","","79.7"
"18A.47","2025","Amenity/Location","All ages","All people","All households","All areas","All households","Public housing","","Public housing","Tenants rating as important and meeting their needs","","Amenity aspects","Fixtures for special needs","","95%CI","AIHW (unpublished) National Social Housing Survey","%","4.9","3.9","2.5","4.7","4.0","3.9","4.1","4.3","","2.0"
"18A.47","2025","Amenity/Location","All ages","All people","All households","All areas","All households","Public housing","","Public housing","Tenants rating as important and meeting their needs","","Amenity aspects","Structural modifications for special needs","","","AIHW (unpublished) National Social Housing Survey","%","69.7","75.6","80.6","76.8","80.4","82.2","78.1","79.0","","75.6"
"18A.47","2025","Amenity/Location","All ages","All people","All households","All areas","All households","Public housing","","Public housing","Tenants rating as important and meeting their needs","","Amenity aspects","Structural modifications for special needs","","95%CI","AIHW (unpublished) National Social Housing Survey","%","6.1","4.9","3.1","5.7","5.1","4.5","4.7","4.8","","2.4"
"18A.47","2025","Amenity/Location","All ages","All people","All households","All areas","All households","Public housing","","Public housing","Tenants rating as important and meeting their needs","","Amenity aspects","Easy access/entry from the street","","","AIHW (unpublished) National Social Housing Survey","%","89.2","93.3","93.6","91.0","93.6","93.1","90.5","92.5","","91.7"
"18A.47","2025","Amenity/Location","All ages","All people","All households","All areas","All households","Public housing","","Public housing","Tenants rating as important and meeting their needs","","Amenity aspects","Easy access/entry from the street","","95%CI","AIHW (unpublished) National Social Housing Survey","%","3.1","2.2","1.5","2.9","2.4","2.3","2.6","2.3","","1.2"
"18A.47","2025","Amenity/Location","All ages","All people","All households","All areas","All households","Public housing","","Public housing","Tenants rating as important and meeting their needs","","Amenity aspects","Car parking","","","AIHW (unpublished) National Social Housing Survey","%","86.0","83.0","86.1","90.0","91.4","89.6","89.0","88.8","","86.7"
"18A.47","2025","Amenity/Location","All ages","All people","All households","All areas","All households","Public housing","","Public housing","Tenants rating as important and meeting their needs","","Amenity aspects","Car parking","","95%CI","AIHW (unpublished) National Social Housing Survey","%","3.6","3.4","2.2","3.2","2.8","2.8","2.7","2.8","","1.5"
"18A.47","2025","Amenity/Location","All ages","All people","All households","All areas","All households","Public housing","","Public housing","Tenants rating as important and meeting their needs","","Amenity aspects","Access to an outdoor space","","","AIHW (unpublished) National Social Housing Survey","%","87.4","90.4","91.8","93.9","95.0","92.5","91.9","92.2","","90.7"
"18A.47","2025","Amenity/Location","All ages","All people","All households","All areas","All households","Public housing","","Public housing","Tenants rating as important and meeting their needs","","Amenity aspects","Access to an outdoor space","","95%CI","AIHW (unpublished) National Social Housing Survey","%","3.3","2.6","1.7","2.5","2.2","2.4","2.4","2.5","","1.3"
"18A.47","2025","Amenity/Location","All ages","All people","All households","All areas","All households","Public housing","","Public housing","Tenants rating as important and meeting their needs","","Amenity aspects","Fencing or enclosure of your outdoor space","","","AIHW (unpublished) National Social Housing Survey","%","74.8","79.4","80.7","86.5","79.9","86.0","76.3","81.5","","79.2"
"18A.47","2025","Amenity/Location","All ages","All people","All households","All areas","All households","Public housing","","Public housing","Tenants rating as important and meeting their needs","","Amenity aspects","Fencing or enclosure of your outdoor space","","95%CI","AIHW (unpublished) National Social Housing Survey","%","4.5","3.6","2.5","3.5","3.9","3.2","3.8","3.6","","1.8"
"18A.47","2025","Amenity/Location","All ages","All people","All households","All areas","All households","Public housing","","Public housing","Tenants rating as important and meeting their needs","","Amenity aspects","Water efficiency of your bathroom/toilet","","","AIHW (unpublished) National Social Housing Survey","%","85.9","87.7","92.4","91.5","91.2","91.0","87.1","92.8","","88.9"
"18A.47","2025","Amenity/Location","All ages","All people","All households","All areas","All households","Public housing","","Public housing","Tenants rating as important and meeting their needs","","Amenity aspects","Water efficiency of your bathroom/toilet","","95%CI","AIHW (unpublished) National Social Housing Survey","%","3.5","2.8","1.6","2.9","2.8","2.6","2.9","2.4","","1.4"
"18A.47","2025","Amenity/Location","All ages","All people","All households","All areas","Households with a member with disability","Public housing","","Public housing","Tenants rating as meeting their needs","","Average across location aspects","","","","AIHW (unpublished) National Social Housing Survey","%","86.0","86.1","90.1","86.5","91.8","89.3","87.8","88.9","","87.6"
"18A.47","2025","Amenity/Location","All ages","All people","All households","All areas","Households with a member with disability","Public housing","","Public housing","Tenants rating as meeting their needs","","Average across location aspects","","","95%CI","AIHW (unpublished) National Social Housing Survey","%","2.5","2.4","1.3","2.5","1.9","2.3","2.0","2.0","","1.0"
"18A.47","2025","Amenity/Location","All ages","All people","All households","All areas","All households","Public housing","","Public housing","Tenants rating as meeting their needs","","Average across location aspects","","","","AIHW (unpublished) National Social Housing Survey","%","89.2","91.8","92.8","90.5","94.1","92.8","91.9","91.1","","91.3"
"18A.47","2025","Amenity/Location","All ages","All people","All households","All areas","All households","Public housing","","Public housing","Tenants rating as meeting their needs","","Average across location aspects","","","95%CI","AIHW (unpublished) National Social Housing Survey","%","1.2","0.8","0.6","1.1","0.8","0.9","0.8","0.9","","0.5"
"18A.47","2025","Amenity/Location","All ages","All people","All households","All areas","All households","Public housing","","Public housing","Tenants rating as meeting their needs","","Location aspects","Shops and banking facilities","","","AIHW (unpublished) National Social Housing Survey","%","94.1","91.6","94.8","92.5","93.3","95.3","92.1","90.8","","93.3"
"18A.47","2025","Amenity/Location","All ages","All people","All households","All areas","All households","Public housing","","Public housing","Tenants rating as meeting their needs","","Location aspects","Shops and banking facilities","","95%CI","AIHW (unpublished) National Social Housing Survey","%","2.3","2.3","1.4","2.7","2.4","1.9","2.3","2.6","","1.0"
"18A.47","2025","Amenity/Location","All ages","All people","All households","All areas","All households","Public housing","","Public housing","Tenants rating as meeting their needs","","Location aspects","Medical services","","","AIHW (unpublished) National Social Housing Survey","%","92.2","91.2","94.1","91.3","95.1","93.6","89.9","91.0","","92.5"
"18A.47","2025","Amenity/Location","All ages","All people","All households","All areas","All households","Public housing","","Public housing","Tenants rating as meeting their needs","","Location aspects","Medical services","","95%CI","AIHW (unpublished) National Social Housing Survey","%","2.7","2.4","1.4","2.9","2.0","2.2","2.6","2.6","","1.1"
"18A.47","2025","Amenity/Location","All ages","All people","All households","All areas","All households","Public housing","","Public housing","Tenants rating as meeting their needs","","Location aspects","Family and friends","","","AIHW (unpublished) National Social Housing Survey","%","83.0","87.9","90.1","86.7","89.8","89.5","88.4","90.1","","86.8"
"18A.47","2025","Amenity/Location","All ages","All people","All households","All areas","All households","Public housing","","Public housing","Tenants rating as meeting their needs","","Location aspects","Family and friends","","95%CI","AIHW (unpublished) National Social Housing Survey","%","3.7","2.8","1.8","3.5","2.9","2.8","2.8","2.7","","1.5"
"18A.47","2025","Amenity/Location","All ages","All people","All households","All areas","All households","Public housing","","Public housing","Tenants rating as important and meeting their needs","","Location aspects","Public transport","","","AIHW (unpublished) National Social Housing Survey","%","93.9","95.0","93.5","91.5","95.9","92.9","94.8","92.9","","94.0"
"18A.47","2025","Amenity/Location","All ages","All people","All households","All areas","All households","Public housing","","Public housing","Tenants rating as important and meeting their needs","","Location aspects","Public transport","","95%CI","AIHW (unpublished) National Social Housing Survey","%","2.4","1.9","1.6","2.8","1.7","2.5","2.0","2.5","","1.0"
"18A.47","2025","Amenity/Location","All ages","All people","All households","All areas","All households","Public housing","","Public housing","Tenants rating as important and meeting their needs","","Location aspects","Hospitals","","","AIHW (unpublished) National Social Housing Survey","%","93.7","93.0","94.2","89.6","95.3","94.5","90.3","90.6","","93.2"
"18A.47","2025","Amenity/Location","All ages","All people","All households","All areas","All households","Public housing","","Public housing","Tenants rating as important and meeting their needs","","Location aspects","Hospitals","","95%CI","AIHW (unpublished) National Social Housing Survey","%","2.4","2.2","1.5","3.3","2.1","2.1","2.6","2.7","","1.0"
"18A.47","2025","Amenity/Location","All ages","All people","All households","All areas","All households","Public housing","","Public housing","Tenants rating as important and meeting their needs","","Location aspects","Child care facilities","","","AIHW (unpublished) National Social Housing Survey","%","88.9","93.0","95.0","90.4","93.9","95.2","93.5","91.5","","91.9"
"18A.47","2025","Amenity/Location","All ages","All people","All households","All areas","All households","Public housing","","Public housing","Tenants rating as important and meeting their needs","","Location aspects","Child care facilities","","95%CI","AIHW (unpublished) National Social Housing Survey","%","5.6","3.6","2.2","4.9","3.9","3.2","3.5","3.9","","2.0"
"18A.47","2025","Amenity/Location","All ages","All people","All households","All areas","All households","Public housing","","Public housing","Tenants rating as important and meeting their needs","","Location aspects","Schools","","","AIHW (unpublished) National Social Housing Survey","%","92.5","95.1","95.4","93.9","95.1","96.5","96.7","94.0","","94.3"
"18A.47","2025","Amenity/Location","All ages","All people","All households","All areas","All households","Public housing","","Public housing","Tenants rating as important and meeting their needs","","Location aspects","Schools","","95%CI","AIHW (unpublished) National Social Housing Survey","%","4.6","2.9","2.0","3.8","3.3","2.7","2.4","3.0","","1.6"
"18A.47","2025","Amenity/Location","All ages","All people","All households","All areas","All households","Public housing","","Public housing","Tenants rating as important and meeting their needs","","Location aspects","TAFE; university or other training","","","AIHW (unpublished) National Social Housing Survey","%","86.4","88.8","88.4","89.0","95.7","87.4","89.4","90.3","","88.7"
"18A.47","2025","Amenity/Location","All ages","All people","All households","All areas","All households","Public housing","","Public housing","Tenants rating as important and meeting their needs","","Location aspects","TAFE; university or other training","","95%CI","AIHW (unpublished) National Social Housing Survey","%","5.5","4.1","3.1","4.7","2.9","4.7","4.2","4.3","","2.1"
"18A.47","2025","Amenity/Location","All ages","All people","All households","All areas","All households","Public housing","","Public housing","Tenants rating as important and meeting their needs","","Location aspects","Employment/place of work","","","AIHW (unpublished) National Social Housing Survey","%","85.0","89.9","89.8","88.6","93.9","90.4","91.9","91.3","","88.8"
"18A.47","2025","Amenity/Location","All ages","All people","All households","All areas","All households","Public housing","","Public housing","Tenants rating as important and meeting their needs","","Location aspects","Employment/place of work","","95%CI","AIHW (unpublished) National Social Housing Survey","%","5.9","3.9","2.9","5.0","3.5","4.1","3.5","3.9","","2.1"
"18A.47","2025","Amenity/Location","All ages","All people","All households","All areas","All households","Public housing","","Public housing","Tenants rating as important and meeting their needs","","Location aspects","Community services","","","AIHW (unpublished) National Social Housing Survey","%","82.1","90.5","91.6","89.4","91.0","88.4","88.7","89.1","","87.9"
"18A.47","2025","Amenity/Location","All ages","All people","All households","All areas","All households","Public housing","","Public housing","Tenants rating as important and meeting their needs","","Location aspects","Community services","","95%CI","AIHW (unpublished) National Social Housing Survey","%","4.5","2.8","1.9","3.6","3.2","3.5","3.2","3.2","","1.7"
"18A.47","2025","Amenity/Location","All ages","All people","All households","All areas","All households","Public housing","","Public housing","Tenants rating as important and meeting their needs","","Location aspects","Places of cultural or religious significance","","","AIHW (unpublished) National Social Housing Survey","%","86.4","91.4","92.4","89.6","93.6","93.9","91.3","88.8","","90.0"
"18A.47","2025","Amenity/Location","All ages","All people","All households","All areas","All households","Public housing","","Public housing","Tenants rating as important and meeting their needs","","Location aspects","Places of cultural or religious significance","","95%CI","AIHW (unpublished) National Social Housing Survey","%","4.6","3.2","2.1","4.0","3.1","3.1","3.1","3.5","","1.7"
"18A.47","2025","Amenity/Location","All ages","All people","All households","All areas","All households","Public housing","","Public housing","Tenants rating as important and meeting their needs","","Location aspects","Parks; recreation or sporting facilities","","","AIHW (unpublished) National Social Housing Survey","%","92.1","94.5","94.6","94.0","97.0","96.0","95.8","92.9","","94.0"
"18A.47","2025","Amenity/Location","All ages","All people","All households","All areas","All households","Public housing","","Public housing","Tenants rating as important and meeting their needs","","Location aspects","Parks; recreation or sporting facilities","","95%CI","AIHW (unpublished) National Social Housing Survey","%","3.1","2.1","1.5","2.7","1.8","2.0","1.9","2.4","","1.1"
"18A.47","2023","Amenity/Location","All ages","All people","All households","All areas","Households with a member with disability","Public housing","","Public housing","Tenants rating as meeting their needs","","Average across amenity aspects","","","","AIHW (unpublished) National Social Housing Survey","%","68.2","76.0","77.9","75.1","76.9","82.0","70.7","75.3","","74.3"
"18A.47","2023","Amenity/Location","All ages","All people","All households","All areas","Households with a member with disability","Public housing","","Public housing","Tenants rating as meeting their needs","","Average across amenity aspects","","","95%CI","AIHW (unpublished) National Social Housing Survey","%","3.0","1.9","1.3","2.1","2.1","2.2","2.0","2.3","","1.0"
"18A.47","2023","Amenity/Location","All ages","All people","All households","All areas","All households","Public housing","","Public housing","Tenants rating as meeting their needs","","Average across amenity aspects","","","","AIHW (unpublished) National Social Housing Survey","%","72.4","80.6","83.1","82.6","80.9","85.6","79.0","81.6","","79.4"
"18A.47","2023","Amenity/Location","All ages","All people","All households","All areas","All households","Public housing","","Public housing","Tenants rating as meeting their needs","","Average across amenity aspects","","","95%CI","AIHW (unpublished) National Social Housing Survey","%","1.6","0.9","0.6","0.9","1.0","0.9","0.9","1.0","","0.5"
"18A.47","2023","Amenity/Location","All ages","All people","All households","All areas","Households with a member with disability","Public housing","","Public housing","Tenants rating as meeting their needs","","Average across location aspects","","","","AIHW (unpublished) National Social Housing Survey","%","83.2","87.3","90.2","86.0","92.5","93.1","85.0","88.9","","87.5"
"18A.47","2023","Amenity/Location","All ages","All people","All households","All areas","Households with a member with disability","Public housing","","Public housing","Tenants rating as meeting their needs","","Average across location aspects","","","95%CI","AIHW (unpublished) National Social Housing Survey","%","3.9","2.2","1.4","2.8","2.0","1.9","2.3","3.2","","1.2"
"18A.47","2023","Amenity/Location","All ages","All people","All households","All areas","All households","Public housing","","Public housing","Tenants rating as meeting their needs","","Average across location aspects","","","","AIHW (unpublished) National Social Housing Survey","%","88.2","91.8","92.5","91.5","92.5","94.0","91.8","90.8","","91.0"
"18A.47","2023","Amenity/Location","All ages","All people","All households","All areas","All households","Public housing","","Public housing","Tenants rating as meeting their needs","","Average across location aspects","","","95%CI","AIHW (unpublished) National Social Housing Survey","%","1.6","0.9","0.7","1.0","1.0","0.9","0.9","1.2","","0.5"
"18A.47","2021","Amenity/Location","All ages","All people","All households","All areas","Households with a member with disability","Public housing","","Public housing","Tenants rating as meeting their needs","","Average across amenity aspects","","","","AIHW (unpublished) National Social Housing Survey","%","73.9","72.1","82.0","79.8","76.8","79.9","71.1","80.3","","76.0"
"18A.47","2021","Amenity/Location","All ages","All people","All households","All areas","Households with a member with disability","Public housing","","Public housing","Tenants rating as meeting their needs","","Average across amenity aspects","","","95%CI","AIHW (unpublished) National Social Housing Survey","%","2.4","2.0","1.3","1.9","2.2","1.8","1.8","1.9","","1.0"
"18A.47","2021","Amenity/Location","All ages","All people","All households","All areas","All households","Public housing","","Public housing","Tenants rating as meeting their needs","","Average across amenity aspects","","","","AIHW (unpublished) National Social Housing Survey","%","80.1","78.1","84.8","84.5","83.3","84.0","78.8","83.8","","81.5"
"18A.47","2021","Amenity/Location","All ages","All people","All households","All areas","All households","Public housing","","Public housing","Tenants rating as meeting their needs","","Average across amenity aspects","","","95%CI","AIHW (unpublished) National Social Housing Survey","%","1.2","1.0","0.6","0.9","1.0","0.9","0.9","0.9","","0.5"
"18A.47","2021","Amenity/Location","All ages","All people","All households","All areas","Households with a member with disability","Public housing","","Public housing","Tenants rating as meeting their needs","","Average across location aspects","","","","AIHW (unpublished) National Social Housing Survey","%","81.4","90.9","90.3","92.1","88.5","88.1","86.9","87.3","","87.3"
"18A.47","2021","Amenity/Location","All ages","All people","All households","All areas","Households with a member with disability","Public housing","","Public housing","Tenants rating as meeting their needs","","Average across location aspects","","","95%CI","AIHW (unpublished) National Social Housing Survey","%","3.5","1.9","1.6","2.0","2.8","2.4","2.0","2.8","","1.4"
"18A.47","2021","Amenity/Location","All ages","All people","All households","All areas","All households","Public housing","","Public housing","Tenants rating as meeting their needs","","Average across location aspects","","","","AIHW (unpublished) National Social Housing Survey","%","91.7","93.3","93.7","93.6","92.5","92.8","92.4","92.0","","92.8"
"18A.47","2021","Amenity/Location","All ages","All people","All households","All areas","All households","Public housing","","Public housing","Tenants rating as meeting their needs","","Average across location aspects","","","95%CI","AIHW (unpublished) National Social Housing Survey","%","1.3","0.9","0.6","0.8","1.1","0.9","0.8","1.1","","0.5"
"18A.47","2018","Amenity/Location","All ages","All people","All households","All areas","Households with a member with disability","Public housing","","Public housing","Tenants rating as meeting their needs","","Average across amenity aspects","","","","AIHW (unpublished) National Social Housing Survey","%","75.8","78.1","82.6","79.7","75.2","81.7","75.9","78.2","","78.0"
"18A.47","2018","Amenity/Location","All ages","All people","All households","All areas","Households with a member with disability","Public housing","","Public housing","Tenants rating as meeting their needs","","Average across amenity aspects","","","95%CI","AIHW (unpublished) National Social Housing Survey","%","2.2","1.7","1.2","1.9","2.0","1.9","2.2","2.2","","0.9"
"18A.47","2018","Amenity/Location","All ages","All people","All households","All areas","All households","Public housing","","Public housing","Tenants rating as meeting their needs","","Average across amenity aspects","","","","AIHW (unpublished) National Social Housing Survey","%","79.3","80.8","85.1","82.4","80.0","84.9","79.5","82.2","","81.1"
"18A.47","2018","Amenity/Location","All ages","All people","All households","All areas","All households","Public housing","","Public housing","Tenants rating as meeting their needs","","Average across amenity aspects","","","95%CI","AIHW (unpublished) National Social Housing Survey","%","1.1","0.9","0.7","0.9","1.0","0.9","1.0","1.0","","0.5"
"18A.47","2018","Amenity/Location","All ages","All people","All households","All areas","Households with a member with disability","Public housing","","Public housing","Tenants rating as meeting their needs","","Average across location aspects","","","","AIHW (unpublished) National Social Housing Survey","%","81.3","80.7","84.0","83.5","82.3","81.1","86.6","79.4","","82.1"
"18A.47","2018","Amenity/Location","All ages","All people","All households","All areas","Households with a member with disability","Public housing","","Public housing","Tenants rating as meeting their needs","","Average across location aspects","","","95%CI","AIHW (unpublished) National Social Housing Survey","%","2.3","1.9","1.4","2.0","2.1","2.2","2.1","2.5","","1.0"
"18A.47","2018","Amenity/Location","All ages","All people","All households","All areas","All households","Public housing","","Public housing","Tenants rating as meeting their needs","","Average across location aspects","","","","AIHW (unpublished) National Social Housing Survey","%","82.7","83.5","85.4","83.5","85.4","84.2","86.5","83.0","","83.8"
"18A.47","2018","Amenity/Location","All ages","All people","All households","All areas","All households","Public housing","","Public housing","Tenants rating as meeting their needs","","Average across location aspects","","","95%CI","AIHW (unpublished) National Social Housing Survey","%","1.2","1.0","0.8","1.0","1.0","1.1","1.0","1.1","","0.5"
"18A.47","2016","Amenity/Location","All ages","All people","All households","All areas","Households with a member with disability","Public housing","","Public housing","Tenants rating as meeting their needs","","Average across amenity aspects","","","","AIHW (unpublished) National Social Housing Survey","%","75.1","74.7","81.2","77.1","75.7","81.6","75.5","76.2","","76.4"
"18A.47","2016","Amenity/Location","All ages","All people","All households","All areas","Households with a member with disability","Public housing","","Public housing","Tenants rating as meeting their needs","","Average across amenity aspects","","","95%CI","AIHW (unpublished) National Social Housing Survey","%","2.0","2.2","1.8","2.0","2.2","1.6","1.9","2.0","","1.0"
"18A.47","2016","Amenity/Location","All ages","All people","All households","All areas","All households","Public housing","","Public housing","Tenants rating as meeting their needs","","Average across amenity aspects","","","","AIHW (unpublished) National Social Housing Survey","%","78.7","79.3","84.5","80.2","82.9","84.2","79.8","81.5","","80.6"
"18A.47","2016","Amenity/Location","All ages","All people","All households","All areas","All households","Public housing","","Public housing","Tenants rating as meeting their needs","","Average across amenity aspects","","","95%CI","AIHW (unpublished) National Social Housing Survey","%","1.0","1.0","0.9","0.9","1.0","0.8","0.9","0.9","","0.5"
"18A.47","2016","Amenity/Location","All ages","All people","All households","All areas","Households with a member with disability","Public housing","","Public housing","Tenants rating as meeting their needs","","Average across location aspects","","","","AIHW (unpublished) National Social Housing Survey","%","82.5","84.4","84.3","84.5","85.2","87.4","84.6","79.9","","83.7"
"18A.47","2016","Amenity/Location","All ages","All people","All households","All areas","Households with a member with disability","Public housing","","Public housing","Tenants rating as meeting their needs","","Average across location aspects","","","95%CI","AIHW (unpublished) National Social Housing Survey","%","2.0","2.2","2.0","2.0","2.2","1.6","1.9","2.3","","1.0"
"18A.47","2016","Amenity/Location","All ages","All people","All households","All areas","All households","Public housing","","Public housing","Tenants rating as meeting their needs","","Average across location aspects","","","","AIHW (unpublished) National Social Housing Survey","%","82.9","85.8","85.5","85.0","86.9","87.4","86.3","83.0","","84.8"
"18A.47","2016","Amenity/Location","All ages","All people","All households","All areas","All households","Public housing","","Public housing","Tenants rating as meeting their needs","","Average across location aspects","","","95%CI","AIHW (unpublished) National Social Housing Survey","%","1.1","1.0","1.0","0.9","1.0","0.9","0.9","1.0","","0.5"
"18A.48","2025","Amenity/Location","All ages","All people","All households","All areas","Households with a member with disability","State owned and managed Indigenous housing","","State owned and managed Indigenous housing","Tenants rating as meeting their needs","","Average across amenity aspects","","","","AIHW (unpublished) National Social Housing Survey","%","59.8","..","85.1","..","77.7","76.0","..","na","","68.8"
"18A.48","2025","Amenity/Location","All ages","All people","All households","All areas","Households with a member with disability","State owned and managed Indigenous housing","","State owned and managed Indigenous housing","Tenants rating as meeting their needs","","Average across amenity aspects","","","95%CI","AIHW (unpublished) National Social Housing Survey","%","3.0","..","1.8","..","3.5","10.4","..","na","","2.1"
"18A.48","2025","Amenity/Location","All ages","All people","All households","All areas","All households","State owned and managed Indigenous housing","","State owned and managed Indigenous housing","Tenants rating as meeting their needs","","Average across amenity aspects","","","","AIHW (unpublished) National Social Housing Survey","%","64.4","..","85.9","..","79.1","80.8","..","na","","73.9"
"18A.48","2025","Amenity/Location","All ages","All people","All households","All areas","All households","State owned and managed Indigenous housing","","State owned and managed Indigenous housing","Tenants rating as meeting their needs","","Average across amenity aspects","","","95%CI","AIHW (unpublished) National Social Housing Survey","%","1.7","..","0.8","..","1.5","2.7","..","na","","1.1"
"18A.48","2025","Amenity/Location","All ages","All people","All households","All areas","All households","State owned and managed Indigenous housing","","State owned and managed Indigenous housing","Tenants rating as meeting their needs","","Amenity aspects","Number of bedrooms","","","AIHW (unpublished) National Social Housing Survey","%","75.1","..","83.8","..","88.6","75.5","..","na","","79.5"
"18A.48","2025","Amenity/Location","All ages","All people","All households","All areas","All households","State owned and managed Indigenous housing","","State owned and managed Indigenous housing","Tenants rating as meeting their needs","","Amenity aspects","Number of bedrooms","","95%CI","AIHW (unpublished) National Social Housing Survey","%","5.4","..","3.3","..","4.9","11.7","..","na","","3.2"
"18A.48","2025","Amenity/Location","All ages","All people","All households","All areas","All households","State owned and managed Indigenous housing","","State owned and managed Indigenous housing","Tenants rating as meeting their needs","","Amenity aspects","Privacy of your home","","","AIHW (unpublished) National Social Housing Survey","%","75.3","..","89.2","..","85.9","83.7","..","na","","81.1"
"18A.48","2025","Amenity/Location","All ages","All people","All households","All areas","All households","State owned and managed Indigenous housing","","State owned and managed Indigenous housing","Tenants rating as meeting their needs","","Amenity aspects","Privacy of your home","","95%CI","AIHW (unpublished) National Social Housing Survey","%","7.2","..","3.2","..","5.3","8.1","..","na","","4.2"
"18A.48","2025","Amenity/Location","All ages","All people","All households","All areas","All households","State owned and managed Indigenous housing","","State owned and managed Indigenous housing","Tenants rating as meeting their needs","","Amenity aspects","Safety and security in your home","","","AIHW (unpublished) National Social Housing Survey","%","61.9","..","86.1","..","69.0","72.9","..","na","","70.6"
"18A.48","2025","Amenity/Location","All ages","All people","All households","All areas","All households","State owned and managed Indigenous housing","","State owned and managed Indigenous housing","Tenants rating as meeting their needs","","Amenity aspects","Safety and security in your home","","95%CI","AIHW (unpublished) National Social Housing Survey","%","6.7","..","3.3","..","6.9","10.5","..","na","","4.2"
"18A.48","2025","Amenity/Location","All ages","All people","All households","All areas","All households","State owned and managed Indigenous housing","","State owned and managed Indigenous housing","Tenants rating as meeting their needs","","Amenity aspects","Safety and security in your neighbourhood","","","AIHW (unpublished) National Social Housing Survey","%","64.0","..","88.7","..","80.2","75.5","..","na","","74.0"
"18A.48","2025","Amenity/Location","All ages","All people","All households","All areas","All households","State owned and managed Indigenous housing","","State owned and managed Indigenous housing","Tenants rating as meeting their needs","","Amenity aspects","Safety and security in your neighbourhood","","95%CI","AIHW (unpublished) National Social Housing Survey","%","7.0","..","2.4","..","6.0","9.9","..","na","","4.5"
"18A.48","2025","Amenity/Location","All ages","All people","All households","All areas","All households","State owned and managed Indigenous housing","","State owned and managed Indigenous housing","Tenants rating as meeting their needs","","Amenity aspects","Comfort of your home in hot/cold weather","","","AIHW (unpublished) National Social Housing Survey","%","59.9","..","78.3","..","60.5","79.6","..","na","","66.2"
"18A.48","2025","Amenity/Location","All ages","All people","All households","All areas","All households","State owned and managed Indigenous housing","","State owned and managed Indigenous housing","Tenants rating as meeting their needs","","Amenity aspects","Comfort of your home in hot/cold weather","","95%CI","AIHW (unpublished) National Social Housing Survey","%","7.5","..","3.7","..","7.1","10.2","..","na","","4.6"
"18A.48","2025","Amenity/Location","All ages","All people","All households","All areas","All households","State owned and managed Indigenous housing","","State owned and managed Indigenous housing","Tenants rating as meeting their needs","","Amenity aspects","Energy efficiency of your home","","","AIHW (unpublished) National Social Housing Survey","%","69.6","..","84.6","..","66.8","67.3","..","na","","74.0"
"18A.48","2025","Amenity/Location","All ages","All people","All households","All areas","All households","State owned and managed Indigenous housing","","State owned and managed Indigenous housing","Tenants rating as meeting their needs","","Amenity aspects","Energy efficiency of your home","","95%CI","AIHW (unpublished) National Social Housing Survey","%","6.6","..","3.5","..","7.1","12.6","..","na","","4.1"
"18A.48","2025","Amenity/Location","All ages","All people","All households","All areas","All households","State owned and managed Indigenous housing","","State owned and managed Indigenous housing","Tenants rating as important and meeting their needs","","Amenity aspects","Size of living spaces","","","AIHW (unpublished) National Social Housing Survey","%","71.4","..","86.0","..","86.4","87.8","..","na","","78.1"
"18A.48","2025","Amenity/Location","All ages","All people","All households","All areas","All households","State owned and managed Indigenous housing","","State owned and managed Indigenous housing","Tenants rating as important and meeting their needs","","Amenity aspects","Size of living spaces","","95%CI","AIHW (unpublished) National Social Housing Survey","%","6.5","..","3.6","..","5.2","7.2","..","na","","3.9"
"18A.48","2025","Amenity/Location","All ages","All people","All households","All areas","All households","State owned and managed Indigenous housing","","State owned and managed Indigenous housing","Tenants rating as important and meeting their needs","","Amenity aspects","Storage - indoor","","","AIHW (unpublished) National Social Housing Survey","%","37.6","..","76.2","..","62.1","72.9","..","na","","53.3"
"18A.48","2025","Amenity/Location","All ages","All people","All households","All areas","All households","State owned and managed Indigenous housing","","State owned and managed Indigenous housing","Tenants rating as important and meeting their needs","","Amenity aspects","Storage - indoor","","95%CI","AIHW (unpublished) National Social Housing Survey","%","4.6","..","4.6","..","7.1","11.9","..","na","","4.1"
"18A.48","2025","Amenity/Location","All ages","All people","All households","All areas","All households","State owned and managed Indigenous housing","","State owned and managed Indigenous housing","Tenants rating as important and meeting their needs","","Amenity aspects","Storage - outdoor","","","AIHW (unpublished) National Social Housing Survey","%","37.3","..","75.5","..","60.9","83.3","..","na","","53.2"
"18A.48","2025","Amenity/Location","All ages","All people","All households","All areas","All households","State owned and managed Indigenous housing","","State owned and managed Indigenous housing","Tenants rating as important and meeting their needs","","Amenity aspects","Storage - outdoor","","95%CI","AIHW (unpublished) National Social Housing Survey","%","6.6","..","3.3","..","7.5","8.9","..","na","","4.7"
"18A.48","2025","Amenity/Location","All ages","All people","All households","All areas","All households","State owned and managed Indigenous housing","","State owned and managed Indigenous housing","Tenants rating as important and meeting their needs","","Amenity aspects","Fixtures for special needs","","","AIHW (unpublished) National Social Housing Survey","%","44.3","..","87.0","..","81.9","np","..","na","","65.8"
"18A.48","2025","Amenity/Location","All ages","All people","All households","All areas","All households","State owned and managed Indigenous housing","","State owned and managed Indigenous housing","Tenants rating as important and meeting their needs","","Amenity aspects","Fixtures for special needs","","95%CI","AIHW (unpublished) National Social Housing Survey","%","9.8","..","4.2","..","6.6","np","..","na","","7.0"
"18A.48","2025","Amenity/Location","All ages","All people","All households","All areas","All households","State owned and managed Indigenous housing","","State owned and managed Indigenous housing","Tenants rating as important and meeting their needs","","Amenity aspects","Structural modifications for special needs","","","AIHW (unpublished) National Social Housing Survey","%","41.9","..","89.8","..","77.0","np","..","na","","69.1"
"18A.48","2025","Amenity/Location","All ages","All people","All households","All areas","All households","State owned and managed Indigenous housing","","State owned and managed Indigenous housing","Tenants rating as important and meeting their needs","","Amenity aspects","Structural modifications for special needs","","95%CI","AIHW (unpublished) National Social Housing Survey","%","13.7","..","4.7","..","8.2","np","..","na","","8.2"
"18A.48","2025","Amenity/Location","All ages","All people","All households","All areas","All households","State owned and managed Indigenous housing","","State owned and managed Indigenous housing","Tenants rating as important and meeting their needs","","Amenity aspects","Easy access/entry from the street","","","AIHW (unpublished) National Social Housing Survey","%","91.3","..","96.3","..","95.6","93.8","..","na","","93.5"
"18A.48","2025","Amenity/Location","All ages","All people","All households","All areas","All households","State owned and managed Indigenous housing","","State owned and managed Indigenous housing","Tenants rating as important and meeting their needs","","Amenity aspects","Easy access/entry from the street","","95%CI","AIHW (unpublished) National Social Housing Survey","%","2.3","..","1.7","..","3.3","8.0","..","na","","1.4"
"18A.48","2025","Amenity/Location","All ages","All people","All households","All areas","All households","State owned and managed Indigenous housing","","State owned and managed Indigenous housing","Tenants rating as important and meeting their needs","","Amenity aspects","Car parking","","","AIHW (unpublished) National Social Housing Survey","%","79.2","..","94.2","..","94.1","95.8","..","na","","86.1"
"18A.48","2025","Amenity/Location","All ages","All people","All households","All areas","All households","State owned and managed Indigenous housing","","State owned and managed Indigenous housing","Tenants rating as important and meeting their needs","","Amenity aspects","Car parking","","95%CI","AIHW (unpublished) National Social Housing Survey","%","5.6","..","2.3","..","3.7","6.1","..","na","","3.4"
"18A.48","2025","Amenity/Location","All ages","All people","All households","All areas","All households","State owned and managed Indigenous housing","","State owned and managed Indigenous housing","Tenants rating as important and meeting their needs","","Amenity aspects","Access to an outdoor space","","","AIHW (unpublished) National Social Housing Survey","%","88.8","..","96.1","..","94.4","93.8","..","na","","91.9"
"18A.48","2025","Amenity/Location","All ages","All people","All households","All areas","All households","State owned and managed Indigenous housing","","State owned and managed Indigenous housing","Tenants rating as important and meeting their needs","","Amenity aspects","Access to an outdoor space","","95%CI","AIHW (unpublished) National Social Housing Survey","%","3.1","..","1.8","..","3.5","5.1","..","na","","1.9"
"18A.48","2025","Amenity/Location","All ages","All people","All households","All areas","All households","State owned and managed Indigenous housing","","State owned and managed Indigenous housing","Tenants rating as important and meeting their needs","","Amenity aspects","Fencing or enclosure of your outdoor space","","","AIHW (unpublished) National Social Housing Survey","%","48.0","..","69.8","..","74.1","81.2","..","na","","58.6"
"18A.48","2025","Amenity/Location","All ages","All people","All households","All areas","All households","State owned and managed Indigenous housing","","State owned and managed Indigenous housing","Tenants rating as important and meeting their needs","","Amenity aspects","Fencing or enclosure of your outdoor space","","95%CI","AIHW (unpublished) National Social Housing Survey","%","7.0","..","3.6","..","6.6","13.3","..","na","","4.4"
"18A.48","2025","Amenity/Location","All ages","All people","All households","All areas","All households","State owned and managed Indigenous housing","","State owned and managed Indigenous housing","Tenants rating as important and meeting their needs","","Amenity aspects","Water efficiency of your bathroom/toilet","","","AIHW (unpublished) National Social Housing Survey","%","84.8","..","92.8","..","88.8","87.2","..","na","","87.9"
"18A.48","2025","Amenity/Location","All ages","All people","All households","All areas","All households","State owned and managed Indigenous housing","","State owned and managed Indigenous housing","Tenants rating as important and meeting their needs","","Amenity aspects","Water efficiency of your bathroom/toilet","","95%CI","AIHW (unpublished) National Social Housing Survey","%","4.7","..","2.2","..","4.4","9.9","..","na","","2.8"
"18A.48","2025","Amenity/Location","All ages","All people","All households","All areas","Households with a member with disability","State owned and managed Indigenous housing","","State owned and managed Indigenous housing","Tenants rating as meeting their needs","","Average across location aspects","","","","AIHW (unpublished) National Social Housing Survey","%","89.4","..","92.9","..","91.9","93.8","..","na","","90.6"
"18A.48","2025","Amenity/Location","All ages","All people","All households","All areas","Households with a member with disability","State owned and managed Indigenous housing","","State owned and managed Indigenous housing","Tenants rating as meeting their needs","","Average across location aspects","","","95%CI","AIHW (unpublished) National Social Housing Survey","%","2.3","..","1.8","..","3.1","6.9","..","na","","1.5"
"18A.48","2025","Amenity/Location","All ages","All people","All households","All areas","All households","State owned and managed Indigenous housing","","State owned and managed Indigenous housing","Tenants rating as meeting their needs","","Average across location aspects","","","","AIHW (unpublished) National Social Housing Survey","%","92.0","..","94.6","..","95.2","97.6","..","na","","93.3"
"18A.48","2025","Amenity/Location","All ages","All people","All households","All areas","All households","State owned and managed Indigenous housing","","State owned and managed Indigenous housing","Tenants rating as meeting their needs","","Average across location aspects","","","95%CI","AIHW (unpublished) National Social Housing Survey","%","1.0","..","0.9","..","1.0","1.2","..","na","","0.6"
"18A.48","2025","Amenity/Location","All ages","All people","All households","All areas","All households","State owned and managed Indigenous housing","","State owned and managed Indigenous housing","Tenants rating as meeting their needs","","Location aspects","Shops and banking facilities","","","AIHW (unpublished) National Social Housing Survey","%","92.8","..","95.9","..","94.7","97.9","..","na","","94.1"
"18A.48","2025","Amenity/Location","All ages","All people","All households","All areas","All households","State owned and managed Indigenous housing","","State owned and managed Indigenous housing","Tenants rating as meeting their needs","","Location aspects","Shops and banking facilities","","95%CI","AIHW (unpublished) National Social Housing Survey","%","2.6","..","2.7","..","3.5","4.2","..","na","","1.8"
"18A.48","2025","Amenity/Location","All ages","All people","All households","All areas","All households","State owned and managed Indigenous housing","","State owned and managed Indigenous housing","Tenants rating as meeting their needs","","Location aspects","Medical services","","","AIHW (unpublished) National Social Housing Survey","%","93.3","..","97.6","..","93.2","97.9","..","na","","94.7"
"18A.48","2025","Amenity/Location","All ages","All people","All households","All areas","All households","State owned and managed Indigenous housing","","State owned and managed Indigenous housing","Tenants rating as meeting their needs","","Location aspects","Medical services","","95%CI","AIHW (unpublished) National Social Housing Survey","%","3.1","..","1.4","..","3.8","4.2","..","na","","1.8"
"18A.48","2025","Amenity/Location","All ages","All people","All households","All areas","All households","State owned and managed Indigenous housing","","State owned and managed Indigenous housing","Tenants rating as meeting their needs","","Location aspects","Family and friends","","","AIHW (unpublished) National Social Housing Survey","%","88.6","..","97.5","..","91.6","91.7","..","na","","91.8"
"18A.48","2025","Amenity/Location","All ages","All people","All households","All areas","All households","State owned and managed Indigenous housing","","State owned and managed Indigenous housing","Tenants rating as meeting their needs","","Location aspects","Family and friends","","95%CI","AIHW (unpublished) National Social Housing Survey","%","5.3","..","1.9","..","4.0","6.7","..","na","","3.0"
"18A.48","2025","Amenity/Location","All ages","All people","All households","All areas","All households","State owned and managed Indigenous housing","","State owned and managed Indigenous housing","Tenants rating as important and meeting their needs","","Location aspects","Public transport","","","AIHW (unpublished) National Social Housing Survey","%","87.7","..","77.1","..","95.2","97.7","..","na","","85.3"
"18A.48","2025","Amenity/Location","All ages","All people","All households","All areas","All households","State owned and managed Indigenous housing","","State owned and managed Indigenous housing","Tenants rating as important and meeting their needs","","Location aspects","Public transport","","95%CI","AIHW (unpublished) National Social Housing Survey","%","4.6","..","7.8","..","3.5","4.8","..","na","","3.5"
"18A.48","2025","Amenity/Location","All ages","All people","All households","All areas","All households","State owned and managed Indigenous housing","","State owned and managed Indigenous housing","Tenants rating as important and meeting their needs","","Location aspects","Hospitals","","","AIHW (unpublished) National Social Housing Survey","%","94.1","..","95.3","..","96.1","97.9","..","na","","94.8"
"18A.48","2025","Amenity/Location","All ages","All people","All households","All areas","All households","State owned and managed Indigenous housing","","State owned and managed Indigenous housing","Tenants rating as important and meeting their needs","","Location aspects","Hospitals","","95%CI","AIHW (unpublished) National Social Housing Survey","%","2.2","..","2.5","..","3.1","4.2","..","na","","1.5"
"18A.48","2025","Amenity/Location","All ages","All people","All households","All areas","All households","State owned and managed Indigenous housing","","State owned and managed Indigenous housing","Tenants rating as important and meeting their needs","","Location aspects","Child care facilities","","","AIHW (unpublished) National Social Housing Survey","%","98.0","..","96.6","..","99.1","100.0","..","na","","97.6"
"18A.48","2025","Amenity/Location","All ages","All people","All households","All areas","All households","State owned and managed Indigenous housing","","State owned and managed Indigenous housing","Tenants rating as important and meeting their needs","","Location aspects","Child care facilities","","95%CI","AIHW (unpublished) National Social Housing Survey","%","1.5","..","2.3","..","1.8","..","..","na","","1.2"
"18A.48","2025","Amenity/Location","All ages","All people","All households","All areas","All households","State owned and managed Indigenous housing","","State owned and managed Indigenous housing","Tenants rating as important and meeting their needs","","Location aspects","Schools","","","AIHW (unpublished) National Social Housing Survey","%","98.2","..","97.7","..","99.1","100.0","..","na","","98.1"
"18A.48","2025","Amenity/Location","All ages","All people","All households","All areas","All households","State owned and managed Indigenous housing","","State owned and managed Indigenous housing","Tenants rating as important and meeting their needs","","Location aspects","Schools","","95%CI","AIHW (unpublished) National Social Housing Survey","%","1.7","..","1.5","..","1.7","..","..","na","","1.1"
"18A.48","2025","Amenity/Location","All ages","All people","All households","All areas","All households","State owned and managed Indigenous housing","","State owned and managed Indigenous housing","Tenants rating as important and meeting their needs","","Location aspects","TAFE; university or other training","","","AIHW (unpublished) National Social Housing Survey","%","91.0","..","93.7","..","95.1","np","..","na","","92.6"
"18A.48","2025","Amenity/Location","All ages","All people","All households","All areas","All households","State owned and managed Indigenous housing","","State owned and managed Indigenous housing","Tenants rating as important and meeting their needs","","Location aspects","TAFE; university or other training","","95%CI","AIHW (unpublished) National Social Housing Survey","%","4.6","..","3.4","..","4.7","np","..","na","","2.8"
"18A.48","2025","Amenity/Location","All ages","All people","All households","All areas","All households","State owned and managed Indigenous housing","","State owned and managed Indigenous housing","Tenants rating as important and meeting their needs","","Location aspects","Employment/place of work","","","AIHW (unpublished) National Social Housing Survey","%","94.4","..","96.2","..","93.9","100.0","..","na","","95.1"
"18A.48","2025","Amenity/Location","All ages","All people","All households","All areas","All households","State owned and managed Indigenous housing","","State owned and managed Indigenous housing","Tenants rating as important and meeting their needs","","Location aspects","Employment/place of work","","95%CI","AIHW (unpublished) National Social Housing Survey","%","2.8","..","2.5","..","4.7","..","..","na","","1.8"
"18A.48","2025","Amenity/Location","All ages","All people","All households","All areas","All households","State owned and managed Indigenous housing","","State owned and managed Indigenous housing","Tenants rating as important and meeting their needs","","Location aspects","Community services","","","AIHW (unpublished) National Social Housing Survey","%","93.0","..","95.9","..","95.4","97.6","..","na","","94.2"
"18A.48","2025","Amenity/Location","All ages","All people","All households","All areas","All households","State owned and managed Indigenous housing","","State owned and managed Indigenous housing","Tenants rating as important and meeting their needs","","Location aspects","Community services","","95%CI","AIHW (unpublished) National Social Housing Survey","%","2.7","..","2.6","..","3.4","3.6","..","na","","1.8"
"18A.48","2025","Amenity/Location","All ages","All people","All households","All areas","All households","State owned and managed Indigenous housing","","State owned and managed Indigenous housing","Tenants rating as important and meeting their needs","","Location aspects","Places of cultural or religious significance","","","AIHW (unpublished) National Social Housing Survey","%","86.5","..","94.9","..","91.2","94.9","..","na","","89.9"
"18A.48","2025","Amenity/Location","All ages","All people","All households","All areas","All households","State owned and managed Indigenous housing","","State owned and managed Indigenous housing","Tenants rating as important and meeting their needs","","Location aspects","Places of cultural or religious significance","","95%CI","AIHW (unpublished) National Social Housing Survey","%","4.4","..","2.2","..","4.5","5.3","..","na","","2.8"
"18A.48","2025","Amenity/Location","All ages","All people","All households","All areas","All households","State owned and managed Indigenous housing","","State owned and managed Indigenous housing","Tenants rating as important and meeting their needs","","Location aspects","Parks; recreation or sporting facilities","","","AIHW (unpublished) National Social Housing Survey","%","86.0","..","96.9","..","97.3","95.5","..","na","","90.9"
"18A.48","2025","Amenity/Location","All ages","All people","All households","All areas","All households","State owned and managed Indigenous housing","","State owned and managed Indigenous housing","Tenants rating as important and meeting their needs","","Location aspects","Parks; recreation or sporting facilities","","95%CI","AIHW (unpublished) National Social Housing Survey","%","4.4","..","1.8","..","2.7","6.8","..","na","","2.5"
"18A.48","2023","Amenity/Location","All ages","All people","All households","All areas","Households with a member with disability","State owned and managed Indigenous housing","","State owned and managed Indigenous housing","Tenants rating as meeting their needs","","Average across amenity aspects","","","","AIHW (unpublished) National Social Housing Survey","%","66.9","..","80.3","..","73.6","np","..","na","","74.3"
"18A.48","2023","Amenity/Location","All ages","All people","All households","All areas","Households with a member with disability","State owned and managed Indigenous housing","","State owned and managed Indigenous housing","Tenants rating as meeting their needs","","Average across amenity aspects","","","95%CI","AIHW (unpublished) National Social Housing Survey","%","3.2","..","2.2","..","3.2","np","..","na","","1.6"
"18A.48","2023","Amenity/Location","All ages","All people","All households","All areas","All households","State owned and managed Indigenous housing","","State owned and managed Indigenous housing","Tenants rating as meeting their needs","","Average across amenity aspects","","","","AIHW (unpublished) National Social Housing Survey","%","79.1","..","83.6","..","78.4","87.8","..","na","","81.1"
"18A.48","2023","Amenity/Location","All ages","All people","All households","All areas","All households","State owned and managed Indigenous housing","","State owned and managed Indigenous housing","Tenants rating as meeting their needs","","Average across amenity aspects","","","95%CI","AIHW (unpublished) National Social Housing Survey","%","1.1","..","1.1","..","1.4","3.2","..","na","","0.7"
"18A.48","2023","Amenity/Location","All ages","All people","All households","All areas","Households with a member with disability","State owned and managed Indigenous housing","","State owned and managed Indigenous housing","Tenants rating as meeting their needs","","Average across location aspects","","","","AIHW (unpublished) National Social Housing Survey","%","88.7","..","95.1","..","90.1","np","..","na","","91.4"
"18A.48","2023","Amenity/Location","All ages","All people","All households","All areas","Households with a member with disability","State owned and managed Indigenous housing","","State owned and managed Indigenous housing","Tenants rating as meeting their needs","","Average across location aspects","","","95%CI","AIHW (unpublished) National Social Housing Survey","%","3.0","..","2.1","..","3.2","np","..","na","","1.6"
"18A.48","2023","Amenity/Location","All ages","All people","All households","All areas","All households","State owned and managed Indigenous housing","","State owned and managed Indigenous housing","Tenants rating as meeting their needs","","Average across location aspects","","","","AIHW (unpublished) National Social Housing Survey","%","93.7","..","93.5","..","93.7","97.6","..","na","","93.8"
"18A.48","2023","Amenity/Location","All ages","All people","All households","All areas","All households","State owned and managed Indigenous housing","","State owned and managed Indigenous housing","Tenants rating as meeting their needs","","Average across location aspects","","","95%CI","AIHW (unpublished) National Social Housing Survey","%","0.8","..","0.9","..","1.1","2.4","..","na","","0.5"
"18A.48","2021","Amenity/Location","All ages","All people","All households","All areas","Households with a member with disability","State owned and managed Indigenous housing","","State owned and managed Indigenous housing","Tenants rating as meeting their needs","","Average across amenity aspects","","","","AIHW (unpublished) National Social Housing Survey","%","77.4","..","78.2","..","72.5","81.2","..","na","","77.0"
"18A.48","2021","Amenity/Location","All ages","All people","All households","All areas","Households with a member with disability","State owned and managed Indigenous housing","","State owned and managed Indigenous housing","Tenants rating as meeting their needs","","Average across amenity aspects","","","95%CI","AIHW (unpublished) National Social Housing Survey","%","3.5","..","2.1","..","3.0","6.0","..","na","","1.8"
"18A.48","2021","Amenity/Location","All ages","All people","All households","All areas","All households","State owned and managed Indigenous housing","","State owned and managed Indigenous housing","Tenants rating as meeting their needs","","Average across amenity aspects","","","","AIHW (unpublished) National Social Housing Survey","%","76.9","..","82.1","..","79.5","87.0","..","na","","79.5"
"18A.48","2021","Amenity/Location","All ages","All people","All households","All areas","All households","State owned and managed Indigenous housing","","State owned and managed Indigenous housing","Tenants rating as meeting their needs","","Average across amenity aspects","","","95%CI","AIHW (unpublished) National Social Housing Survey","%","1.8","..","1.0","..","1.4","2.4","..","na","","0.9"
"18A.48","2021","Amenity/Location","All ages","All people","All households","All areas","Households with a member with disability","State owned and managed Indigenous housing","","State owned and managed Indigenous housing","Tenants rating as meeting their needs","","Average across location aspects","","","","AIHW (unpublished) National Social Housing Survey","%","94.0","..","88.6","..","87.8","94.0","..","na","","91.1"
"18A.48","2021","Amenity/Location","All ages","All people","All households","All areas","Households with a member with disability","State owned and managed Indigenous housing","","State owned and managed Indigenous housing","Tenants rating as meeting their needs","","Average across location aspects","","","95%CI","AIHW (unpublished) National Social Housing Survey","%","3.5","..","2.2","..","3.5","5.5","..","na","","1.5"
"18A.48","2021","Amenity/Location","All ages","All people","All households","All areas","All households","State owned and managed Indigenous housing","","State owned and managed Indigenous housing","Tenants rating as meeting their needs","","Average across location aspects","","","","AIHW (unpublished) National Social Housing Survey","%","93.9","..","91.9","..","91.9","94.9","..","na","","93.0"
"18A.48","2021","Amenity/Location","All ages","All people","All households","All areas","All households","State owned and managed Indigenous housing","","State owned and managed Indigenous housing","Tenants rating as meeting their needs","","Average across location aspects","","","95%CI","AIHW (unpublished) National Social Housing Survey","%","2.0","..","0.9","..","1.3","2.2","..","na","","1.0"
"18A.48","2018","Amenity/Location","All ages","All people","All households","All areas","Households with a member with disability","State owned and managed Indigenous housing","","State owned and managed Indigenous housing","Tenants rating as meeting their needs","","Average across amenity aspects","","","","AIHW (unpublished) National Social Housing Survey","%","75.8","..","82.2","..","74.6","76.2","..","na","","78.0"
"18A.48","2018","Amenity/Location","All ages","All people","All households","All areas","Households with a member with disability","State owned and managed Indigenous housing","","State owned and managed Indigenous housing","Tenants rating as meeting their needs","","Average across amenity aspects","","","95%CI","AIHW (unpublished) National Social Housing Survey","%","2.9","..","2.3","..","3.3","6.2","..","na","","1.6"
"18A.48","2018","Amenity/Location","All ages","All people","All households","All areas","All households","State owned and managed Indigenous housing","","State owned and managed Indigenous housing","Tenants rating as meeting their needs","","Average across amenity aspects","","","","AIHW (unpublished) National Social Housing Survey","%","79.7","..","85.5","..","79.3","86.1","..","na","","81.9"
"18A.48","2018","Amenity/Location","All ages","All people","All households","All areas","All households","State owned and managed Indigenous housing","","State owned and managed Indigenous housing","Tenants rating as meeting their needs","","Average across amenity aspects","","","95%CI","AIHW (unpublished) National Social Housing Survey","%","1.0","..","0.9","..","1.4","2.4","..","na","","0.6"
"18A.48","2018","Amenity/Location","All ages","All people","All households","All areas","Households with a member with disability","State owned and managed Indigenous housing","","State owned and managed Indigenous housing","Tenants rating as meeting their needs","","Average across location aspects","","","","AIHW (unpublished) National Social Housing Survey","%","89.3","..","91.8","..","86.3","91.9","..","na","","89.8"
"18A.48","2018","Amenity/Location","All ages","All people","All households","All areas","Households with a member with disability","State owned and managed Indigenous housing","","State owned and managed Indigenous housing","Tenants rating as meeting their needs","","Average across location aspects","","","95%CI","AIHW (unpublished) National Social Housing Survey","%","2.5","..","1.9","..","3.2","5.0","..","na","","1.4"
"18A.48","2018","Amenity/Location","All ages","All people","All households","All areas","All households","State owned and managed Indigenous housing","","State owned and managed Indigenous housing","Tenants rating as meeting their needs","","Average across location aspects","","","","AIHW (unpublished) National Social Housing Survey","%","92.7","..","92.1","..","85.9","90.3","..","na","","91.6"
"18A.48","2018","Amenity/Location","All ages","All people","All households","All areas","All households","State owned and managed Indigenous housing","","State owned and managed Indigenous housing","Tenants rating as meeting their needs","","Average across location aspects","","","95%CI","AIHW (unpublished) National Social Housing Survey","%","0.7","..","0.7","..","1.5","2.6","..","na","","0.5"
"18A.48","2016","Amenity/Location","All ages","All people","All households","All areas","Households with a member with disability","State owned and managed Indigenous housing","","State owned and managed Indigenous housing","Tenants rating as meeting their needs","","Average across amenity aspects","","","","AIHW (unpublished) National Social Housing Survey","%","77.5","..","80.7","..","79.3","70.1","..","na","","78.7"
"18A.48","2016","Amenity/Location","All ages","All people","All households","All areas","Households with a member with disability","State owned and managed Indigenous housing","","State owned and managed Indigenous housing","Tenants rating as meeting their needs","","Average across amenity aspects","","","95%CI","AIHW (unpublished) National Social Housing Survey","%","3.6","..","3.5","..","2.8","8.9","..","na","","1.9"
"18A.48","2016","Amenity/Location","All ages","All people","All households","All areas","All households","State owned and managed Indigenous housing","","State owned and managed Indigenous housing","Tenants rating as meeting their needs","","Average across amenity aspects","","","","AIHW (unpublished) National Social Housing Survey","%","82.9","..","85.1","..","79.9","84.1","..","na","","83.2"
"18A.48","2016","Amenity/Location","All ages","All people","All households","All areas","All households","State owned and managed Indigenous housing","","State owned and managed Indigenous housing","Tenants rating as meeting their needs","","Average across amenity aspects","","","95%CI","AIHW (unpublished) National Social Housing Survey","%","0.9","..","0.9","..","1.3","2.7","..","na","","0.6"
"18A.48","2016","Amenity/Location","All ages","All people","All households","All areas","Households with a member with disability","State owned and managed Indigenous housing","","State owned and managed Indigenous housing","Tenants rating as meeting their needs","","Average across location aspects","","","","AIHW (unpublished) National Social Housing Survey","%","90.9","..","85.8","..","79.6","84.9","..","na","","85.8"
"18A.48","2016","Amenity/Location","All ages","All people","All households","All areas","Households with a member with disability","State owned and managed Indigenous housing","","State owned and managed Indigenous housing","Tenants rating as meeting their needs","","Average across location aspects","","","95%CI","AIHW (unpublished) National Social Housing Survey","%","2.9","..","3.6","..","3.3","8.6","..","na","","1.9"
"18A.48","2016","Amenity/Location","All ages","All people","All households","All areas","All households","State owned and managed Indigenous housing","","State owned and managed Indigenous housing","Tenants rating as meeting their needs","","Average across location aspects","","","","AIHW (unpublished) National Social Housing Survey","%","93.7","..","90.4","..","84.5","91.4","..","na","","91.1"
"18A.48","2016","Amenity/Location","All ages","All people","All households","All areas","All households","State owned and managed Indigenous housing","","State owned and managed Indigenous housing","Tenants rating as meeting their needs","","Average across location aspects","","","95%CI","AIHW (unpublished) National Social Housing Survey","%","0.7","..","0.8","..","1.4","2.5","..","na","","0.5"
"18A.49","2025","Amenity/Location","All ages","All people","All households","All areas","Households with a member with disability","Community housing","","Community housing","Tenants rating as meeting their needs","","Average across amenity aspects","","","","AIHW (unpublished) National Social Housing Survey","%","72.3","76.4","79.1","80.8","73.2","76.7","82.3","na","","74.7"
"18A.49","2025","Amenity/Location","All ages","All people","All households","All areas","Households with a member with disability","Community housing","","Community housing","Tenants rating as meeting their needs","","Average across amenity aspects","","","95%CI","AIHW (unpublished) National Social Housing Survey","%","1.9","2.5","1.8","2.6","1.7","2.0","3.2","na","","1.1"
"18A.49","2025","Amenity/Location","All ages","All people","All households","All areas","All households","Community housing","","Community housing","Tenants rating as meeting their needs","","Average across amenity aspects","","","","AIHW (unpublished) National Social Housing Survey","%","79.9","82.7","82.3","88.1","82.2","82.9","83.9","na","","81.7"
"18A.49","2025","Amenity/Location","All ages","All people","All households","All areas","All households","Community housing","","Community housing","Tenants rating as meeting their needs","","Average across amenity aspects","","","95%CI","AIHW (unpublished) National Social Housing Survey","%","1.0","1.2","0.9","1.1","0.7","0.9","1.7","na","","0.5"
"18A.49","2025","Amenity/Location","All ages","All people","All households","All areas","All households","Community housing","","Community housing","Tenants rating as meeting their needs","","Amenity aspects","Number of bedrooms","","","AIHW (unpublished) National Social Housing Survey","%","89.9","91.8","90.4","94.5","90.7","90.7","91.7","na","","90.8"
"18A.49","2025","Amenity/Location","All ages","All people","All households","All areas","All households","Community housing","","Community housing","Tenants rating as meeting their needs","","Amenity aspects","Number of bedrooms","","95%CI","AIHW (unpublished) National Social Housing Survey","%","2.8","3.2","2.6","2.8","2.2","2.7","5.0","na","","1.5"
"18A.49","2025","Amenity/Location","All ages","All people","All households","All areas","All households","Community housing","","Community housing","Tenants rating as meeting their needs","","Amenity aspects","Privacy of your home","","","AIHW (unpublished) National Social Housing Survey","%","86.4","86.9","84.4","92.1","87.0","86.1","85.2","na","","86.7"
"18A.49","2025","Amenity/Location","All ages","All people","All households","All areas","All households","Community housing","","Community housing","Tenants rating as meeting their needs","","Amenity aspects","Privacy of your home","","95%CI","AIHW (unpublished) National Social Housing Survey","%","3.2","4.0","3.3","3.5","2.5","3.2","6.3","na","","1.7"
"18A.49","2025","Amenity/Location","All ages","All people","All households","All areas","All households","Community housing","","Community housing","Tenants rating as meeting their needs","","Amenity aspects","Safety and security in your home","","","AIHW (unpublished) National Social Housing Survey","%","79.0","77.0","81.6","87.1","81.4","79.8","82.0","na","","79.8"
"18A.49","2025","Amenity/Location","All ages","All people","All households","All areas","All households","Community housing","","Community housing","Tenants rating as meeting their needs","","Amenity aspects","Safety and security in your home","","95%CI","AIHW (unpublished) National Social Housing Survey","%","3.8","5.0","3.5","4.4","2.9","3.7","6.9","na","","2.1"
"18A.49","2025","Amenity/Location","All ages","All people","All households","All areas","All households","Community housing","","Community housing","Tenants rating as meeting their needs","","Amenity aspects","Safety and security in your neighbourhood","","","AIHW (unpublished) National Social Housing Survey","%","74.8","73.2","72.2","80.0","77.6","73.4","76.0","na","","74.8"
"18A.49","2025","Amenity/Location","All ages","All people","All households","All areas","All households","Community housing","","Community housing","Tenants rating as meeting their needs","","Amenity aspects","Safety and security in your neighbourhood","","95%CI","AIHW (unpublished) National Social Housing Survey","%","4.1","5.3","4.0","5.3","3.1","4.1","7.6","na","","2.2"
"18A.49","2025","Amenity/Location","All ages","All people","All households","All areas","All households","Community housing","","Community housing","Tenants rating as meeting their needs","","Amenity aspects","Comfort of your home in hot/cold weather","","","AIHW (unpublished) National Social Housing Survey","%","68.8","83.0","77.0","78.9","75.8","83.7","80.2","na","","74.8"
"18A.49","2025","Amenity/Location","All ages","All people","All households","All areas","All households","Community housing","","Community housing","Tenants rating as meeting their needs","","Amenity aspects","Comfort of your home in hot/cold weather","","95%CI","AIHW (unpublished) National Social Housing Survey","%","4.3","4.3","3.8","5.4","3.2","3.4","7.1","na","","2.3"
"18A.49","2025","Amenity/Location","All ages","All people","All households","All areas","All households","Community housing","","Community housing","Tenants rating as meeting their needs","","Amenity aspects","Energy efficiency of your home","","","AIHW (unpublished) National Social Housing Survey","%","72.9","78.6","80.1","80.9","71.5","77.6","79.5","na","","75.4"
"18A.49","2025","Amenity/Location","All ages","All people","All households","All areas","All households","Community housing","","Community housing","Tenants rating as meeting their needs","","Amenity aspects","Energy efficiency of your home","","95%CI","AIHW (unpublished) National Social Housing Survey","%","4.1","4.7","3.6","5.2","3.4","3.9","7.2","na","","2.2"
"18A.49","2025","Amenity/Location","All ages","All people","All households","All areas","All households","Community housing","","Community housing","Tenants rating as important and meeting their needs","","Amenity aspects","Size of living spaces","","","AIHW (unpublished) National Social Housing Survey","%","87.3","84.6","86.2","93.3","86.5","86.4","84.6","na","","87.0"
"18A.49","2025","Amenity/Location","All ages","All people","All households","All areas","All households","Community housing","","Community housing","Tenants rating as important and meeting their needs","","Amenity aspects","Size of living spaces","","95%CI","AIHW (unpublished) National Social Housing Survey","%","3.1","4.3","3.1","3.2","2.6","3.2","6.6","na","","1.7"
"18A.49","2025","Amenity/Location","All ages","All people","All households","All areas","All households","Community housing","","Community housing","Tenants rating as important and meeting their needs","","Amenity aspects","Storage - indoor","","","AIHW (unpublished) National Social Housing Survey","%","72.1","77.7","75.2","82.3","71.1","72.4","85.3","na","","74.1"
"18A.49","2025","Amenity/Location","All ages","All people","All households","All areas","All households","Community housing","","Community housing","Tenants rating as important and meeting their needs","","Amenity aspects","Storage - indoor","","95%CI","AIHW (unpublished) National Social Housing Survey","%","4.2","5.0","4.0","5.0","3.5","4.2","6.5","na","","2.3"
"18A.49","2025","Amenity/Location","All ages","All people","All households","All areas","All households","Community housing","","Community housing","Tenants rating as important and meeting their needs","","Amenity aspects","Storage - outdoor","","","AIHW (unpublished) National Social Housing Survey","%","57.5","64.7","57.7","83.2","61.8","65.4","68.7","na","","62.0"
"18A.49","2025","Amenity/Location","All ages","All people","All households","All areas","All households","Community housing","","Community housing","Tenants rating as important and meeting their needs","","Amenity aspects","Storage - outdoor","","95%CI","AIHW (unpublished) National Social Housing Survey","%","5.0","6.1","5.1","4.8","3.9","4.7","9.2","na","","2.7"
"18A.49","2025","Amenity/Location","All ages","All people","All households","All areas","All households","Community housing","","Community housing","Tenants rating as important and meeting their needs","","Amenity aspects","Fixtures for special needs","","","AIHW (unpublished) National Social Housing Survey","%","76.9","80.8","86.7","88.3","79.7","82.3","85.6","na","","80.3"
"18A.49","2025","Amenity/Location","All ages","All people","All households","All areas","All households","Community housing","","Community housing","Tenants rating as important and meeting their needs","","Amenity aspects","Fixtures for special needs","","95%CI","AIHW (unpublished) National Social Housing Survey","%","4.5","5.5","3.6","4.8","3.6","4.0","7.0","na","","2.4"
"18A.49","2025","Amenity/Location","All ages","All people","All households","All areas","All households","Community housing","","Community housing","Tenants rating as important and meeting their needs","","Amenity aspects","Structural modifications for special needs","","","AIHW (unpublished) National Social Housing Survey","%","77.7","78.4","84.8","81.1","79.5","78.8","76.2","na","","79.1"
"18A.49","2025","Amenity/Location","All ages","All people","All households","All areas","All households","Community housing","","Community housing","Tenants rating as important and meeting their needs","","Amenity aspects","Structural modifications for special needs","","95%CI","AIHW (unpublished) National Social Housing Survey","%","5.0","6.6","4.1","6.4","4.3","5.0","9.4","na","","2.7"
"18A.49","2025","Amenity/Location","All ages","All people","All households","All areas","All households","Community housing","","Community housing","Tenants rating as important and meeting their needs","","Amenity aspects","Easy access/entry from the street","","","AIHW (unpublished) National Social Housing Survey","%","92.3","93.7","93.1","96.3","94.9","94.0","93.6","na","","93.3"
"18A.49","2025","Amenity/Location","All ages","All people","All households","All areas","All households","Community housing","","Community housing","Tenants rating as important and meeting their needs","","Amenity aspects","Easy access/entry from the street","","95%CI","AIHW (unpublished) National Social Housing Survey","%","2.4","2.9","2.3","2.6","1.7","2.2","4.6","na","","1.3"
"18A.49","2025","Amenity/Location","All ages","All people","All households","All areas","All households","Community housing","","Community housing","Tenants rating as important and meeting their needs","","Amenity aspects","Car parking","","","AIHW (unpublished) National Social Housing Survey","%","81.9","82.5","79.9","90.6","88.7","90.3","78.8","na","","83.9"
"18A.49","2025","Amenity/Location","All ages","All people","All households","All areas","All households","Community housing","","Community housing","Tenants rating as important and meeting their needs","","Amenity aspects","Car parking","","95%CI","AIHW (unpublished) National Social Housing Survey","%","3.8","4.8","3.8","3.9","2.5","2.8","7.9","na","","2.0"
"18A.49","2025","Amenity/Location","All ages","All people","All households","All areas","All households","Community housing","","Community housing","Tenants rating as important and meeting their needs","","Amenity aspects","Access to an outdoor space","","","AIHW (unpublished) National Social Housing Survey","%","90.4","90.9","92.6","96.3","94.9","92.5","94.8","na","","91.8"
"18A.49","2025","Amenity/Location","All ages","All people","All households","All areas","All households","Community housing","","Community housing","Tenants rating as important and meeting their needs","","Amenity aspects","Access to an outdoor space","","95%CI","AIHW (unpublished) National Social Housing Survey","%","2.8","3.6","2.4","2.5","1.6","2.5","4.0","na","","1.5"
"18A.49","2025","Amenity/Location","All ages","All people","All households","All areas","All households","Community housing","","Community housing","Tenants rating as important and meeting their needs","","Amenity aspects","Fencing or enclosure of your outdoor space","","","AIHW (unpublished) National Social Housing Survey","%","81.3","86.8","82.5","92.1","83.6","78.7","86.9","na","","83.3"
"18A.49","2025","Amenity/Location","All ages","All people","All households","All areas","All households","Community housing","","Community housing","Tenants rating as important and meeting their needs","","Amenity aspects","Fencing or enclosure of your outdoor space","","95%CI","AIHW (unpublished) National Social Housing Survey","%","3.7","4.2","3.6","3.6","2.8","3.8","6.4","na","","2.0"
"18A.49","2025","Amenity/Location","All ages","All people","All households","All areas","All households","Community housing","","Community housing","Tenants rating as important and meeting their needs","","Amenity aspects","Water efficiency of your bathroom/toilet","","","AIHW (unpublished) National Social Housing Survey","%","88.7","92.4","92.4","92.3","91.0","94.4","93.9","na","","90.7"
"18A.49","2025","Amenity/Location","All ages","All people","All households","All areas","All households","Community housing","","Community housing","Tenants rating as important and meeting their needs","","Amenity aspects","Water efficiency of your bathroom/toilet","","95%CI","AIHW (unpublished) National Social Housing Survey","%","2.8","3.1","2.4","3.7","2.2","2.1","4.4","na","","1.5"
"18A.49","2025","Amenity/Location","All ages","All people","All households","All areas","Households with a member with disability","Community housing","","Community housing","Tenants rating as meeting their needs","","Average across location aspects","","","","AIHW (unpublished) National Social Housing Survey","%","84.0","92.5","89.9","83.5","88.3","90.9","91.0","na","","87.0"
"18A.49","2025","Amenity/Location","All ages","All people","All households","All areas","Households with a member with disability","Community housing","","Community housing","Tenants rating as meeting their needs","","Average across location aspects","","","95%CI","AIHW (unpublished) National Social Housing Survey","%","2.5","2.1","2.3","4.3","1.9","1.9","3.5","na","","1.4"
"18A.49","2025","Amenity/Location","All ages","All people","All households","All areas","All households","Community housing","","Community housing","Tenants rating as meeting their needs","","Average across location aspects","","","","AIHW (unpublished) National Social Housing Survey","%","90.8","93.0","90.2","91.0","92.6","93.8","92.0","na","","91.6"
"18A.49","2025","Amenity/Location","All ages","All people","All households","All areas","All households","Community housing","","Community housing","Tenants rating as meeting their needs","","Average across location aspects","","","95%CI","AIHW (unpublished) National Social Housing Survey","%","1.0","1.1","1.0","1.5","0.7","0.8","1.7","na","","0.5"
"18A.49","2025","Amenity/Location","All ages","All people","All households","All areas","All households","Community housing","","Community housing","Tenants rating as meeting their needs","","Location aspects","Shops and banking facilities","","","AIHW (unpublished) National Social Housing Survey","%","91.6","95.3","93.1","91.4","93.1","95.0","90.1","na","","92.8"
"18A.49","2025","Amenity/Location","All ages","All people","All households","All areas","All households","Community housing","","Community housing","Tenants rating as meeting their needs","","Location aspects","Shops and banking facilities","","95%CI","AIHW (unpublished) National Social Housing Survey","%","2.6","2.4","2.3","3.7","1.8","2.0","5.3","na","","1.4"
"18A.49","2025","Amenity/Location","All ages","All people","All households","All areas","All households","Community housing","","Community housing","Tenants rating as meeting their needs","","Location aspects","Medical services","","","AIHW (unpublished) National Social Housing Survey","%","90.9","93.3","94.3","93.3","93.7","92.0","90.2","na","","92.2"
"18A.49","2025","Amenity/Location","All ages","All people","All households","All areas","All households","Community housing","","Community housing","Tenants rating as meeting their needs","","Location aspects","Medical services","","95%CI","AIHW (unpublished) National Social Housing Survey","%","2.7","3.0","2.0","3.3","1.7","2.5","5.3","na","","1.4"
"18A.49","2025","Amenity/Location","All ages","All people","All households","All areas","All households","Community housing","","Community housing","Tenants rating as meeting their needs","","Location aspects","Family and friends","","","AIHW (unpublished) National Social Housing Survey","%","85.6","89.0","85.2","88.2","87.4","88.5","85.1","na","","86.7"
"18A.49","2025","Amenity/Location","All ages","All people","All households","All areas","All households","Community housing","","Community housing","Tenants rating as meeting their needs","","Location aspects","Family and friends","","95%CI","AIHW (unpublished) National Social Housing Survey","%","3.3","3.7","3.2","4.3","2.5","2.9","6.4","na","","1.8"
"18A.49","2025","Amenity/Location","All ages","All people","All households","All areas","All households","Community housing","","Community housing","Tenants rating as important and meeting their needs","","Location aspects","Public transport","","","AIHW (unpublished) National Social Housing Survey","%","89.2","95.7","89.3","88.7","92.8","94.7","97.3","na","","91.2"
"18A.49","2025","Amenity/Location","All ages","All people","All households","All areas","All households","Community housing","","Community housing","Tenants rating as important and meeting their needs","","Location aspects","Public transport","","95%CI","AIHW (unpublished) National Social Housing Survey","%","2.9","2.3","2.8","4.1","1.8","2.1","3.0","na","","1.5"
"18A.49","2025","Amenity/Location","All ages","All people","All households","All areas","All households","Community housing","","Community housing","Tenants rating as important and meeting their needs","","Location aspects","Hospitals","","","AIHW (unpublished) National Social Housing Survey","%","93.3","92.2","94.1","91.7","94.2","92.5","93.6","na","","93.1"
"18A.49","2025","Amenity/Location","All ages","All people","All households","All areas","All households","Community housing","","Community housing","Tenants rating as important and meeting their needs","","Location aspects","Hospitals","","95%CI","AIHW (unpublished) National Social Housing Survey","%","2.3","3.2","2.1","3.6","1.6","2.4","4.6","na","","1.3"
"18A.49","2025","Amenity/Location","All ages","All people","All households","All areas","All households","Community housing","","Community housing","Tenants rating as important and meeting their needs","","Location aspects","Child care facilities","","","AIHW (unpublished) National Social Housing Survey","%","91.5","95.2","92.1","92.3","94.1","94.8","95.1","na","","92.9"
"18A.49","2025","Amenity/Location","All ages","All people","All households","All areas","All households","Community housing","","Community housing","Tenants rating as important and meeting their needs","","Location aspects","Child care facilities","","95%CI","AIHW (unpublished) National Social Housing Survey","%","4.2","4.3","4.3","6.6","3.0","3.3","6.6","na","","2.2"
"18A.49","2025","Amenity/Location","All ages","All people","All households","All areas","All households","Community housing","","Community housing","Tenants rating as important and meeting their needs","","Location aspects","Schools","","","AIHW (unpublished) National Social Housing Survey","%","94.3","96.8","94.0","95.3","95.7","97.5","95.3","na","","95.2"
"18A.49","2025","Amenity/Location","All ages","All people","All households","All areas","All households","Community housing","","Community housing","Tenants rating as important and meeting their needs","","Location aspects","Schools","","95%CI","AIHW (unpublished) National Social Housing Survey","%","3.1","3.6","3.7","5.0","2.4","2.2","6.3","na","","1.7"
"18A.49","2025","Amenity/Location","All ages","All people","All households","All areas","All households","Community housing","","Community housing","Tenants rating as important and meeting their needs","","Location aspects","TAFE; university or other training","","","AIHW (unpublished) National Social Housing Survey","%","89.3","92.7","84.3","87.7","89.5","91.1","94.5","na","","89.6"
"18A.49","2025","Amenity/Location","All ages","All people","All households","All areas","All households","Community housing","","Community housing","Tenants rating as important and meeting their needs","","Location aspects","TAFE; university or other training","","95%CI","AIHW (unpublished) National Social Housing Survey","%","4.2","4.8","5.6","7.3","3.6","4.0","6.0","na","","2.4"
"18A.49","2025","Amenity/Location","All ages","All people","All households","All areas","All households","Community housing","","Community housing","Tenants rating as important and meeting their needs","","Location aspects","Employment/place of work","","","AIHW (unpublished) National Social Housing Survey","%","90.0","88.5","84.9","85.5","91.7","94.6","91.2","na","","89.5"
"18A.49","2025","Amenity/Location","All ages","All people","All households","All areas","All households","Community housing","","Community housing","Tenants rating as important and meeting their needs","","Location aspects","Employment/place of work","","95%CI","AIHW (unpublished) National Social Housing Survey","%","4.6","5.5","5.2","7.9","3.1","3.1","6.8","na","","2.5"
"18A.49","2025","Amenity/Location","All ages","All people","All households","All areas","All households","Community housing","","Community housing","Tenants rating as important and meeting their needs","","Location aspects","Community services","","","AIHW (unpublished) National Social Housing Survey","%","89.7","92.1","87.7","93.0","90.3","93.4","91.3","na","","90.5"
"18A.49","2025","Amenity/Location","All ages","All people","All households","All areas","All households","Community housing","","Community housing","Tenants rating as important and meeting their needs","","Location aspects","Community services","","95%CI","AIHW (unpublished) National Social Housing Survey","%","3.3","3.6","3.3","3.8","2.5","2.6","5.4","na","","1.7"
"18A.49","2025","Amenity/Location","All ages","All people","All households","All areas","All households","Community housing","","Community housing","Tenants rating as important and meeting their needs","","Location aspects","Places of cultural or religious significance","","","AIHW (unpublished) National Social Housing Survey","%","89.1","91.0","91.4","90.5","91.8","95.5","88.9","na","","90.5"
"18A.49","2025","Amenity/Location","All ages","All people","All households","All areas","All households","Community housing","","Community housing","Tenants rating as important and meeting their needs","","Location aspects","Places of cultural or religious significance","","95%CI","AIHW (unpublished) National Social Housing Survey","%","3.8","4.3","3.2","5.1","2.8","2.6","7.3","na","","2.0"
"18A.49","2025","Amenity/Location","All ages","All people","All households","All areas","All households","Community housing","","Community housing","Tenants rating as important and meeting their needs","","Location aspects","Parks; recreation or sporting facilities","","","AIHW (unpublished) National Social Housing Survey","%","94.8","94.5","91.7","94.2","96.4","95.9","91.1","na","","94.6"
"18A.49","2025","Amenity/Location","All ages","All people","All households","All areas","All households","Community housing","","Community housing","Tenants rating as important and meeting their needs","","Location aspects","Parks; recreation or sporting facilities","","95%CI","AIHW (unpublished) National Social Housing Survey","%","2.2","3.0","2.8","3.4","1.5","2.0","5.6","na","","1.2"
"18A.49","2023","Amenity/Location","All ages","All people","All households","All areas","Households with a member with disability","Community housing","","Community housing","Tenants rating as meeting their needs","","Average across amenity aspects","","","","AIHW (unpublished) National Social Housing Survey","%","78.2","79.0","82.3","78.8","77.4","69.4","78.0","na","","78.3"
"18A.49","2023","Amenity/Location","All ages","All people","All households","All areas","Households with a member with disability","Community housing","","Community housing","Tenants rating as meeting their needs","","Average across amenity aspects","","","95%CI","AIHW (unpublished) National Social Housing Survey","%","2.1","2.2","1.7","3.5","1.7","2.7","2.9","na","","1.1"
"18A.49","2023","Amenity/Location","All ages","All people","All households","All areas","All households","Community housing","","Community housing","Tenants rating as meeting their needs","","Average across amenity aspects","","","","AIHW (unpublished) National Social Housing Survey","%","82.8","83.2","85.0","87.5","83.5","81.7","86.7","na","","83.5"
"18A.49","2023","Amenity/Location","All ages","All people","All households","All areas","All households","Community housing","","Community housing","Tenants rating as meeting their needs","","Average across amenity aspects","","","95%CI","AIHW (unpublished) National Social Housing Survey","%","1.0","1.1","0.8","1.2","0.8","1.0","1.4","na","","0.5"
"18A.49","2023","Amenity/Location","All ages","All people","All households","All areas","Households with a member with disability","Community housing","","Community housing","Tenants rating as meeting their needs","","Average across location aspects","","","","AIHW (unpublished) National Social Housing Survey","%","91.8","92.2","89.1","87.1","93.1","87.3","92.0","na","","91.4"
"18A.49","2023","Amenity/Location","All ages","All people","All households","All areas","Households with a member with disability","Community housing","","Community housing","Tenants rating as meeting their needs","","Average across location aspects","","","95%CI","AIHW (unpublished) National Social Housing Survey","%","1.9","2.0","2.5","5.0","1.5","2.9","2.9","na","","1.1"
"18A.49","2023","Amenity/Location","All ages","All people","All households","All areas","All households","Community housing","","Community housing","Tenants rating as meeting their needs","","Average across location aspects","","","","AIHW (unpublished) National Social Housing Survey","%","92.3","93.4","92.8","90.6","94.0","93.6","92.8","na","","92.7"
"18A.49","2023","Amenity/Location","All ages","All people","All households","All areas","All households","Community housing","","Community housing","Tenants rating as meeting their needs","","Average across location aspects","","","95%CI","AIHW (unpublished) National Social Housing Survey","%","1.0","1.0","0.9","1.7","0.7","0.9","1.5","na","","0.5"
"18A.49","2021","Amenity/Location","All ages","All people","All households","All areas","Households with a member with disability","Community housing","","Community housing","Tenants rating as meeting their needs","","Average across amenity aspects","","","","AIHW (unpublished) National Social Housing Survey","%","76.2","76.3","81.9","77.3","77.6","73.4","84.1","na","","77.0"
"18A.49","2021","Amenity/Location","All ages","All people","All households","All areas","Households with a member with disability","Community housing","","Community housing","Tenants rating as meeting their needs","","Average across amenity aspects","","","95%CI","AIHW (unpublished) National Social Housing Survey","%","2.2","2.9","1.8","3.6","1.7","2.5","2.2","na","","1.2"
"18A.49","2021","Amenity/Location","All ages","All people","All households","All areas","All households","Community housing","","Community housing","Tenants rating as meeting their needs","","Average across amenity aspects","","","","AIHW (unpublished) National Social Housing Survey","%","81.4","83.4","84.4","87.5","84.8","83.2","84.0","na","","83.1"
"18A.49","2021","Amenity/Location","All ages","All people","All households","All areas","All households","Community housing","","Community housing","Tenants rating as meeting their needs","","Average across amenity aspects","","","95%CI","AIHW (unpublished) National Social Housing Survey","%","1.0","1.3","0.9","1.1","0.7","1.1","1.3","na","","0.6"
"18A.49","2021","Amenity/Location","All ages","All people","All households","All areas","Households with a member with disability","Community housing","","Community housing","Tenants rating as meeting their needs","","Average across location aspects","","","","AIHW (unpublished) National Social Housing Survey","%","87.8","93.2","86.1","85.5","90.3","83.7","88.6","na","","88.2"
"18A.49","2021","Amenity/Location","All ages","All people","All households","All areas","Households with a member with disability","Community housing","","Community housing","Tenants rating as meeting their needs","","Average across location aspects","","","95%CI","AIHW (unpublished) National Social Housing Survey","%","2.8","2.1","2.7","4.6","1.9","3.5","3.4","na","","1.7"
"18A.49","2021","Amenity/Location","All ages","All people","All households","All areas","All households","Community housing","","Community housing","Tenants rating as meeting their needs","","Average across location aspects","","","","AIHW (unpublished) National Social Housing Survey","%","91.7","94.3","91.4","89.4","94.3","92.7","91.8","na","","92.3"
"18A.49","2021","Amenity/Location","All ages","All people","All households","All areas","All households","Community housing","","Community housing","Tenants rating as meeting their needs","","Average across location aspects","","","95%CI","AIHW (unpublished) National Social Housing Survey","%","1.1","1.1","1.0","1.8","0.7","1.1","1.5","na","","0.6"
"18A.49","2018","Amenity/Location","All ages","All people","All households","All areas","Households with a member with disability","Community housing","","Community housing","Tenants rating as meeting their needs","","Average across amenity aspects","","","","AIHW (unpublished) National Social Housing Survey","%","76.4","75.5","82.8","84.5","79.9","76.6","80.4","na","","78.5"
"18A.49","2018","Amenity/Location","All ages","All people","All households","All areas","Households with a member with disability","Community housing","","Community housing","Tenants rating as meeting their needs","","Average across amenity aspects","","","95%CI","AIHW (unpublished) National Social Housing Survey","%","2.7","2.4","1.8","1.9","1.6","2.3","3.0","na","","1.2"
"18A.49","2018","Amenity/Location","All ages","All people","All households","All areas","All households","Community housing","","Community housing","Tenants rating as meeting their needs","","Average across amenity aspects","","","","AIHW (unpublished) National Social Housing Survey","%","82.7","81.2","84.2","86.3","84.7","82.0","83.1","na","","83.2"
"18A.49","2018","Amenity/Location","All ages","All people","All households","All areas","All households","Community housing","","Community housing","Tenants rating as meeting their needs","","Average across amenity aspects","","","95%CI","AIHW (unpublished) National Social Housing Survey","%","1.2","1.1","0.9","1.0","0.7","1.1","1.7","na","","0.5"
"18A.49","2018","Amenity/Location","All ages","All people","All households","All areas","Households with a member with disability","Community housing","","Community housing","Tenants rating as meeting their needs","","Average across location aspects","","","","AIHW (unpublished) National Social Housing Survey","%","76.3","81.0","78.1","80.9","80.7","81.5","81.7","na","","78.9"
"18A.49","2018","Amenity/Location","All ages","All people","All households","All areas","Households with a member with disability","Community housing","","Community housing","Tenants rating as meeting their needs","","Average across location aspects","","","95%CI","AIHW (unpublished) National Social Housing Survey","%","3.2","2.6","2.3","2.5","1.9","2.5","3.5","na","","1.4"
"18A.49","2018","Amenity/Location","All ages","All people","All households","All areas","All households","Community housing","","Community housing","Tenants rating as meeting their needs","","Average across location aspects","","","","AIHW (unpublished) National Social Housing Survey","%","82.2","83.0","82.3","80.6","84.8","84.5","85.2","na","","82.7"
"18A.49","2018","Amenity/Location","All ages","All people","All households","All areas","All households","Community housing","","Community housing","Tenants rating as meeting their needs","","Average across location aspects","","","95%CI","AIHW (unpublished) National Social Housing Survey","%","1.4","1.2","1.1","1.3","0.9","1.2","1.9","na","","0.6"
"18A.49","2016","Amenity/Location","All ages","All people","All households","All areas","Households with a member with disability","Community housing","","Community housing","Tenants rating as meeting their needs","","Average across amenity aspects","","","","AIHW (unpublished) National Social Housing Survey","%","79.3","83.1","84.4","83.5","83.4","80.7","86.4","na","","81.8"
"18A.49","2016","Amenity/Location","All ages","All people","All households","All areas","Households with a member with disability","Community housing","","Community housing","Tenants rating as meeting their needs","","Average across amenity aspects","","","95%CI","AIHW (unpublished) National Social Housing Survey","%","2.0","2.2","2.3","1.9","1.9","1.9","2.2","na","","1.0"
"18A.49","2016","Amenity/Location","All ages","All people","All households","All areas","All households","Community housing","","Community housing","Tenants rating as meeting their needs","","Average across amenity aspects","","","","AIHW (unpublished) National Social Housing Survey","%","83.9","85.6","83.9","86.3","85.9","83.8","86.6","na","","84.5"
"18A.49","2016","Amenity/Location","All ages","All people","All households","All areas","All households","Community housing","","Community housing","Tenants rating as meeting their needs","","Average across amenity aspects","","","95%CI","AIHW (unpublished) National Social Housing Survey","%","0.9","1.0","1.1","1.0","0.8","0.9","1.4","na","","0.5"
"18A.49","2016","Amenity/Location","All ages","All people","All households","All areas","Households with a member with disability","Community housing","","Community housing","Tenants rating as meeting their needs","","Average across location aspects","","","","AIHW (unpublished) National Social Housing Survey","%","81.9","85.6","86.7","87.2","83.9","83.7","88.5","na","","84.3"
"18A.49","2016","Amenity/Location","All ages","All people","All households","All areas","Households with a member with disability","Community housing","","Community housing","Tenants rating as meeting their needs","","Average across location aspects","","","95%CI","AIHW (unpublished) National Social Housing Survey","%","2.3","2.5","2.5","2.0","2.2","2.1","2.4","na","","1.1"
"18A.49","2016","Amenity/Location","All ages","All people","All households","All areas","All households","Community housing","","Community housing","Tenants rating as meeting their needs","","Average across location aspects","","","","AIHW (unpublished) National Social Housing Survey","%","84.2","87.4","85.5","88.1","86.6","86.2","88.2","na","","85.7"
"18A.49","2016","Amenity/Location","All ages","All people","All households","All areas","All households","Community housing","","Community housing","Tenants rating as meeting their needs","","Average across location aspects","","","95%CI","AIHW (unpublished) National Social Housing Survey","%","1.1","1.1","1.2","1.1","1.0","1.0","1.5","na","","0.5"
"18A.50","2024-25","Recurrent expenditure","All ages","All people","All households","All areas","All households","Public housing","","Public housing","Dwellings","","","","","","State and territory governments (unpublished)","no.","94116","64532","53470","34569","31507","5084","11065","5467","","299810"
"18A.50","2024-25","Recurrent expenditure","All ages","All people","All households","All areas","All households","Public housing","2024-25 dollars","Public housing","Real expenditure","per dwelling","Net recurrent expenditure","excluding the cost of capital","","","Derived from State and territory governments (unpublished); ABS Australian National Accounts: National Income Expenditure and Product","$","12296","10674","11317","23428","13882","15230","17430","43274","","14027"
"18A.50","2024-25","Recurrent expenditure","All ages","All people","All households","All areas","All households","Public housing","2024-25 dollars","Public housing","Real expenditure","per dwelling","Capital costs","Annual depreciation","","","Derived from State and territory governments (unpublished); ABS Australian National Accounts: National Income Expenditure and Product","$","5023","6817","2165","3330","2495","5567","5462","7084","","4502"
"18A.50","2024-25","Recurrent expenditure","All ages","All people","All households","All areas","All households","Public housing","2024-25 dollars","Public housing","Real expenditure","per dwelling","Capital costs","Indicative user cost of capital","Land","","Derived from State and territory governments (unpublished); ABS Australian National Accounts: National Income Expenditure and Product","$","23821","26055","23813","18415","16060","12140","37254","9993","","22907"
"18A.50","2024-25","Recurrent expenditure","All ages","All people","All households","All areas","All households","Public housing","2024-25 dollars","Public housing","Real expenditure","per dwelling","Capital costs","Indicative user cost of capital","Other assets","","Derived from State and territory governments (unpublished); ABS Australian National Accounts: National Income Expenditure and Product","$","18420","13430","10051","17100","11517","17603","16651","13227","","14802"
"18A.50","2024-25","Recurrent expenditure","All ages","All people","All households","All areas","All households","Public housing","2024-25 dollars","Public housing","Real expenditure","per dwelling","Capital costs","Indicative user cost of capital","Total","","Derived from State and territory governments (unpublished); ABS Australian National Accounts: National Income Expenditure and Product","$","42241","39485","33864","35515","27577","29743","53905","23220","","37709"
"18A.50","2024-25","Recurrent expenditure","All ages","All people","All households","All areas","All households","Public housing","2024-25 dollars","Public housing","Real expenditure","per dwelling","Capital costs","Interest payments","","","Derived from State and territory governments (unpublished); ABS Australian National Accounts: National Income Expenditure and Product","$","461","80","139","395","0","725","135","359","","256"
"18A.50","2024-25","Recurrent expenditure","All ages","All people","All households","All areas","All households","Public housing","2024-25 dollars","Public housing","Real expenditure","per dwelling","Capital costs","Total","","","Derived from State and territory governments (unpublished); ABS Australian National Accounts: National Income Expenditure and Product","$","46803","46223","35890","38450","30072","34584","59232","29945","","41954"
"18A.50","2024-25","Recurrent expenditure","All ages","All people","All households","All areas","All households","Public housing","2024-25 dollars","Public housing","Real expenditure","per dwelling","Payroll tax","","","","Derived from State and territory governments (unpublished); ABS Australian National Accounts: National Income Expenditure and Product","$","124","100","..","181","64","na","..","174","","91"
"18A.50","2024-25","Recurrent expenditure","All ages","All people","All households","All areas","All households","Public housing","2024-25 dollars","Public housing","Real expenditure","per dwelling","Net recurrent expenditure","including the cost of capital","","","Derived from State and territory governments (unpublished); ABS Australian National Accounts: National Income Expenditure and Product","$","59099","56897","47207","61878","43954","49814","76661","73220","","55981"
"18A.50","2023-24","Recurrent expenditure","All ages","All people","All households","All areas","All households","Public housing","","Public housing","Dwellings","","","","","","State and territory governments (unpublished)","no.","95846","64489","53267","33923","31449","5030","10854","5465","","300323"
"18A.50","2023-24","Recurrent expenditure","All ages","All people","All households","All areas","All households","Public housing","2024-25 dollars","Public housing","Real expenditure","per dwelling","Net recurrent expenditure","excluding the cost of capital","","","Derived from State and territory governments (unpublished); ABS Australian National Accounts: National Income Expenditure and Product","$","11080","10747","11520","22757","12950","14431","16103","21038","","13020"
"18A.50","2023-24","Recurrent expenditure","All ages","All people","All households","All areas","All households","Public housing","2024-25 dollars","Public housing","Real expenditure","per dwelling","Capital costs","Annual depreciation","","","Derived from State and territory governments (unpublished); ABS Australian National Accounts: National Income Expenditure and Product","$","5072","5266","2076","3148","2282","5537","5798","7462","","4150"
"18A.50","2023-24","Recurrent expenditure","All ages","All people","All households","All areas","All households","Public housing","2024-25 dollars","Public housing","Real expenditure","per dwelling","Capital costs","Indicative user cost of capital","Land","","Derived from State and territory governments (unpublished); ABS Australian National Accounts: National Income Expenditure and Product","$","23643","26887","20827","16403","15447","12912","39444","11283","","22331"
"18A.50","2023-24","Recurrent expenditure","All ages","All people","All households","All areas","All households","Public housing","2024-25 dollars","Public housing","Real expenditure","per dwelling","Capital costs","Indicative user cost of capital","Other assets","","Derived from State and territory governments (unpublished); ABS Australian National Accounts: National Income Expenditure and Product","$","17570","13975","8804","13914","10076","19097","16989","12132","","13951"
"18A.50","2023-24","Recurrent expenditure","All ages","All people","All households","All areas","All households","Public housing","2024-25 dollars","Public housing","Real expenditure","per dwelling","Capital costs","Indicative user cost of capital","Total","","Derived from State and territory governments (unpublished); ABS Australian National Accounts: National Income Expenditure and Product","$","41213","40863","29630","30318","25523","32008","56432","23415","","36282"
"18A.50","2023-24","Recurrent expenditure","All ages","All people","All households","All areas","All households","Public housing","2024-25 dollars","Public housing","Real expenditure","per dwelling","Capital costs","Interest payments","","","Derived from State and territory governments (unpublished); ABS Australian National Accounts: National Income Expenditure and Product","$","488","90","155","439","0","1325","159","73","","282"
"18A.50","2023-24","Recurrent expenditure","All ages","All people","All households","All areas","All households","Public housing","2024-25 dollars","Public housing","Real expenditure","per dwelling","Capital costs","Total","","","Derived from State and territory governments (unpublished); ABS Australian National Accounts: National Income Expenditure and Product","$","45797","46038","31551","33026","27805","36221","62071","30804","","40150"
"18A.50","2023-24","Recurrent expenditure","All ages","All people","All households","All areas","All households","Public housing","2024-25 dollars","Public housing","Real expenditure","per dwelling","Payroll tax","","","","Derived from State and territory governments (unpublished); ABS Australian National Accounts: National Income Expenditure and Product","$","131","103","..","167","60","na","..","141","","92"
"18A.50","2023-24","Recurrent expenditure","All ages","All people","All households","All areas","All households","Public housing","2024-25 dollars","Public housing","Real expenditure","per dwelling","Net recurrent expenditure","including the cost of capital","","","Derived from State and territory governments (unpublished); ABS Australian National Accounts: National Income Expenditure and Product","$","56877","56785","43070","55783","40755","50652","78174","51842","","53170"
"18A.50","2022-23","Recurrent expenditure","All ages","All people","All households","All areas","All households","Public housing","","Public housing","Dwellings","","","","","","State and territory governments (unpublished)","no.","96468","64993","52829","33257","31599","4980","10743","5535","","300404"
"18A.50","2022-23","Recurrent expenditure","All ages","All people","All households","All areas","All households","Public housing","2024-25 dollars","Public housing","Real expenditure","per dwelling","Net recurrent expenditure","excluding the cost of capital","","","Derived from State and territory governments (unpublished); ABS Australian National Accounts: National Income Expenditure and Product","$","11317","10060","10809","21017","11538","13884","15444","20688","","12416"
"18A.50","2022-23","Recurrent expenditure","All ages","All people","All households","All areas","All households","Public housing","2024-25 dollars","Public housing","Real expenditure","per dwelling","Capital costs","Annual depreciation","","","Derived from State and territory governments (unpublished); ABS Australian National Accounts: National Income Expenditure and Product","$","5578","4632","2015","2731","2075","5504","5957","6575","","4094"
"18A.50","2022-23","Recurrent expenditure","All ages","All people","All households","All areas","All households","Public housing","2024-25 dollars","Public housing","Real expenditure","per dwelling","Capital costs","Indicative user cost of capital","Land","","Derived from State and territory governments (unpublished); ABS Australian National Accounts: National Income Expenditure and Product","$","24350","27873","19811","15122","13414","11222","41991","12487","","22337"
"18A.50","2022-23","Recurrent expenditure","All ages","All people","All households","All areas","All households","Public housing","2024-25 dollars","Public housing","Real expenditure","per dwelling","Capital costs","Indicative user cost of capital","Other assets","","Derived from State and territory governments (unpublished); ABS Australian National Accounts: National Income Expenditure and Product","$","18531","12798","8637","15469","9671","19499","17675","13305","","14169"
"18A.50","2022-23","Recurrent expenditure","All ages","All people","All households","All areas","All households","Public housing","2024-25 dollars","Public housing","Real expenditure","per dwelling","Capital costs","Indicative user cost of capital","Total","","Derived from State and territory governments (unpublished); ABS Australian National Accounts: National Income Expenditure and Product","$","42882","40671","28448","30592","23085","30721","59666","25793","","36506"
"18A.50","2022-23","Recurrent expenditure","All ages","All people","All households","All areas","All households","Public housing","2024-25 dollars","Public housing","Real expenditure","per dwelling","Capital costs","Interest payments","","","Derived from State and territory governments (unpublished); ABS Australian National Accounts: National Income Expenditure and Product","$","503","33","177","381","0","54","186","1523","","277"
"18A.50","2022-23","Recurrent expenditure","All ages","All people","All households","All areas","All households","Public housing","2024-25 dollars","Public housing","Real expenditure","per dwelling","Capital costs","Total","","","Derived from State and territory governments (unpublished); ABS Australian National Accounts: National Income Expenditure and Product","$","47957","45270","30286","32942","25161","36170","65437","30845","","40322"
"18A.50","2022-23","Recurrent expenditure","All ages","All people","All households","All areas","All households","Public housing","2024-25 dollars","Public housing","Real expenditure","per dwelling","Payroll tax","","","","Derived from State and territory governments (unpublished); ABS Australian National Accounts: National Income Expenditure and Product","$","126","79","..","181","59","na","..","133","","86"
"18A.50","2022-23","Recurrent expenditure","All ages","All people","All households","All areas","All households","Public housing","2024-25 dollars","Public housing","Real expenditure","per dwelling","Net recurrent expenditure","including the cost of capital","","","Derived from State and territory governments (unpublished); ABS Australian National Accounts: National Income Expenditure and Product","$","59274","55329","41095","53960","36698","50054","80881","51533","","52738"
"18A.50","2021-22","Recurrent expenditure","All ages","All people","All households","All areas","All households","Public housing","","Public housing","Dwellings","","","","","","State and territory governments (unpublished)","no.","96659","64256","52211","32536","31756","5629","10783","5569","","299399"
"18A.50","2021-22","Recurrent expenditure","All ages","All people","All households","All areas","All households","Public housing","2024-25 dollars","Public housing","Real expenditure","per dwelling","Net recurrent expenditure","excluding the cost of capital","","","Derived from State and territory governments (unpublished); ABS Australian National Accounts: National Income Expenditure and Product","$","11191","11567","10430","16388","11618","11894","17346","19903","","12146"
"18A.50","2021-22","Recurrent expenditure","All ages","All people","All households","All areas","All households","Public housing","2024-25 dollars","Public housing","Real expenditure","per dwelling","Capital costs","Annual depreciation","","","Derived from State and territory governments (unpublished); ABS Australian National Accounts: National Income Expenditure and Product","$","5560","4225","2044","3088","1748","4929","5277","6783","","3988"
"18A.50","2021-22","Recurrent expenditure","All ages","All people","All households","All areas","All households","Public housing","2024-25 dollars","Public housing","Real expenditure","per dwelling","Capital costs","Indicative user cost of capital","Land","","Derived from State and territory governments (unpublished); ABS Australian National Accounts: National Income Expenditure and Product","$","24447","29447","18416","16007","12689","10172","47100","12192","","22623"
"18A.50","2021-22","Recurrent expenditure","All ages","All people","All households","All areas","All households","Public housing","2024-25 dollars","Public housing","Real expenditure","per dwelling","Capital costs","Indicative user cost of capital","Other assets","","Derived from State and territory governments (unpublished); ABS Australian National Accounts: National Income Expenditure and Product","$","19606","13030","8390","14656","7858","17766","18357","12255","","14238"
"18A.50","2021-22","Recurrent expenditure","All ages","All people","All households","All areas","All households","Public housing","2024-25 dollars","Public housing","Real expenditure","per dwelling","Capital costs","Indicative user cost of capital","Total","","Derived from State and territory governments (unpublished); ABS Australian National Accounts: National Income Expenditure and Product","$","44053","42478","26805","30663","20547","27938","65457","24447","","36862"
"18A.50","2021-22","Recurrent expenditure","All ages","All people","All households","All areas","All households","Public housing","2024-25 dollars","Public housing","Real expenditure","per dwelling","Capital costs","Interest payments","","","Derived from State and territory governments (unpublished); ABS Australian National Accounts: National Income Expenditure and Product","$","547","0","199","468","0","14","214","1640","","301"
"18A.50","2021-22","Recurrent expenditure","All ages","All people","All households","All areas","All households","Public housing","2024-25 dollars","Public housing","Real expenditure","per dwelling","Capital costs","Total","","","Derived from State and territory governments (unpublished); ABS Australian National Accounts: National Income Expenditure and Product","$","49065","46702","28651","33283","22295","32853","70520","29590","","40549"
"18A.50","2021-22","Recurrent expenditure","All ages","All people","All households","All areas","All households","Public housing","2024-25 dollars","Public housing","Real expenditure","per dwelling","Payroll tax","","","","Derived from State and territory governments (unpublished); ABS Australian National Accounts: National Income Expenditure and Product","$","107","77","..","171","54","na","..","179","","79"
"18A.50","2021-22","Recurrent expenditure","All ages","All people","All households","All areas","All households","Public housing","2024-25 dollars","Public housing","Real expenditure","per dwelling","Net recurrent expenditure","including the cost of capital","","","Derived from State and territory governments (unpublished); ABS Australian National Accounts: National Income Expenditure and Product","$","60256","58270","39080","49670","33913","44747","87866","49494","","52695"
"18A.50","2020-21","Recurrent expenditure","All ages","All people","All households","All areas","All households","Public housing","","Public housing","Dwellings","","","","","","State and territory governments (unpublished)","no.","96673","64209","51974","32712","32212","7031","10898","5594","","301303"
"18A.50","2020-21","Recurrent expenditure","All ages","All people","All households","All areas","All households","Public housing","2024-25 dollars","Public housing","Real expenditure","per dwelling","Net recurrent expenditure","excluding the cost of capital","","","Derived from State and territory governments (unpublished); ABS Australian National Accounts: National Income Expenditure and Product","$","11774","11108","10276","16703","12119","9747","14568","19181","","12137"
"18A.50","2020-21","Recurrent expenditure","All ages","All people","All households","All areas","All households","Public housing","2024-25 dollars","Public housing","Real expenditure","per dwelling","Capital costs","Annual depreciation","","","Derived from State and territory governments (unpublished); ABS Australian National Accounts: National Income Expenditure and Product","$","5386","4138","2061","2877","1846","3661","4067","6227","","3823"
"18A.50","2020-21","Recurrent expenditure","All ages","All people","All households","All areas","All households","Public housing","2024-25 dollars","Public housing","Real expenditure","per dwelling","Capital costs","Indicative user cost of capital","Land","","Derived from State and territory governments (unpublished); ABS Australian National Accounts: National Income Expenditure and Product","$","20874","28343","15622","14661","11962","7186","38754","11916","","20093"
"18A.50","2020-21","Recurrent expenditure","All ages","All people","All households","All areas","All households","Public housing","2024-25 dollars","Public housing","Real expenditure","per dwelling","Capital costs","Indicative user cost of capital","Other assets","","Derived from State and territory governments (unpublished); ABS Australian National Accounts: National Income Expenditure and Product","$","17597","11285","8362","13861","8336","14060","15439","11966","","12998"
"18A.50","2020-21","Recurrent expenditure","All ages","All people","All households","All areas","All households","Public housing","2024-25 dollars","Public housing","Real expenditure","per dwelling","Capital costs","Indicative user cost of capital","Total","","Derived from State and territory governments (unpublished); ABS Australian National Accounts: National Income Expenditure and Product","$","38470","39628","23984","28522","20298","21246","54194","23882","","33091"
"18A.50","2020-21","Recurrent expenditure","All ages","All people","All households","All areas","All households","Public housing","2024-25 dollars","Public housing","Real expenditure","per dwelling","Capital costs","Interest payments","","","Derived from State and territory governments (unpublished); ABS Australian National Accounts: National Income Expenditure and Product","$","589","0","216","485","0","14","238","1786","","321"
"18A.50","2020-21","Recurrent expenditure","All ages","All people","All households","All areas","All households","Public housing","2024-25 dollars","Public housing","Real expenditure","per dwelling","Capital costs","Total","","","Derived from State and territory governments (unpublished); ABS Australian National Accounts: National Income Expenditure and Product","$","43268","43766","25829","30914","22144","24893","58023","28322","","36594"
"18A.50","2020-21","Recurrent expenditure","All ages","All people","All households","All areas","All households","Public housing","2024-25 dollars","Public housing","Real expenditure","per dwelling","Payroll tax","","","","Derived from State and territory governments (unpublished); ABS Australian National Accounts: National Income Expenditure and Product","$","109","74","..","282","53","na","..","186","","91"
"18A.50","2020-21","Recurrent expenditure","All ages","All people","All households","All areas","All households","Public housing","2024-25 dollars","Public housing","Real expenditure","per dwelling","Net recurrent expenditure","including the cost of capital","","","Derived from State and territory governments (unpublished); ABS Australian National Accounts: National Income Expenditure and Product","$","55042","54874","36105","47618","34262","34640","72591","47503","","48731"
"18A.50","2019-20","Recurrent expenditure","All ages","All people","All households","All areas","All households","Public housing","","Public housing","Dwellings","","","","","","State and territory governments (unpublished)","no.","97388","64359","51758","33195","32428","7036","11032","5590","","302786"
"18A.50","2019-20","Recurrent expenditure","All ages","All people","All households","All areas","All households","Public housing","2024-25 dollars","Public housing","Real expenditure","per dwelling","Net recurrent expenditure","excluding the cost of capital","","","Derived from State and territory governments (unpublished); ABS Australian National Accounts: National Income Expenditure and Product","$","11569","9162","11168","17493","13988","10334","14953","19003","","12129"
"18A.50","2019-20","Recurrent expenditure","All ages","All people","All households","All areas","All households","Public housing","2024-25 dollars","Public housing","Real expenditure","per dwelling","Capital costs","Annual depreciation","","","Derived from State and territory governments (unpublished); ABS Australian National Accounts: National Income Expenditure and Product","$","5179","5450","2138","3205","1926","3767","3668","6627","","4091"
"18A.50","2019-20","Recurrent expenditure","All ages","All people","All households","All areas","All households","Public housing","2024-25 dollars","Public housing","Real expenditure","per dwelling","Capital costs","Indicative user cost of capital","Land","","Derived from State and territory governments (unpublished); ABS Australian National Accounts: National Income Expenditure and Product","$","20577","22912","15774","15243","12746","7329","33110","11627","","18813"
"18A.50","2019-20","Recurrent expenditure","All ages","All people","All households","All areas","All households","Public housing","2024-25 dollars","Public housing","Real expenditure","per dwelling","Capital costs","Indicative user cost of capital","Other assets","","Derived from State and territory governments (unpublished); ABS Australian National Accounts: National Income Expenditure and Product","$","17433","11387","8303","14234","8819","14805","13909","11753","","13020"
"18A.50","2019-20","Recurrent expenditure","All ages","All people","All households","All areas","All households","Public housing","2024-25 dollars","Public housing","Real expenditure","per dwelling","Capital costs","Indicative user cost of capital","Total","","Derived from State and territory governments (unpublished); ABS Australian National Accounts: National Income Expenditure and Product","$","38010","34300","24077","29477","21566","22134","47019","23380","","31832"
"18A.50","2019-20","Recurrent expenditure","All ages","All people","All households","All areas","All households","Public housing","2024-25 dollars","Public housing","Real expenditure","per dwelling","Capital costs","Interest payments","","","Derived from State and territory governments (unpublished); ABS Australian National Accounts: National Income Expenditure and Product","$","613","0","232","515","0","17","259","1896","","338"
"18A.50","2019-20","Recurrent expenditure","All ages","All people","All households","All areas","All households","Public housing","2024-25 dollars","Public housing","Real expenditure","per dwelling","Capital costs","Total","","","Derived from State and territory governments (unpublished); ABS Australian National Accounts: National Income Expenditure and Product","$","42575","39749","25983","32168","23492","25884","50428","28111","","35585"
"18A.50","2019-20","Recurrent expenditure","All ages","All people","All households","All areas","All households","Public housing","2024-25 dollars","Public housing","Real expenditure","per dwelling","Payroll tax","","","","Derived from State and territory governments (unpublished); ABS Australian National Accounts: National Income Expenditure and Product","$","128","58","..","261","65","na","..","227","","93"
"18A.50","2019-20","Recurrent expenditure","All ages","All people","All households","All areas","All households","Public housing","2024-25 dollars","Public housing","Real expenditure","per dwelling","Net recurrent expenditure","including the cost of capital","","","Derived from State and territory governments (unpublished); ABS Australian National Accounts: National Income Expenditure and Product","$","54144","48911","37150","49660","37480","36218","65381","47114","","47714"
"18A.50","2018-19","Recurrent expenditure","All ages","All people","All households","All areas","All households","Public housing","","Public housing","Dwellings","","","","","","State and territory governments (unpublished)","no.","107241","64428","51620","33057","32609","7020","10900","5642","","312517"
"18A.50","2018-19","Recurrent expenditure","All ages","All people","All households","All areas","All households","Public housing","2024-25 dollars","Public housing","Real expenditure","per dwelling","Net recurrent expenditure","excluding the cost of capital","","","Derived from State and territory governments (unpublished); ABS Australian National Accounts: National Income Expenditure and Product","$","11420","8927","11343","17285","10352","10403","14194","19938","","11630"
"18A.50","2018-19","Recurrent expenditure","All ages","All people","All households","All areas","All households","Public housing","2024-25 dollars","Public housing","Real expenditure","per dwelling","Capital costs","Annual depreciation","","","Derived from State and territory governments (unpublished); ABS Australian National Accounts: National Income Expenditure and Product","$","4676","4873","2184","3528","2077","3772","4949","6543","","3935"
"18A.50","2018-19","Recurrent expenditure","All ages","All people","All households","All areas","All households","Public housing","2024-25 dollars","Public housing","Real expenditure","per dwelling","Capital costs","Indicative user cost of capital","Land","","Derived from State and territory governments (unpublished); ABS Australian National Accounts: National Income Expenditure and Product","$","21372","23293","15404","15650","12382","7414","34131","12067","","19202"
"18A.50","2018-19","Recurrent expenditure","All ages","All people","All households","All areas","All households","Public housing","2024-25 dollars","Public housing","Real expenditure","per dwelling","Capital costs","Indicative user cost of capital","Other assets","","Derived from State and territory governments (unpublished); ABS Australian National Accounts: National Income Expenditure and Product","$","17135","11822","8703","15533","9290","15000","13830","12095","","13405"
"18A.50","2018-19","Recurrent expenditure","All ages","All people","All households","All areas","All households","Public housing","2024-25 dollars","Public housing","Real expenditure","per dwelling","Capital costs","Indicative user cost of capital","Total","","Derived from State and territory governments (unpublished); ABS Australian National Accounts: National Income Expenditure and Product","$","38507","35115","24107","31184","21672","22414","47961","24162","","32607"
"18A.50","2018-19","Recurrent expenditure","All ages","All people","All households","All areas","All households","Public housing","2024-25 dollars","Public housing","Real expenditure","per dwelling","Capital costs","Interest payments","","","Derived from State and territory governments (unpublished); ABS Australian National Accounts: National Income Expenditure and Product","$","562","0","247","649","0","731","289","1950","","364"
"18A.50","2018-19","Recurrent expenditure","All ages","All people","All households","All areas","All households","Public housing","2024-25 dollars","Public housing","Real expenditure","per dwelling","Capital costs","Total","","","Derived from State and territory governments (unpublished); ABS Australian National Accounts: National Income Expenditure and Product","$","42620","39988","26045","34062","23749","25455","52621","28755","","36178"
"18A.50","2018-19","Recurrent expenditure","All ages","All people","All households","All areas","All households","Public housing","2024-25 dollars","Public housing","Real expenditure","per dwelling","Payroll tax","","","","Derived from State and territory governments (unpublished); ABS Australian National Accounts: National Income Expenditure and Product","$","130","52","..","268","106","na","na","217","","99"
"18A.50","2018-19","Recurrent expenditure","All ages","All people","All households","All areas","All households","Public housing","2024-25 dollars","Public housing","Real expenditure","per dwelling","Net recurrent expenditure","including the cost of capital","","","Derived from State and territory governments (unpublished); ABS Australian National Accounts: National Income Expenditure and Product","$","54040","48915","37387","51347","34101","35858","67300","48692","","47825"
"18A.50","2017-18","Recurrent expenditure","All ages","All people","All households","All areas","All households","Public housing","","Public housing","Dwellings","","","","","","State and territory governments (unpublished)","no.","111615","64295","51298","32132","34005","7038","11136","5640","","317159"
"18A.50","2017-18","Recurrent expenditure","All ages","All people","All households","All areas","All households","Public housing","2024-25 dollars","Public housing","Real expenditure","per dwelling","Net recurrent expenditure","excluding the cost of capital","","","Derived from State and territory governments (unpublished); ABS Australian National Accounts: National Income Expenditure and Product","$","12048","7915","11251","18563","10132","10665","13691","20606","","11715"
"18A.50","2017-18","Recurrent expenditure","All ages","All people","All households","All areas","All households","Public housing","2024-25 dollars","Public housing","Real expenditure","per dwelling","Capital costs","Annual depreciation","","","Derived from State and territory governments (unpublished); ABS Australian National Accounts: National Income Expenditure and Product","$","4769","3597","2178","3931","2109","3067","4130","7199","","3725"
"18A.50","2017-18","Recurrent expenditure","All ages","All people","All households","All areas","All households","Public housing","2024-25 dollars","Public housing","Real expenditure","per dwelling","Capital costs","Indicative user cost of capital","Land","","Derived from State and territory governments (unpublished); ABS Australian National Accounts: National Income Expenditure and Product","$","22019","27068","15467","18081","11732","6437","33003","12819","","20357"
"18A.50","2017-18","Recurrent expenditure","All ages","All people","All households","All areas","All households","Public housing","2024-25 dollars","Public housing","Real expenditure","per dwelling","Capital costs","Indicative user cost of capital","Other assets","","Derived from State and territory governments (unpublished); ABS Australian National Accounts: National Income Expenditure and Product","$","18909","11211","8867","15457","9230","11916","13395","12178","","13868"
"18A.50","2017-18","Recurrent expenditure","All ages","All people","All households","All areas","All households","Public housing","2024-25 dollars","Public housing","Real expenditure","per dwelling","Capital costs","Indicative user cost of capital","Total","","Derived from State and territory governments (unpublished); ABS Australian National Accounts: National Income Expenditure and Product","$","40927","38279","24335","33538","20962","18353","46399","24997","","34225"
"18A.50","2017-18","Recurrent expenditure","All ages","All people","All households","All areas","All households","Public housing","2024-25 dollars","Public housing","Real expenditure","per dwelling","Capital costs","Interest payments","","","Derived from State and territory governments (unpublished); ABS Australian National Accounts: National Income Expenditure and Product","$","570","0","268","733","0","794","314","2070","","384"
"18A.50","2017-18","Recurrent expenditure","All ages","All people","All households","All areas","All households","Public housing","2024-25 dollars","Public housing","Real expenditure","per dwelling","Capital costs","Total","","","Derived from State and territory governments (unpublished); ABS Australian National Accounts: National Income Expenditure and Product","$","45126","41876","26245","36736","23072","20625","50215","30126","","37567"
"18A.50","2017-18","Recurrent expenditure","All ages","All people","All households","All areas","All households","Public housing","2024-25 dollars","Public housing","Real expenditure","per dwelling","Payroll tax","","","","Derived from State and territory governments (unpublished); ABS Australian National Accounts: National Income Expenditure and Product","$","125","52","..","271","93","na","na","219","","96"
"18A.50","2017-18","Recurrent expenditure","All ages","All people","All households","All areas","All households","Public housing","2024-25 dollars","Public housing","Real expenditure","per dwelling","Net recurrent expenditure","including the cost of capital","","","Derived from State and territory governments (unpublished); ABS Australian National Accounts: National Income Expenditure and Product","$","57175","49791","37496","55299","33204","31290","63906","50732","","49282"
"18A.50","2016-17","Recurrent expenditure","All ages","All people","All households","All areas","All households","Public housing","","Public housing","Dwellings","","","","","","State and territory governments (unpublished)","no.","110239","64170","51185","32691","37612","7093","10971","5620","","319581"
"18A.50","2016-17","Recurrent expenditure","All ages","All people","All households","All areas","All households","Public housing","2024-25 dollars","Public housing","Real expenditure","per dwelling","Net recurrent expenditure","excluding the cost of capital","","","Derived from State and territory governments (unpublished); ABS Australian National Accounts: National Income Expenditure and Product","$","12062","8087","11105","16771","12158","11068","12841","20778","","11762"
"18A.50","2016-17","Recurrent expenditure","All ages","All people","All households","All areas","All households","Public housing","2024-25 dollars","Public housing","Real expenditure","per dwelling","Capital costs","Annual depreciation","","","Derived from State and territory governments (unpublished); ABS Australian National Accounts: National Income Expenditure and Product","$","5035","3702","2251","4659","2229","2567","3609","7635","","3895"
"18A.50","2016-17","Recurrent expenditure","All ages","All people","All households","All areas","All households","Public housing","2024-25 dollars","Public housing","Real expenditure","per dwelling","Capital costs","Indicative user cost of capital","Land","","Derived from State and territory governments (unpublished); ABS Australian National Accounts: National Income Expenditure and Product","$","20392","22335","14777","19801","12680","6901","32257","14732","","18923"
"18A.50","2016-17","Recurrent expenditure","All ages","All people","All households","All areas","All households","Public housing","2024-25 dollars","Public housing","Real expenditure","per dwelling","Capital costs","Indicative user cost of capital","Other assets","","Derived from State and territory governments (unpublished); ABS Australian National Accounts: National Income Expenditure and Product","$","18695","11537","8708","15860","9649","12924","13206","13933","","13903"
"18A.50","2016-17","Recurrent expenditure","All ages","All people","All households","All areas","All households","Public housing","2024-25 dollars","Public housing","Real expenditure","per dwelling","Capital costs","Indicative user cost of capital","Total","","Derived from State and territory governments (unpublished); ABS Australian National Accounts: National Income Expenditure and Product","$","39088","33873","23485","35662","22330","19825","45463","28664","","32827"
"18A.50","2016-17","Recurrent expenditure","All ages","All people","All households","All areas","All households","Public housing","2024-25 dollars","Public housing","Real expenditure","per dwelling","Capital costs","Interest payments","","","Derived from State and territory governments (unpublished); ABS Australian National Accounts: National Income Expenditure and Product","$","628","0","351","844","0","1143","348","2170","","435"
"18A.50","2016-17","Recurrent expenditure","All ages","All people","All households","All areas","All households","Public housing","2024-25 dollars","Public housing","Real expenditure","per dwelling","Capital costs","Total","","","Derived from State and territory governments (unpublished); ABS Australian National Accounts: National Income Expenditure and Product","$","43495","37575","25384","39477","24558","21249","48724","34129","","36287"
"18A.50","2016-17","Recurrent expenditure","All ages","All people","All households","All areas","All households","Public housing","2024-25 dollars","Public housing","Real expenditure","per dwelling","Payroll tax","","","","Derived from State and territory governments (unpublished); ABS Australian National Accounts: National Income Expenditure and Product","$","121","51","0","332","84","..","..","212","","100"
"18A.50","2016-17","Recurrent expenditure","All ages","All people","All households","All areas","All households","Public housing","2024-25 dollars","Public housing","Real expenditure","per dwelling","Net recurrent expenditure","including the cost of capital","","","Derived from State and territory governments (unpublished); ABS Australian National Accounts: National Income Expenditure and Product","$","55557","45662","36489","56248","36716","32317","61565","54908","","48048"
"18A.50","2015-16","Recurrent expenditure","All ages","All people","All households","All areas","All households","Public housing","","Public housing","Dwellings","","","","","","State and territory governments (unpublished)","no.","110131","64241","51176","32897","38484","7205","10843","4970","","319947"
"18A.50","2015-16","Recurrent expenditure","All ages","All people","All households","All areas","All households","Public housing","2024-25 dollars","Public housing","Real expenditure","per dwelling","Net recurrent expenditure","excluding the cost of capital","","","Derived from State and territory governments (unpublished); ABS Australian National Accounts: National Income Expenditure and Product","$","10689","8163","10469","16195","12398","10588","12534","21070","","11140"
"18A.50","2015-16","Recurrent expenditure","All ages","All people","All households","All areas","All households","Public housing","2024-25 dollars","Public housing","Real expenditure","per dwelling","Capital costs","Annual depreciation","","","Derived from State and territory governments (unpublished); ABS Australian National Accounts: National Income Expenditure and Product","$","4325","3544","2308","4784","2230","2600","2032","8599","","3591"
"18A.50","2015-16","Recurrent expenditure","All ages","All people","All households","All areas","All households","Public housing","2024-25 dollars","Public housing","Real expenditure","per dwelling","Capital costs","Indicative user cost of capital","Land","","Derived from State and territory governments (unpublished); ABS Australian National Accounts: National Income Expenditure and Product","$","18393","19922","14770","23244","12586","5664","31179","17231","","18050"
"18A.50","2015-16","Recurrent expenditure","All ages","All people","All households","All areas","All households","Public housing","2024-25 dollars","Public housing","Real expenditure","per dwelling","Capital costs","Indicative user cost of capital","Other assets","","Derived from State and territory governments (unpublished); ABS Australian National Accounts: National Income Expenditure and Product","$","17492","11817","9022","14824","9442","9417","12478","17399","","13402"
"18A.50","2015-16","Recurrent expenditure","All ages","All people","All households","All areas","All households","Public housing","2024-25 dollars","Public housing","Real expenditure","per dwelling","Capital costs","Indicative user cost of capital","Total","","Derived from State and territory governments (unpublished); ABS Australian National Accounts: National Income Expenditure and Product","$","35885","31739","23792","38068","22029","15081","43656","34630","","31452"
"18A.50","2015-16","Recurrent expenditure","All ages","All people","All households","All areas","All households","Public housing","2024-25 dollars","Public housing","Real expenditure","per dwelling","Capital costs","Interest payments","","","Derived from State and territory governments (unpublished); ABS Australian National Accounts: National Income Expenditure and Product","$","674","0","370","695","0","1135","379","2537","","441"
"18A.50","2015-16","Recurrent expenditure","All ages","All people","All households","All areas","All households","Public housing","2024-25 dollars","Public housing","Real expenditure","per dwelling","Capital costs","Total","","","Derived from State and territory governments (unpublished); ABS Australian National Accounts: National Income Expenditure and Product","$","39536","35283","25730","42158","24259","16545","45309","40692","","34602"
"18A.50","2015-16","Recurrent expenditure","All ages","All people","All households","All areas","All households","Public housing","2024-25 dollars","Public housing","Real expenditure","per dwelling","Payroll tax","","","","Derived from State and territory governments (unpublished); ABS Australian National Accounts: National Income Expenditure and Product","$","120","47","0","129","89","..","..","222","","78"
"18A.50","2015-16","Recurrent expenditure","All ages","All people","All households","All areas","All households","Public housing","2024-25 dollars","Public housing","Real expenditure","per dwelling","Net recurrent expenditure","including the cost of capital","","","Derived from State and territory governments (unpublished); ABS Australian National Accounts: National Income Expenditure and Product","$","50225","43446","36199","58353","36657","27134","57843","61762","","45741"
"18A.51","2024-25","Recurrent expenditure","All ages","All people","All households","All areas","All households","State owned and managed Indigenous housing","","State owned and managed Indigenous housing","Dwellings","","","","","","State and territory governments (unpublished)","no.","6186","..","3275","..","1364","165","..","5896","16886",""
"18A.51","2024-25","Recurrent expenditure","All ages","All people","All households","All areas","All households","State owned and managed Indigenous housing","2024-25 dollars","State owned and managed Indigenous housing","Real expenditure","per dwelling","Net recurrent expenditure","excluding the cost of capital","","","Derived from State and territory governments (unpublished); ABS Australian National Accounts: National Income Expenditure and Product","$","11534","..","16092","..","18988","14944","..","52261","27273",""
"18A.51","2024-25","Recurrent expenditure","All ages","All people","All households","All areas","All households","State owned and managed Indigenous housing","2024-25 dollars","State owned and managed Indigenous housing","Real expenditure","per dwelling","Capital costs","Annual depreciation","","","Derived from State and territory governments (unpublished); ABS Australian National Accounts: National Income Expenditure and Product","$","4510","..","2827","..","3123","5331","..","28167","12339",""
"18A.51","2024-25","Recurrent expenditure","All ages","All people","All households","All areas","All households","State owned and managed Indigenous housing","2024-25 dollars","State owned and managed Indigenous housing","Real expenditure","per dwelling","Capital costs","Indicative user cost of capital","Land","","Derived from State and territory governments (unpublished); ABS Australian National Accounts: National Income Expenditure and Product","$","34438","..","15313","..","21830","12140","..","90","17500",""
"18A.51","2024-25","Recurrent expenditure","All ages","All people","All households","All areas","All households","State owned and managed Indigenous housing","2024-25 dollars","State owned and managed Indigenous housing","Real expenditure","per dwelling","Capital costs","Indicative user cost of capital","Other assets","","Derived from State and territory governments (unpublished); ABS Australian National Accounts: National Income Expenditure and Product","$","19969","..","12745","..","13419","17375","..","24109","19459",""
"18A.51","2024-25","Recurrent expenditure","All ages","All people","All households","All areas","All households","State owned and managed Indigenous housing","2024-25 dollars","State owned and managed Indigenous housing","Real expenditure","per dwelling","Capital costs","Indicative user cost of capital","Total","","Derived from State and territory governments (unpublished); ABS Australian National Accounts: National Income Expenditure and Product","$","54407","..","28058","..","35249","29515","..","24198","36959",""
"18A.51","2024-25","Recurrent expenditure","All ages","All people","All households","All areas","All households","State owned and managed Indigenous housing","2024-25 dollars","State owned and managed Indigenous housing","Real expenditure","per dwelling","Capital costs","Interest payments","","","Derived from State and territory governments (unpublished); ABS Australian National Accounts: National Income Expenditure and Product","$","..","..","116","..","0","725","..","0","30",""
"18A.51","2024-25","Recurrent expenditure","All ages","All people","All households","All areas","All households","State owned and managed Indigenous housing","2024-25 dollars","State owned and managed Indigenous housing","Real expenditure","per dwelling","Capital costs","Total","","","Derived from State and territory governments (unpublished); ABS Australian National Accounts: National Income Expenditure and Product","$","58917","..","30770","..","38372","34121","..","52365","49269",""
"18A.51","2024-25","Recurrent expenditure","All ages","All people","All households","All areas","All households","State owned and managed Indigenous housing","2024-25 dollars","State owned and managed Indigenous housing","Real expenditure","per dwelling","Payroll tax","","","","Derived from State and territory governments (unpublished); ABS Australian National Accounts: National Income Expenditure and Product","$","35","..","..","..","104","na","..","138","69",""
"18A.51","2024-25","Recurrent expenditure","All ages","All people","All households","All areas","All households","State owned and managed Indigenous housing","2024-25 dollars","State owned and managed Indigenous housing","Real expenditure","per dwelling","Net recurrent expenditure","including the cost of capital","","","Derived from State and territory governments (unpublished); ABS Australian National Accounts: National Income Expenditure and Product","$","70451","..","46861","..","57360","49065","..","104626","76542",""
"18A.51","2023-24","Recurrent expenditure","All ages","All people","All households","All areas","All households","State owned and managed Indigenous housing","","State owned and managed Indigenous housing","Dwellings","","","","","","State and territory governments (unpublished)","no.","4233","..","3232","..","1360","165","..","5781","14771",""
"18A.51","2023-24","Recurrent expenditure","All ages","All people","All households","All areas","All households","State owned and managed Indigenous housing","2024-25 dollars","State owned and managed Indigenous housing","Real expenditure","per dwelling","Net recurrent expenditure","excluding the cost of capital","","","Derived from State and territory governments (unpublished); ABS Australian National Accounts: National Income Expenditure and Product","$","11146","..","16920","..","18269","14083","..","33186","21724",""
"18A.51","2023-24","Recurrent expenditure","All ages","All people","All households","All areas","All households","State owned and managed Indigenous housing","2024-25 dollars","State owned and managed Indigenous housing","Real expenditure","per dwelling","Capital costs","Annual depreciation","","","Derived from State and territory governments (unpublished); ABS Australian National Accounts: National Income Expenditure and Product","$","4575","..","2757","..","2898","5308","..","29833","13916",""
"18A.51","2023-24","Recurrent expenditure","All ages","All people","All households","All areas","All households","State owned and managed Indigenous housing","2024-25 dollars","State owned and managed Indigenous housing","Real expenditure","per dwelling","Capital costs","Indicative user cost of capital","Land","","Derived from State and territory governments (unpublished); ABS Australian National Accounts: National Income Expenditure and Product","$","40993","..","14224","..","20684","12912","..","364","17051",""
"18A.51","2023-24","Recurrent expenditure","All ages","All people","All households","All areas","All households","State owned and managed Indigenous housing","2024-25 dollars","State owned and managed Indigenous housing","Real expenditure","per dwelling","Capital costs","Indicative user cost of capital","Other assets","","Derived from State and territory governments (unpublished); ABS Australian National Accounts: National Income Expenditure and Product","$","24174","..","11368","..","12118","18874","..","25642","20777",""
"18A.51","2023-24","Recurrent expenditure","All ages","All people","All households","All areas","All households","State owned and managed Indigenous housing","2024-25 dollars","State owned and managed Indigenous housing","Real expenditure","per dwelling","Capital costs","Indicative user cost of capital","Total","","Derived from State and territory governments (unpublished); ABS Australian National Accounts: National Income Expenditure and Product","$","65167","..","25593","..","32802","31785","..","26006","37828",""
"18A.51","2023-24","Recurrent expenditure","All ages","All people","All households","All areas","All households","State owned and managed Indigenous housing","2024-25 dollars","State owned and managed Indigenous housing","Real expenditure","per dwelling","Capital costs","Interest payments","","","Derived from State and territory governments (unpublished); ABS Australian National Accounts: National Income Expenditure and Product","$","..","..","134","..","0","1325","..","0","44",""
"18A.51","2023-24","Recurrent expenditure","All ages","All people","All households","All areas","All households","State owned and managed Indigenous housing","2024-25 dollars","State owned and managed Indigenous housing","Real expenditure","per dwelling","Capital costs","Total","","","Derived from State and territory governments (unpublished); ABS Australian National Accounts: National Income Expenditure and Product","$","69742","..","28215","..","35699","35768","..","55839","51700",""
"18A.51","2023-24","Recurrent expenditure","All ages","All people","All households","All areas","All households","State owned and managed Indigenous housing","2024-25 dollars","State owned and managed Indigenous housing","Real expenditure","per dwelling","Payroll tax","","","","Derived from State and territory governments (unpublished); ABS Australian National Accounts: National Income Expenditure and Product","$","38","..","..","..","109","na","..","137","75",""
"18A.51","2023-24","Recurrent expenditure","All ages","All people","All households","All areas","All households","State owned and managed Indigenous housing","2024-25 dollars","State owned and managed Indigenous housing","Real expenditure","per dwelling","Net recurrent expenditure","including the cost of capital","","","Derived from State and territory governments (unpublished); ABS Australian National Accounts: National Income Expenditure and Product","$","80888","..","45135","..","53969","49851","..","89024","73424",""
"18A.51","2022-23","Recurrent expenditure","All ages","All people","All households","All areas","All households","State owned and managed Indigenous housing","","State owned and managed Indigenous housing","Dwellings","","","","","","State and territory governments (unpublished)","no.","3524","..","3226","..","1333","164","..","5587","13834",""
"18A.51","2022-23","Recurrent expenditure","All ages","All people","All households","All areas","All households","State owned and managed Indigenous housing","2024-25 dollars","State owned and managed Indigenous housing","Real expenditure","per dwelling","Net recurrent expenditure","excluding the cost of capital","","","Derived from State and territory governments (unpublished); ABS Australian National Accounts: National Income Expenditure and Product","$","13228","..","15008","..","14790","13712","..","23795","18067",""
"18A.51","2022-23","Recurrent expenditure","All ages","All people","All households","All areas","All households","State owned and managed Indigenous housing","2024-25 dollars","State owned and managed Indigenous housing","Real expenditure","per dwelling","Capital costs","Annual depreciation","","","Derived from State and territory governments (unpublished); ABS Australian National Accounts: National Income Expenditure and Product","$","4632","..","2667","..","2760","5504","..","18855","9747",""
"18A.51","2022-23","Recurrent expenditure","All ages","All people","All households","All areas","All households","State owned and managed Indigenous housing","2024-25 dollars","State owned and managed Indigenous housing","Real expenditure","per dwelling","Capital costs","Indicative user cost of capital","Land","","Derived from State and territory governments (unpublished); ABS Australian National Accounts: National Income Expenditure and Product","$","29302","..","13735","..","18605","11222","..","391","12751",""
"18A.51","2022-23","Recurrent expenditure","All ages","All people","All households","All areas","All households","State owned and managed Indigenous housing","2024-25 dollars","State owned and managed Indigenous housing","Real expenditure","per dwelling","Capital costs","Indicative user cost of capital","Other assets","","Derived from State and territory governments (unpublished); ABS Australian National Accounts: National Income Expenditure and Product","$","20929","..","11221","..","12364","19328","..","28685","20953",""
"18A.51","2022-23","Recurrent expenditure","All ages","All people","All households","All areas","All households","State owned and managed Indigenous housing","2024-25 dollars","State owned and managed Indigenous housing","Real expenditure","per dwelling","Capital costs","Indicative user cost of capital","Total","","Derived from State and territory governments (unpublished); ABS Australian National Accounts: National Income Expenditure and Product","$","50231","..","24956","..","30970","30550","..","29076","33704",""
"18A.51","2022-23","Recurrent expenditure","All ages","All people","All households","All areas","All households","State owned and managed Indigenous housing","2024-25 dollars","State owned and managed Indigenous housing","Real expenditure","per dwelling","Capital costs","Interest payments","","","Derived from State and territory governments (unpublished); ABS Australian National Accounts: National Income Expenditure and Product","$","..","..","155","..","0","54","..","0","37",""
"18A.51","2022-23","Recurrent expenditure","All ages","All people","All households","All areas","All households","State owned and managed Indigenous housing","2024-25 dollars","State owned and managed Indigenous housing","Real expenditure","per dwelling","Capital costs","Total","","","Derived from State and territory governments (unpublished); ABS Australian National Accounts: National Income Expenditure and Product","$","54862","..","27468","..","33729","35999","..","47930","43415",""
"18A.51","2022-23","Recurrent expenditure","All ages","All people","All households","All areas","All households","State owned and managed Indigenous housing","2024-25 dollars","State owned and managed Indigenous housing","Real expenditure","per dwelling","Payroll tax","","","","Derived from State and territory governments (unpublished); ABS Australian National Accounts: National Income Expenditure and Product","$","35","..","..","..","81","na","..","116","64",""
"18A.51","2022-23","Recurrent expenditure","All ages","All people","All households","All areas","All households","State owned and managed Indigenous housing","2024-25 dollars","State owned and managed Indigenous housing","Real expenditure","per dwelling","Net recurrent expenditure","including the cost of capital","","","Derived from State and territory governments (unpublished); ABS Australian National Accounts: National Income Expenditure and Product","$","68091","..","42476","..","48520","49711","..","71725","61481",""
"18A.51","2021-22","Recurrent expenditure","All ages","All people","All households","All areas","All households","State owned and managed Indigenous housing","","State owned and managed Indigenous housing","Dwellings","","","","","","State and territory governments (unpublished)","no.","4166","..","3211","..","1361","181","..","5428","14347",""
"18A.51","2021-22","Recurrent expenditure","All ages","All people","All households","All areas","All households","State owned and managed Indigenous housing","2024-25 dollars","State owned and managed Indigenous housing","Real expenditure","per dwelling","Net recurrent expenditure","excluding the cost of capital","","","Derived from State and territory governments (unpublished); ABS Australian National Accounts: National Income Expenditure and Product","$","13493","..","14588","..","17010","11785","..","18418","15913",""
"18A.51","2021-22","Recurrent expenditure","All ages","All people","All households","All areas","All households","State owned and managed Indigenous housing","2024-25 dollars","State owned and managed Indigenous housing","Real expenditure","per dwelling","Capital costs","Annual depreciation","","","Derived from State and territory governments (unpublished); ABS Australian National Accounts: National Income Expenditure and Product","$","4526","..","2503","..","2256","5048","..","19260","9439",""
"18A.51","2021-22","Recurrent expenditure","All ages","All people","All households","All areas","All households","State owned and managed Indigenous housing","2024-25 dollars","State owned and managed Indigenous housing","Real expenditure","per dwelling","Capital costs","Indicative user cost of capital","Land","","Derived from State and territory governments (unpublished); ABS Australian National Accounts: National Income Expenditure and Product","$","24267","..","13024","..","17620","10412","..","408","11919",""
"18A.51","2021-22","Recurrent expenditure","All ages","All people","All households","All areas","All households","State owned and managed Indigenous housing","2024-25 dollars","State owned and managed Indigenous housing","Real expenditure","per dwelling","Capital costs","Indicative user cost of capital","Other assets","","Derived from State and territory governments (unpublished); ABS Australian National Accounts: National Income Expenditure and Product","$","19833","..","10924","..","8972","18092","..","29243","20347",""
"18A.51","2021-22","Recurrent expenditure","All ages","All people","All households","All areas","All households","State owned and managed Indigenous housing","2024-25 dollars","State owned and managed Indigenous housing","Real expenditure","per dwelling","Capital costs","Indicative user cost of capital","Total","","Derived from State and territory governments (unpublished); ABS Australian National Accounts: National Income Expenditure and Product","$","44100","..","23948","..","26592","28504","..","29650","32266",""
"18A.51","2021-22","Recurrent expenditure","All ages","All people","All households","All areas","All households","State owned and managed Indigenous housing","2024-25 dollars","State owned and managed Indigenous housing","Real expenditure","per dwelling","Capital costs","Interest payments","","","Derived from State and territory governments (unpublished); ABS Australian National Accounts: National Income Expenditure and Product","$","..","..","178","..","0","13","..","0","40",""
"18A.51","2021-22","Recurrent expenditure","All ages","All people","All households","All areas","All households","State owned and managed Indigenous housing","2024-25 dollars","State owned and managed Indigenous housing","Real expenditure","per dwelling","Capital costs","Total","","","Derived from State and territory governments (unpublished); ABS Australian National Accounts: National Income Expenditure and Product","$","48627","..","26273","..","28848","33539","..","48910","41665",""
"18A.51","2021-22","Recurrent expenditure","All ages","All people","All households","All areas","All households","State owned and managed Indigenous housing","2024-25 dollars","State owned and managed Indigenous housing","Real expenditure","per dwelling","Payroll tax","","","","Derived from State and territory governments (unpublished); ABS Australian National Accounts: National Income Expenditure and Product","$","29","..","..","..","73","na","..","127","64",""
"18A.51","2021-22","Recurrent expenditure","All ages","All people","All households","All areas","All households","State owned and managed Indigenous housing","2024-25 dollars","State owned and managed Indigenous housing","Real expenditure","per dwelling","Net recurrent expenditure","including the cost of capital","","","Derived from State and territory governments (unpublished); ABS Australian National Accounts: National Income Expenditure and Product","$","62118","..","40861","..","45857","45324","..","67328","57578",""
"18A.51","2020-21","Recurrent expenditure","All ages","All people","All households","All areas","All households","State owned and managed Indigenous housing","","State owned and managed Indigenous housing","Dwellings","","","","","","State and territory governments (unpublished)","no.","4538","..","3232","..","1378","218","..","5381","14747",""
"18A.51","2020-21","Recurrent expenditure","All ages","All people","All households","All areas","All households","State owned and managed Indigenous housing","2024-25 dollars","State owned and managed Indigenous housing","Real expenditure","per dwelling","Net recurrent expenditure","excluding the cost of capital","","","Derived from State and territory governments (unpublished); ABS Australian National Accounts: National Income Expenditure and Product","$","12239","..","14332","..","12071","7499","..","18479","14889",""
"18A.51","2020-21","Recurrent expenditure","All ages","All people","All households","All areas","All households","State owned and managed Indigenous housing","2024-25 dollars","State owned and managed Indigenous housing","Real expenditure","per dwelling","Capital costs","Annual depreciation","","","Derived from State and territory governments (unpublished); ABS Australian National Accounts: National Income Expenditure and Product","$","4213","..","2511","..","2331","3661","..","19032","9063",""
"18A.51","2020-21","Recurrent expenditure","All ages","All people","All households","All areas","All households","State owned and managed Indigenous housing","2024-25 dollars","State owned and managed Indigenous housing","Real expenditure","per dwelling","Capital costs","Indicative user cost of capital","Land","","Derived from State and territory governments (unpublished); ABS Australian National Accounts: National Income Expenditure and Product","$","20117","..","11755","..","16925","7187","..","409","10604",""
"18A.51","2020-21","Recurrent expenditure","All ages","All people","All households","All areas","All households","State owned and managed Indigenous housing","2024-25 dollars","State owned and managed Indigenous housing","Real expenditure","per dwelling","Capital costs","Indicative user cost of capital","Other assets","","Derived from State and territory governments (unpublished); ABS Australian National Accounts: National Income Expenditure and Product","$","17175","..","10056","..","9397","14045","..","29842","19464",""
"18A.51","2020-21","Recurrent expenditure","All ages","All people","All households","All areas","All households","State owned and managed Indigenous housing","2024-25 dollars","State owned and managed Indigenous housing","Real expenditure","per dwelling","Capital costs","Indicative user cost of capital","Total","","Derived from State and territory governments (unpublished); ABS Australian National Accounts: National Income Expenditure and Product","$","37292","..","21811","..","26322","21232","..","30251","30068",""
"18A.51","2020-21","Recurrent expenditure","All ages","All people","All households","All areas","All households","State owned and managed Indigenous housing","2024-25 dollars","State owned and managed Indigenous housing","Real expenditure","per dwelling","Capital costs","Interest payments","","","Derived from State and territory governments (unpublished); ABS Australian National Accounts: National Income Expenditure and Product","$","..","..","197","..","0","14","..","0","43",""
"18A.51","2020-21","Recurrent expenditure","All ages","All people","All households","All areas","All households","State owned and managed Indigenous housing","2024-25 dollars","State owned and managed Indigenous housing","Real expenditure","per dwelling","Capital costs","Total","","","Derived from State and territory governments (unpublished); ABS Australian National Accounts: National Income Expenditure and Product","$","41505","..","24126","..","28653","24879","..","49283","39088",""
"18A.51","2020-21","Recurrent expenditure","All ages","All people","All households","All areas","All households","State owned and managed Indigenous housing","2024-25 dollars","State owned and managed Indigenous housing","Real expenditure","per dwelling","Payroll tax","","","","Derived from State and territory governments (unpublished); ABS Australian National Accounts: National Income Expenditure and Product","$","29","..","..","..","59","na","..","205","89",""
"18A.51","2020-21","Recurrent expenditure","All ages","All people","All households","All areas","All households","State owned and managed Indigenous housing","2024-25 dollars","State owned and managed Indigenous housing","Real expenditure","per dwelling","Net recurrent expenditure","including the cost of capital","","","Derived from State and territory governments (unpublished); ABS Australian National Accounts: National Income Expenditure and Product","$","53743","..","38458","..","40724","32378","..","67762","53976",""
"18A.51","2019-20","Recurrent expenditure","All ages","All people","All households","All areas","All households","State owned and managed Indigenous housing","","State owned and managed Indigenous housing","Dwellings","","","","","","State and territory governments (unpublished)","no.","4571","..","3257","..","1401","220","..","5231","14680",""
"18A.51","2019-20","Recurrent expenditure","All ages","All people","All households","All areas","All households","State owned and managed Indigenous housing","2024-25 dollars","State owned and managed Indigenous housing","Real expenditure","per dwelling","Net recurrent expenditure","excluding the cost of capital","","","Derived from State and territory governments (unpublished); ABS Australian National Accounts: National Income Expenditure and Product","$","12664","..","15961","..","17930","8257","..","18863","16041",""
"18A.51","2019-20","Recurrent expenditure","All ages","All people","All households","All areas","All households","State owned and managed Indigenous housing","2024-25 dollars","State owned and managed Indigenous housing","Real expenditure","per dwelling","Capital costs","Annual depreciation","","","Derived from State and territory governments (unpublished); ABS Australian National Accounts: National Income Expenditure and Product","$","4177","..","2556","..","2319","3740","..","19637","9143",""
"18A.51","2019-20","Recurrent expenditure","All ages","All people","All households","All areas","All households","State owned and managed Indigenous housing","2024-25 dollars","State owned and managed Indigenous housing","Real expenditure","per dwelling","Capital costs","Indicative user cost of capital","Land","","Derived from State and territory governments (unpublished); ABS Australian National Accounts: National Income Expenditure and Product","$","19432","..","11497","..","17026","7279","..","437","10491",""
"18A.51","2019-20","Recurrent expenditure","All ages","All people","All households","All areas","All households","State owned and managed Indigenous housing","2024-25 dollars","State owned and managed Indigenous housing","Real expenditure","per dwelling","Capital costs","Indicative user cost of capital","Other assets","","Derived from State and territory governments (unpublished); ABS Australian National Accounts: National Income Expenditure and Product","$","16642","..","9937","..","9353","14702","..","29715","19088",""
"18A.51","2019-20","Recurrent expenditure","All ages","All people","All households","All areas","All households","State owned and managed Indigenous housing","2024-25 dollars","State owned and managed Indigenous housing","Real expenditure","per dwelling","Capital costs","Indicative user cost of capital","Total","","Derived from State and territory governments (unpublished); ABS Australian National Accounts: National Income Expenditure and Product","$","36074","..","21434","..","26379","21982","..","30152","29579",""
"18A.51","2019-20","Recurrent expenditure","All ages","All people","All households","All areas","All households","State owned and managed Indigenous housing","2024-25 dollars","State owned and managed Indigenous housing","Real expenditure","per dwelling","Capital costs","Interest payments","","","Derived from State and territory governments (unpublished); ABS Australian National Accounts: National Income Expenditure and Product","$","0","..","207","..","0","16","..","0","46",""
"18A.51","2019-20","Recurrent expenditure","All ages","All people","All households","All areas","All households","State owned and managed Indigenous housing","2024-25 dollars","State owned and managed Indigenous housing","Real expenditure","per dwelling","Capital costs","Total","","","Derived from State and territory governments (unpublished); ABS Australian National Accounts: National Income Expenditure and Product","$","40250","..","23783","..","28698","25705","..","49789","38675",""
"18A.51","2019-20","Recurrent expenditure","All ages","All people","All households","All areas","All households","State owned and managed Indigenous housing","2024-25 dollars","State owned and managed Indigenous housing","Real expenditure","per dwelling","Payroll tax","","","","Derived from State and territory governments (unpublished); ABS Australian National Accounts: National Income Expenditure and Product","$","42","..","..","..","73","na","..","303","128",""
"18A.51","2019-20","Recurrent expenditure","All ages","All people","All households","All areas","All households","State owned and managed Indigenous housing","2024-25 dollars","State owned and managed Indigenous housing","Real expenditure","per dwelling","Net recurrent expenditure","including the cost of capital","","","Derived from State and territory governments (unpublished); ABS Australian National Accounts: National Income Expenditure and Product","$","52914","..","39745","..","46628","33888","..","68652","54715",""
"18A.51","2018-19","Recurrent expenditure","All ages","All people","All households","All areas","All households","State owned and managed Indigenous housing","","State owned and managed Indigenous housing","Dwellings","","","","","","State and territory governments (unpublished)","no.","4593","..","3282","..","1438","218","..","5168","14699",""
"18A.51","2018-19","Recurrent expenditure","All ages","All people","All households","All areas","All households","State owned and managed Indigenous housing","2024-25 dollars","State owned and managed Indigenous housing","Real expenditure","per dwelling","Net recurrent expenditure","excluding the cost of capital","","","Derived from State and territory governments (unpublished); ABS Australian National Accounts: National Income Expenditure and Product","$","12551","..","16497","..","16697","8511","..","23912","17772",""
"18A.51","2018-19","Recurrent expenditure","All ages","All people","All households","All areas","All households","State owned and managed Indigenous housing","2024-25 dollars","State owned and managed Indigenous housing","Real expenditure","per dwelling","Capital costs","Annual depreciation","","","Derived from State and territory governments (unpublished); ABS Australian National Accounts: National Income Expenditure and Product","$","4274","..","2674","..","2313","3770","..","20052","9265",""
"18A.51","2018-19","Recurrent expenditure","All ages","All people","All households","All areas","All households","State owned and managed Indigenous housing","2024-25 dollars","State owned and managed Indigenous housing","Real expenditure","per dwelling","Capital costs","Indicative user cost of capital","Land","","Derived from State and territory governments (unpublished); ABS Australian National Accounts: National Income Expenditure and Product","$","20549","..","11391","..","16119","7414","..","422","10799",""
"18A.51","2018-19","Recurrent expenditure","All ages","All people","All households","All areas","All households","State owned and managed Indigenous housing","2024-25 dollars","State owned and managed Indigenous housing","Real expenditure","per dwelling","Capital costs","Indicative user cost of capital","Other assets","","Derived from State and territory governments (unpublished); ABS Australian National Accounts: National Income Expenditure and Product","$","17100","..","10290","..","9462","15000","..","30915","19659",""
"18A.51","2018-19","Recurrent expenditure","All ages","All people","All households","All areas","All households","State owned and managed Indigenous housing","2024-25 dollars","State owned and managed Indigenous housing","Real expenditure","per dwelling","Capital costs","Indicative user cost of capital","Total","","Derived from State and territory governments (unpublished); ABS Australian National Accounts: National Income Expenditure and Product","$","37649","..","21682","..","25581","22414","..","31337","30458",""
"18A.51","2018-19","Recurrent expenditure","All ages","All people","All households","All areas","All households","State owned and managed Indigenous housing","2024-25 dollars","State owned and managed Indigenous housing","Real expenditure","per dwelling","Capital costs","Interest payments","","","Derived from State and territory governments (unpublished); ABS Australian National Accounts: National Income Expenditure and Product","$","na","..","222","..","0","729","..","0","60",""
"18A.51","2018-19","Recurrent expenditure","All ages","All people","All households","All areas","All households","State owned and managed Indigenous housing","2024-25 dollars","State owned and managed Indigenous housing","Real expenditure","per dwelling","Capital costs","Total","","","Derived from State and territory governments (unpublished); ABS Australian National Accounts: National Income Expenditure and Product","$","41923","..","24134","..","27894","25455","..","51389","39662",""
"18A.51","2018-19","Recurrent expenditure","All ages","All people","All households","All areas","All households","State owned and managed Indigenous housing","2024-25 dollars","State owned and managed Indigenous housing","Real expenditure","per dwelling","Payroll tax","","","","Derived from State and territory governments (unpublished); ABS Australian National Accounts: National Income Expenditure and Product","$","36","..","..","..","322","na","..","317","154",""
"18A.51","2018-19","Recurrent expenditure","All ages","All people","All households","All areas","All households","State owned and managed Indigenous housing","2024-25 dollars","State owned and managed Indigenous housing","Real expenditure","per dwelling","Net recurrent expenditure","including the cost of capital","","","Derived from State and territory governments (unpublished); ABS Australian National Accounts: National Income Expenditure and Product","$","54473","..","40631","..","44591","33967","..","75301","57434",""
"18A.51","2017-18","Recurrent expenditure","All ages","All people","All households","All areas","All households","State owned and managed Indigenous housing","","State owned and managed Indigenous housing","Dwellings","","","","","","State and territory governments (unpublished)","no.","4618","..","3313","..","1534","222","..","5120","14807",""
"18A.51","2017-18","Recurrent expenditure","All ages","All people","All households","All areas","All households","State owned and managed Indigenous housing","2024-25 dollars","State owned and managed Indigenous housing","Real expenditure","per dwelling","Net recurrent expenditure","excluding the cost of capital","","","Derived from State and territory governments (unpublished); ABS Australian National Accounts: National Income Expenditure and Product","$","12705","..","15310","..","16027","8675","..","21204","16511",""
"18A.51","2017-18","Recurrent expenditure","All ages","All people","All households","All areas","All households","State owned and managed Indigenous housing","2024-25 dollars","State owned and managed Indigenous housing","Real expenditure","per dwelling","Capital costs","Annual depreciation","","","Derived from State and territory governments (unpublished); ABS Australian National Accounts: National Income Expenditure and Product","$","4547","..","2762","..","2379","3070","..","19898","9209",""
"18A.51","2017-18","Recurrent expenditure","All ages","All people","All households","All areas","All households","State owned and managed Indigenous housing","2024-25 dollars","State owned and managed Indigenous housing","Real expenditure","per dwelling","Capital costs","Indicative user cost of capital","Land","","Derived from State and territory governments (unpublished); ABS Australian National Accounts: National Income Expenditure and Product","$","20575","..","11527","..","15117","6437","..","434","10809",""
"18A.51","2017-18","Recurrent expenditure","All ages","All people","All households","All areas","All households","State owned and managed Indigenous housing","2024-25 dollars","State owned and managed Indigenous housing","Real expenditure","per dwelling","Capital costs","Indicative user cost of capital","Other assets","","Derived from State and territory governments (unpublished); ABS Australian National Accounts: National Income Expenditure and Product","$","17756","..","10754","..","9247","11915","..","31975","20137",""
"18A.51","2017-18","Recurrent expenditure","All ages","All people","All households","All areas","All households","State owned and managed Indigenous housing","2024-25 dollars","State owned and managed Indigenous housing","Real expenditure","per dwelling","Capital costs","Indicative user cost of capital","Total","","Derived from State and territory governments (unpublished); ABS Australian National Accounts: National Income Expenditure and Product","$","38331","..","22281","..","24364","18352","..","32409","30946",""
"18A.51","2017-18","Recurrent expenditure","All ages","All people","All households","All areas","All households","State owned and managed Indigenous housing","2024-25 dollars","State owned and managed Indigenous housing","Real expenditure","per dwelling","Capital costs","Interest payments","","","Derived from State and territory governments (unpublished); ABS Australian National Accounts: National Income Expenditure and Product","$","na","..","245","..","0","0","..","0","55",""
"18A.51","2017-18","Recurrent expenditure","All ages","All people","All households","All areas","All households","State owned and managed Indigenous housing","2024-25 dollars","State owned and managed Indigenous housing","Real expenditure","per dwelling","Capital costs","Total","","","Derived from State and territory governments (unpublished); ABS Australian National Accounts: National Income Expenditure and Product","$","42879","..","24798","..","26743","21422","..","52307","40100",""
"18A.51","2017-18","Recurrent expenditure","All ages","All people","All households","All areas","All households","State owned and managed Indigenous housing","2024-25 dollars","State owned and managed Indigenous housing","Real expenditure","per dwelling","Payroll tax","","","","Derived from State and territory governments (unpublished); ABS Australian National Accounts: National Income Expenditure and Product","$","33","..","..","..","310","na","..","273","137",""
"18A.51","2017-18","Recurrent expenditure","All ages","All people","All households","All areas","All households","State owned and managed Indigenous housing","2024-25 dollars","State owned and managed Indigenous housing","Real expenditure","per dwelling","Net recurrent expenditure","including the cost of capital","","","Derived from State and territory governments (unpublished); ABS Australian National Accounts: National Income Expenditure and Product","$","55583","..","40108","..","42770","30097","..","73511","56611",""
"18A.51","2016-17","Recurrent expenditure","All ages","All people","All households","All areas","All households","State owned and managed Indigenous housing","2024-25 dollars","State owned and managed Indigenous housing","Real expenditure","per dwelling","Net recurrent expenditure","excluding the cost of capital","","","Derived from State and territory governments (unpublished); ABS Australian National Accounts: National Income Expenditure and Product","$","12413","..","17693","..","14186","9413","..","na","14435",""
"18A.51","2015-16","Recurrent expenditure","All ages","All people","All households","All areas","All households","State owned and managed Indigenous housing","2024-25 dollars","State owned and managed Indigenous housing","Real expenditure","per dwelling","Net recurrent expenditure","excluding the cost of capital","","","Derived from State and territory governments (unpublished); ABS Australian National Accounts: National Income Expenditure and Product","$","11301","..","19050","..","14627","9554","..","na","14442",""
"18A.52","2024-25","Recurrent expenditure","All ages","All people","All households","All areas","All households","Community housing","2024-25 dollars","Community housing","Real expenditure","per dwelling","Net recurrent expenditure","excluding the cost of capital","","","Derived from AIHW (unpublished) National Housing Assistance Data Repository; ABS Australian National Accounts: National Income Expenditure and Product","$","na","na","na","na","na","na","na","na","na",""
"18A.52","2023-24","Recurrent expenditure","All ages","All people","All households","All areas","All households","Community housing","2024-25 dollars","Community housing","Real expenditure","per dwelling","Net recurrent expenditure","excluding the cost of capital","","","Derived from AIHW (unpublished) National Housing Assistance Data Repository; ABS Australian National Accounts: National Income Expenditure and Product","$","5894","16047","16335","11035","15762","19121","8787","na","11191",""
"18A.52","2022-23","Recurrent expenditure","All ages","All people","All households","All areas","All households","Community housing","2024-25 dollars","Community housing","Real expenditure","per dwelling","Net recurrent expenditure","excluding the cost of capital","","","Derived from AIHW (unpublished) National Housing Assistance Data Repository; ABS Australian National Accounts: National Income Expenditure and Product","$","5308","18293","15298","11732","16779","16953","12485","na","10939",""
"18A.52","2021-22","Recurrent expenditure","All ages","All people","All households","All areas","All households","Community housing","2024-25 dollars","Community housing","Real expenditure","per dwelling","Net recurrent expenditure","excluding the cost of capital","","","Derived from AIHW (unpublished) National Housing Assistance Data Repository; ABS Australian National Accounts: National Income Expenditure and Product","$","4207","18539","14761","11140","13472","16111","7417","na","9836",""
"18A.52","2020-21","Recurrent expenditure","All ages","All people","All households","All areas","All households","Community housing","2024-25 dollars","Community housing","Real expenditure","per dwelling","Net recurrent expenditure","excluding the cost of capital","","","Derived from AIHW (unpublished) National Housing Assistance Data Repository; ABS Australian National Accounts: National Income Expenditure and Product","$","5158","18888","15989","11804","13917","19988","6909","na","10706",""
"18A.52","2019-20","Recurrent expenditure","All ages","All people","All households","All areas","All households","Community housing","2024-25 dollars","Community housing","Real expenditure","per dwelling","Net recurrent expenditure","excluding the cost of capital","","","Derived from AIHW (unpublished) National Housing Assistance Data Repository; ABS Australian National Accounts: National Income Expenditure and Product","$","4934","18680","17255","12768","10545","16573","8020","na","10362",""
"18A.52","2018-19","Recurrent expenditure","All ages","All people","All households","All areas","All households","Community housing","2024-25 dollars","Community housing","Real expenditure","per dwelling","Net recurrent expenditure","excluding the cost of capital","","","Derived from AIHW (unpublished) National Housing Assistance Data Repository; ABS Australian National Accounts: National Income Expenditure and Product","$","5906","16807","17752","13728","11054","18953","9911","na","11042",""
"18A.52","2017-18","Recurrent expenditure","All ages","All people","All households","All areas","All households","Community housing","2024-25 dollars","Community housing","Real expenditure","per dwelling","Net recurrent expenditure","excluding the cost of capital","","","Derived from AIHW (unpublished) National Housing Assistance Data Repository; ABS Australian National Accounts: National Income Expenditure and Product","$","8037","18095","16740","12547","10228","20630","10680","na","12393",""
"18A.52","2016-17","Recurrent expenditure","All ages","All people","All households","All areas","All households","Community housing","2024-25 dollars","Community housing","Real expenditure","per dwelling","Net recurrent expenditure","excluding the cost of capital","","","Derived from AIHW (unpublished) National Housing Assistance Data Repository; ABS Australian National Accounts: National Income Expenditure and Product","$","11929","17041","16414","11852","13134","15959","9929","na","13768",""
"18A.52","2015-16","Recurrent expenditure","All ages","All people","All households","All areas","All households","Community housing","2024-25 dollars","Community housing","Real expenditure","per dwelling","Net recurrent expenditure","excluding the cost of capital","","","Derived from AIHW (unpublished) National Housing Assistance Data Repository; ABS Australian National Accounts: National Income Expenditure and Product","$","16035","15080","16064","12470","13389","15865","6021","na","14939",""
"18A.53","2024-25","Recurrent expenditure","All ages","All people","All households","All areas","All households","Indigenous community housing","2024-25 dollars","Indigenous community housing","Real expenditure","per dwelling","Net recurrent expenditure","excluding the cost of capital","","","Derived from AIHW (unpublished) National Housing Assistance Data Repository; ABS Australian National Accounts: National Income Expenditure and Product","$","13104","11680","29054","19433","na","8807","..","na","","20148"
"18A.53","2023-24","Recurrent expenditure","All ages","All people","All households","All areas","All households","Indigenous community housing","2024-25 dollars","Indigenous community housing","Real expenditure","per dwelling","Net recurrent expenditure","excluding the cost of capital","","","Derived from AIHW (unpublished) National Housing Assistance Data Repository; ABS Australian National Accounts: National Income Expenditure and Product","$","9677","11327","26512","20201","na","8293","..","na","","18395"
"18A.53","2022-23","Recurrent expenditure","All ages","All people","All households","All areas","All households","Indigenous community housing","2024-25 dollars","Indigenous community housing","Real expenditure","per dwelling","Net recurrent expenditure","excluding the cost of capital","","","Derived from AIHW (unpublished) National Housing Assistance Data Repository; ABS Australian National Accounts: National Income Expenditure and Product","$","7776","10343","22112","21198","na","4982","..","na","","16810"
"18A.53","2021-22","Recurrent expenditure","All ages","All people","All households","All areas","All households","Indigenous community housing","2024-25 dollars","Indigenous community housing","Real expenditure","per dwelling","Net recurrent expenditure","excluding the cost of capital","","","Derived from AIHW (unpublished) National Housing Assistance Data Repository; ABS Australian National Accounts: National Income Expenditure and Product","$","9435","10169","19976","15068","na","4203","..","na","","14994"
"18A.53","2020-21","Recurrent expenditure","All ages","All people","All households","All areas","All households","Indigenous community housing","2024-25 dollars","Indigenous community housing","Real expenditure","per dwelling","Net recurrent expenditure","excluding the cost of capital","","","Derived from AIHW (unpublished) National Housing Assistance Data Repository; ABS Australian National Accounts: National Income Expenditure and Product","$","11142","10626","18262","12401","na","7873","..","na","","14384"
"18A.53","2019-20","Recurrent expenditure","All ages","All people","All households","All areas","All households","Indigenous community housing","2024-25 dollars","Indigenous community housing","Real expenditure","per dwelling","Net recurrent expenditure","excluding the cost of capital","","","Derived from AIHW (unpublished) National Housing Assistance Data Repository; ABS Australian National Accounts: National Income Expenditure and Product","$","13264","10819","19491","14305","na","7457","..","na","","15852"
"18A.53","2018-19","Recurrent expenditure","All ages","All people","All households","All areas","All households","Indigenous community housing","2024-25 dollars","Indigenous community housing","Real expenditure","per dwelling","Net recurrent expenditure","excluding the cost of capital","","","Derived from AIHW (unpublished) National Housing Assistance Data Repository; ABS Australian National Accounts: National Income Expenditure and Product","$","13095","10353","21492","14918","na","6011","..","na","","16662"
"18A.53","2017-18","Recurrent expenditure","All ages","All people","All households","All areas","All households","Indigenous community housing","2024-25 dollars","Indigenous community housing","Real expenditure","per dwelling","Net recurrent expenditure","excluding the cost of capital","","","Derived from AIHW (unpublished) National Housing Assistance Data Repository; ABS Australian National Accounts: National Income Expenditure and Product","$","11390","10811","18469","12959","na","7064","..","na","","14551"
"18A.54","2025","Self-reported benefits of living in social housing - Public housing","All ages","All people","All households","All areas","Households with a member with disability","Public housing","","Public housing","Benefit type; derived from self-reported benefits data","","Wellbeing","","","","AIHW (unpublished) National Social Housing Survey","%","94.6","94.9","97.0","96.3","94.1","94.9","97.8","92.7","","95.4"
"18A.54","2025","Self-reported benefits of living in social housing - Public housing","All ages","All people","All households","All areas","Households with a member with disability","Public housing","","Public housing","Benefit type; derived from self-reported benefits data","","Wellbeing","","","95%CI","AIHW (unpublished) National Social Housing Survey","%","3.5","3.9","1.9","3.9","4.5","4.0","2.5","4.0","","1.6"
"18A.54","2025","Self-reported benefits of living in social housing - Public housing","All ages","All people","All households","All areas","Households with a member with disability","Public housing","","Public housing","Benefit type; derived from self-reported benefits data","","Social connection","","","","AIHW (unpublished) National Social Housing Survey","%","85.6","86.6","92.7","85.4","90.5","89.5","93.8","86.0","","88.0"
"18A.54","2025","Self-reported benefits of living in social housing - Public housing","All ages","All people","All households","All areas","Households with a member with disability","Public housing","","Public housing","Benefit type; derived from self-reported benefits data","","Social connection","","","95%CI","AIHW (unpublished) National Social Housing Survey","%","6.3","6.0","3.0","7.2","5.8","5.6","4.2","6.3","","2.7"
"18A.54","2025","Self-reported benefits of living in social housing - Public housing","All ages","All people","All households","All areas","Households with a member with disability","Public housing","","Public housing","Benefit type; derived from self-reported benefits data","","Economic participation","","","","AIHW (unpublished) National Social Housing Survey","%","95.0","95.6","98.2","94.9","98.4","95.8","95.5","94.9","","96.1"
"18A.54","2025","Self-reported benefits of living in social housing - Public housing","All ages","All people","All households","All areas","Households with a member with disability","Public housing","","Public housing","Benefit type; derived from self-reported benefits data","","Economic participation","","","95%CI","AIHW (unpublished) National Social Housing Survey","%","3.7","3.6","1.5","4.0","2.2","3.6","3.5","3.9","","1.6"
"18A.54","2025","Self-reported benefits of living in social housing - Public housing","All ages","All people","All households","All areas","Households with a member with disability","Public housing","","Public housing","Benefit type; derived from self-reported benefits data","","Wellbeing and Economic participation","","","","AIHW (unpublished) National Social Housing Survey","%","88.1","86.0","90.4","85.0","85.7","83.6","83.7","79.1","","87.2"
"18A.54","2025","Self-reported benefits of living in social housing - Public housing","All ages","All people","All households","All areas","Households with a member with disability","Public housing","","Public housing","Benefit type; derived from self-reported benefits data","","Wellbeing and Economic participation","","","95%CI","AIHW (unpublished) National Social Housing Survey","%","5.2","5.9","3.3","7.0","6.7","6.6","6.1","7.1","","2.4"
"18A.54","2025","Self-reported benefits of living in social housing - Public housing","All ages","All people","All households","All areas","Households with a member with disability","Public housing","","Public housing","Benefit type; derived from self-reported benefits data","","Social and Economic participation","","","","AIHW (unpublished) National Social Housing Survey","%","77.9","80.2","86.3","78.5","81.5","81.4","82.5","72.7","","80.5"
"18A.54","2025","Self-reported benefits of living in social housing - Public housing","All ages","All people","All households","All areas","Households with a member with disability","Public housing","","Public housing","Benefit type; derived from self-reported benefits data","","Social and Economic participation","","","95%CI","AIHW (unpublished) National Social Housing Survey","%","7.3","6.9","3.9","8.0","7.5","7.0","6.4","8.1","","3.2"
"18A.54","2025","Self-reported benefits of living in social housing - Public housing","All ages","All people","All households","All areas","Households with a member with disability","Public housing","","Public housing","Benefit type; derived from self-reported benefits data","","Wellbeing and Social connection","","","","AIHW (unpublished) National Social Housing Survey","%","79.1","81.9","85.5","79.5","76.9","80.2","82.0","75.2","","80.8"
"18A.54","2025","Self-reported benefits of living in social housing - Public housing","All ages","All people","All households","All areas","Households with a member with disability","Public housing","","Public housing","Benefit type; derived from self-reported benefits data","","Wellbeing and Social connection","","","95%CI","AIHW (unpublished) National Social Housing Survey","%","7.2","6.6","4.0","8.1","8.1","7.1","6.4","7.4","","3.1"
"18A.54","2025","Self-reported benefits of living in social housing - Public housing","All ages","All people","All households","All areas","All households","Public housing","","Public housing","Benefit type; derived from self-reported benefits data","","Wellbeing","","","","AIHW (unpublished) National Social Housing Survey","%","95.7","96.7","97.2","96.7","96.4","95.5","97.6","94.4","","96.4"
"18A.54","2025","Self-reported benefits of living in social housing - Public housing","All ages","All people","All households","All areas","All households","Public housing","","Public housing","Benefit type; derived from self-reported benefits data","","Wellbeing","","","95%CI","AIHW (unpublished) National Social Housing Survey","%","1.9","1.6","1.0","1.8","1.9","1.9","1.4","2.0","","0.8"
"18A.54","2025","Self-reported benefits of living in social housing - Public housing","All ages","All people","All households","All areas","All households","Public housing","","Public housing","Benefit type; derived from self-reported benefits data","","Social connection","","","","AIHW (unpublished) National Social Housing Survey","%","91.0","92.7","93.9","89.4","92.8","91.4","94.3","90.8","","92.0"
"18A.54","2025","Self-reported benefits of living in social housing - Public housing","All ages","All people","All households","All areas","All households","Public housing","","Public housing","Benefit type; derived from self-reported benefits data","","Social connection","","","95%CI","AIHW (unpublished) National Social Housing Survey","%","2.9","2.3","1.5","3.3","2.7","2.6","2.1","2.8","","1.2"
"18A.54","2025","Self-reported benefits of living in social housing - Public housing","All ages","All people","All households","All areas","All households","Public housing","","Public housing","Benefit type; derived from self-reported benefits data","","Economic participation","","","","AIHW (unpublished) National Social Housing Survey","%","97.1","97.6","98.3","96.6","97.5","97.1","97.1","96.8","","97.4"
"18A.54","2025","Self-reported benefits of living in social housing - Public housing","All ages","All people","All households","All areas","All households","Public housing","","Public housing","Benefit type; derived from self-reported benefits data","","Economic participation","","","95%CI","AIHW (unpublished) National Social Housing Survey","%","1.6","1.4","0.8","1.8","1.6","1.6","1.5","1.5","","0.7"
"18A.54","2025","Self-reported benefits of living in social housing - Public housing","All ages","All people","All households","All areas","All households","Public housing","","Public housing","Benefit type; derived from self-reported benefits data","","Wellbeing and Economic participation","","","","AIHW (unpublished) National Social Housing Survey","%","85.7","86.5","90.5","88.0","85.2","87.3","87.9","83.5","","87.1"
"18A.54","2025","Self-reported benefits of living in social housing - Public housing","All ages","All people","All households","All areas","All households","Public housing","","Public housing","Benefit type; derived from self-reported benefits data","","Wellbeing and Economic participation","","","95%CI","AIHW (unpublished) National Social Housing Survey","%","3.4","3.0","1.8","3.3","3.5","3.1","2.9","3.4","","1.4"
"18A.54","2025","Self-reported benefits of living in social housing - Public housing","All ages","All people","All households","All areas","All households","Public housing","","Public housing","Benefit type; derived from self-reported benefits data","","Social and Economic participation","","","","AIHW (unpublished) National Social Housing Survey","%","82.6","84.4","87.8","83.8","85.6","83.6","88.5","79.7","","84.5"
"18A.54","2025","Self-reported benefits of living in social housing - Public housing","All ages","All people","All households","All areas","All households","Public housing","","Public housing","Benefit type; derived from self-reported benefits data","","Social and Economic participation","","","95%CI","AIHW (unpublished) National Social Housing Survey","%","3.8","3.2","2.1","3.9","3.5","3.4","2.8","3.8","","1.6"
"18A.54","2025","Self-reported benefits of living in social housing - Public housing","All ages","All people","All households","All areas","All households","Public housing","","Public housing","Benefit type; derived from self-reported benefits data","","Wellbeing and Social connection","","","","AIHW (unpublished) National Social Housing Survey","%","81.9","83.9","87.0","82.8","82.6","81.9","85.9","78.9","","83.5"
"18A.54","2025","Self-reported benefits of living in social housing - Public housing","All ages","All people","All households","All areas","All households","Public housing","","Public housing","Benefit type; derived from self-reported benefits data","","Wellbeing and Social connection","","","95%CI","AIHW (unpublished) National Social Housing Survey","%","3.9","3.3","2.1","4.0","3.8","3.5","3.1","3.8","","1.6"
"18A.54","2025","Self-reported benefits of living in social housing - Public housing","All ages","All people","All households","All areas","All households","Public housing","","Public housing","Self-reported benefit","","Wellbeing","Enjoy better health","","","AIHW (unpublished) National Social Housing Survey","%","82.2","77.6","85.5","82.7","84.6","85.0","83.5","83.0","","82.3"
"18A.54","2025","Self-reported benefits of living in social housing - Public housing","All ages","All people","All households","All areas","All households","Public housing","","Public housing","Self-reported benefit","","Wellbeing","Enjoy better health","","95%CI","AIHW (unpublished) National Social Housing Survey","%","4.1","4.1","2.4","4.4","4.1","3.6","3.6","3.8","","1.8"
"18A.54","2025","Self-reported benefits of living in social housing - Public housing","All ages","All people","All households","All areas","All households","Public housing","","Public housing","Self-reported benefit","","Wellbeing","Feel more settled","","","AIHW (unpublished) National Social Housing Survey","%","95.2","96.1","96.6","94.4","95.5","95.2","97.5","92.8","","95.6"
"18A.54","2025","Self-reported benefits of living in social housing - Public housing","All ages","All people","All households","All areas","All households","Public housing","","Public housing","Self-reported benefit","","Wellbeing","Feel more settled","","95%CI","AIHW (unpublished) National Social Housing Survey","%","2.0","1.8","1.1","2.5","2.1","2.0","1.4","2.3","","0.9"
"18A.54","2025","Self-reported benefits of living in social housing - Public housing","All ages","All people","All households","All areas","All households","Public housing","","Public housing","Self-reported benefit","","Wellbeing","Feel more able to cope with life events","","","AIHW (unpublished) National Social Housing Survey","%","90.7","85.8","91.2","90.8","88.9","88.0","91.1","85.5","","89.5"
"18A.54","2025","Self-reported benefits of living in social housing - Public housing","All ages","All people","All households","All areas","All households","Public housing","","Public housing","Self-reported benefit","","Wellbeing","Feel more able to cope with life events","","95%CI","AIHW (unpublished) National Social Housing Survey","%","2.9","3.4","1.9","3.2","3.4","3.2","2.7","3.5","","1.3"
"18A.54","2025","Self-reported benefits of living in social housing - Public housing","All ages","All people","All households","All areas","All households","Public housing","","Public housing","Self-reported benefit","","Social connection","Feel part of the local community","","","AIHW (unpublished) National Social Housing Survey","%","82.0","79.5","82.4","81.6","80.5","76.1","81.5","82.4","","81.2"
"18A.54","2025","Self-reported benefits of living in social housing - Public housing","All ages","All people","All households","All areas","All households","Public housing","","Public housing","Self-reported benefit","","Social connection","Feel part of the local community","","95%CI","AIHW (unpublished) National Social Housing Survey","%","4.1","4.0","2.7","4.6","4.5","4.5","4.0","3.8","","1.8"
"18A.54","2025","Self-reported benefits of living in social housing - Public housing","All ages","All people","All households","All areas","All households","Public housing","","Public housing","Self-reported benefit","","Social connection","Able to continue living in this area","","","AIHW (unpublished) National Social Housing Survey","%","89.5","92.4","92.9","86.6","92.9","91.4","94.4","88.6","","90.9"
"18A.54","2025","Self-reported benefits of living in social housing - Public housing","All ages","All people","All households","All areas","All households","Public housing","","Public housing","Self-reported benefit","","Social connection","Able to continue living in this area","","95%CI","AIHW (unpublished) National Social Housing Survey","%","3.1","2.4","1.7","3.8","2.7","2.7","2.1","3.2","","1.3"
"18A.54","2025","Self-reported benefits of living in social housing - Public housing","All ages","All people","All households","All areas","All households","Public housing","","Public housing","Self-reported benefit","","Economic participation","Able to manage rent/money better","","","AIHW (unpublished) National Social Housing Survey","%","93.7","92.8","97.0","92.0","95.0","93.8","93.9","90.4","","94.0"
"18A.54","2025","Self-reported benefits of living in social housing - Public housing","All ages","All people","All households","All areas","All households","Public housing","","Public housing","Self-reported benefit","","Economic participation","Able to manage rent/money better","","95%CI","AIHW (unpublished) National Social Housing Survey","%","2.4","2.4","1.1","2.9","2.3","2.3","2.2","3.0","","1.0"
"18A.54","2025","Self-reported benefits of living in social housing - Public housing","All ages","All people","All households","All areas","All households","Public housing","","Public housing","Self-reported benefit","","Economic participation","Feel more able to improve job situation","","","AIHW (unpublished) National Social Housing Survey","%","65.8","64.8","71.6","66.4","77.5","65.2","78.0","62.4","","68.2"
"18A.54","2025","Self-reported benefits of living in social housing - Public housing","All ages","All people","All households","All areas","All households","Public housing","","Public housing","Self-reported benefit","","Economic participation","Feel more able to improve job situation","","95%CI","AIHW (unpublished) National Social Housing Survey","%","8.1","7.1","4.8","7.9","7.3","7.3","5.9","7.7","","3.3"
"18A.54","2025","Self-reported benefits of living in social housing - Public housing","All ages","All people","All households","All areas","All households","Public housing","","Public housing","Self-reported benefit","","Economic participation","Feel more able to start or continue education/training","","","AIHW (unpublished) National Social Housing Survey","%","76.4","70.1","75.2","69.1","76.8","70.5","77.6","72.2","","73.8"
"18A.54","2025","Self-reported benefits of living in social housing - Public housing","All ages","All people","All households","All areas","All households","Public housing","","Public housing","Self-reported benefit","","Economic participation","Feel more able to start or continue education/training","","95%CI","AIHW (unpublished) National Social Housing Survey","%","7.1","6.9","4.8","7.9","7.5","7.2","5.9","7.0","","3.1"
"18A.54","2025","Self-reported benefits of living in social housing - Public housing","All ages","All people","All households","All areas","All households","Public housing","","Public housing","Self-reported benefit","","Economic participation","Have better access to services","","","AIHW (unpublished) National Social Housing Survey","%","87.7","87.2","91.0","88.9","87.0","87.5","88.1","84.9","","88.3"
"18A.54","2025","Self-reported benefits of living in social housing - Public housing","All ages","All people","All households","All areas","All households","Public housing","","Public housing","Self-reported benefit","","Economic participation","Have better access to services","","95%CI","AIHW (unpublished) National Social Housing Survey","%","3.5","3.3","2.0","3.5","3.8","3.3","3.2","3.7","","1.5"
"18A.54","2025","Self-reported benefits of living in social housing - Public housing","All ages","All people","All households","All areas","All households","Public housing","","Public housing","Self-reported benefit","","Economic participation","Have better access to public transport","","","AIHW (unpublished) National Social Housing Survey","%","90.0","90.9","89.1","86.2","90.0","84.8","86.3","87.7","","89.3"
"18A.54","2025","Self-reported benefits of living in social housing - Public housing","All ages","All people","All households","All areas","All households","Public housing","","Public housing","Self-reported benefit","","Economic participation","Have better access to public transport","","95%CI","AIHW (unpublished) National Social Housing Survey","%","3.2","2.7","2.3","3.8","3.3","3.8","3.5","3.7","","1.4"
"18A.54","2023","Self-reported benefits of living in social housing - Public housing","All ages","All people","All households","All areas","Households with a member with disability","Public housing","","Public housing","Benefit type; derived from self-reported benefits data","","Wellbeing","","","","AIHW (unpublished) National Social Housing Survey","%","88.3","91.9","93.2","94.2","91.8","93.1","91.0","89.2","","91.5"
"18A.54","2023","Self-reported benefits of living in social housing - Public housing","All ages","All people","All households","All areas","Households with a member with disability","Public housing","","Public housing","Benefit type; derived from self-reported benefits data","","Wellbeing","","","95%CI","AIHW (unpublished) National Social Housing Survey","%","10.1","5.0","3.2","4.5","5.9","5.8","5.3","7.6","","2.9"
"18A.54","2023","Self-reported benefits of living in social housing - Public housing","All ages","All people","All households","All areas","Households with a member with disability","Public housing","","Public housing","Benefit type; derived from self-reported benefits data","","Social connection","","","","AIHW (unpublished) National Social Housing Survey","%","79.3","86.9","93.2","87.5","90.3","88.4","88.3","83.8","","87.1"
"18A.54","2023","Self-reported benefits of living in social housing - Public housing","All ages","All people","All households","All areas","Households with a member with disability","Public housing","","Public housing","Benefit type; derived from self-reported benefits data","","Social connection","","","95%CI","AIHW (unpublished) National Social Housing Survey","%","12.9","6.3","3.3","6.7","6.5","7.6","6.0","8.9","","3.6"
"18A.54","2023","Self-reported benefits of living in social housing - Public housing","All ages","All people","All households","All areas","Households with a member with disability","Public housing","","Public housing","Benefit type; derived from self-reported benefits data","","Economic participation","","","","AIHW (unpublished) National Social Housing Survey","%","91.6","98.6","97.5","94.4","95.0","95.7","93.1","95.0","","95.4"
"18A.54","2023","Self-reported benefits of living in social housing - Public housing","All ages","All people","All households","All areas","Households with a member with disability","Public housing","","Public housing","Benefit type; derived from self-reported benefits data","","Economic participation","","","95%CI","AIHW (unpublished) National Social Housing Survey","%","7.5","2.0","2.0","4.8","4.7","4.7","4.6","5.1","","2.2"
"18A.54","2023","Self-reported benefits of living in social housing - Public housing","All ages","All people","All households","All areas","Households with a member with disability","Public housing","","Public housing","Benefit type; derived from self-reported benefits data","","Wellbeing and Economic participation","","","","AIHW (unpublished) National Social Housing Survey","%","74.7","84.5","85.9","83.8","83.9","88.1","79.0","81.4","","82.0"
"18A.54","2023","Self-reported benefits of living in social housing - Public housing","All ages","All people","All households","All areas","Households with a member with disability","Public housing","","Public housing","Benefit type; derived from self-reported benefits data","","Wellbeing and Economic participation","","","95%CI","AIHW (unpublished) National Social Housing Survey","%","12.4","6.6","4.3","7.0","7.6","7.3","7.3","8.6","","3.8"
"18A.54","2023","Self-reported benefits of living in social housing - Public housing","All ages","All people","All households","All areas","Households with a member with disability","Public housing","","Public housing","Benefit type; derived from self-reported benefits data","","Social and Economic participation","","","","AIHW (unpublished) National Social Housing Survey","%","65.4","81.3","85.4","76.1","80.8","79.7","81.9","77.5","","77.4"
"18A.54","2023","Self-reported benefits of living in social housing - Public housing","All ages","All people","All households","All areas","Households with a member with disability","Public housing","","Public housing","Benefit type; derived from self-reported benefits data","","Social and Economic participation","","","95%CI","AIHW (unpublished) National Social Housing Survey","%","13.3","7.1","4.5","8.3","8.1","9.2","7.0","9.9","","4.2"
"18A.54","2023","Self-reported benefits of living in social housing - Public housing","All ages","All people","All households","All areas","Households with a member with disability","Public housing","","Public housing","Benefit type; derived from self-reported benefits data","","Wellbeing and Social connection","","","","AIHW (unpublished) National Social Housing Survey","%","65.5","76.7","83.4","82.2","79.2","79.6","74.6","71.0","","76.4"
"18A.54","2023","Self-reported benefits of living in social housing - Public housing","All ages","All people","All households","All areas","Households with a member with disability","Public housing","","Public housing","Benefit type; derived from self-reported benefits data","","Wellbeing and Social connection","","","95%CI","AIHW (unpublished) National Social Housing Survey","%","14.0","7.7","4.7","7.4","8.5","9.3","7.9","10.4","","4.3"
"18A.54","2023","Self-reported benefits of living in social housing - Public housing","All ages","All people","All households","All areas","All households","Public housing","","Public housing","Benefit type; derived from self-reported benefits data","","Wellbeing","","","","AIHW (unpublished) National Social Housing Survey","%","93.0","94.9","96.1","96.2","94.7","94.1","94.2","95.3","","94.7"
"18A.54","2023","Self-reported benefits of living in social housing - Public housing","All ages","All people","All households","All areas","All households","Public housing","","Public housing","Benefit type; derived from self-reported benefits data","","Wellbeing","","","95%CI","AIHW (unpublished) National Social Housing Survey","%","3.9","2.1","1.3","1.9","2.5","2.4","2.1","2.4","","1.2"
"18A.54","2023","Self-reported benefits of living in social housing - Public housing","All ages","All people","All households","All areas","All households","Public housing","","Public housing","Benefit type; derived from self-reported benefits data","","Social connection","","","","AIHW (unpublished) National Social Housing Survey","%","86.8","90.9","94.3","94.2","91.6","91.8","92.4","93.9","","91.2"
"18A.54","2023","Self-reported benefits of living in social housing - Public housing","All ages","All people","All households","All areas","All households","Public housing","","Public housing","Benefit type; derived from self-reported benefits data","","Social connection","","","95%CI","AIHW (unpublished) National Social Housing Survey","%","5.2","2.8","1.6","2.4","3.1","2.9","2.5","2.5","","1.6"
"18A.54","2023","Self-reported benefits of living in social housing - Public housing","All ages","All people","All households","All areas","All households","Public housing","","Public housing","Benefit type; derived from self-reported benefits data","","Economic participation","","","","AIHW (unpublished) National Social Housing Survey","%","95.8","96.3","98.0","96.8","96.0","96.6","96.8","97.9","","96.6"
"18A.54","2023","Self-reported benefits of living in social housing - Public housing","All ages","All people","All households","All areas","All households","Public housing","","Public housing","Benefit type; derived from self-reported benefits data","","Economic participation","","","95%CI","AIHW (unpublished) National Social Housing Survey","%","2.8","1.8","1.0","1.7","2.1","1.9","1.6","1.6","","0.9"
"18A.54","2023","Self-reported benefits of living in social housing - Public housing","All ages","All people","All households","All areas","All households","Public housing","","Public housing","Benefit type; derived from self-reported benefits data","","Wellbeing and Economic participation","","","","AIHW (unpublished) National Social Housing Survey","%","82.8","85.3","87.8","89.7","84.4","83.0","84.9","86.7","","85.6"
"18A.54","2023","Self-reported benefits of living in social housing - Public housing","All ages","All people","All households","All areas","All households","Public housing","","Public housing","Benefit type; derived from self-reported benefits data","","Wellbeing and Economic participation","","","95%CI","AIHW (unpublished) National Social Housing Survey","%","5.4","3.3","2.2","2.9","3.8","3.8","3.2","3.4","","1.7"
"18A.54","2023","Self-reported benefits of living in social housing - Public housing","All ages","All people","All households","All areas","All households","Public housing","","Public housing","Benefit type; derived from self-reported benefits data","","Social and Economic participation","","","","AIHW (unpublished) National Social Housing Survey","%","77.6","82.5","87.0","85.4","81.7","83.8","85.9","85.5","","82.6"
"18A.54","2023","Self-reported benefits of living in social housing - Public housing","All ages","All people","All households","All areas","All households","Public housing","","Public housing","Benefit type; derived from self-reported benefits data","","Social and Economic participation","","","95%CI","AIHW (unpublished) National Social Housing Survey","%","6.0","3.6","2.3","3.5","4.1","3.8","3.2","3.7","","1.9"
"18A.54","2023","Self-reported benefits of living in social housing - Public housing","All ages","All people","All households","All areas","All households","Public housing","","Public housing","Benefit type; derived from self-reported benefits data","","Wellbeing and Social connection","","","","AIHW (unpublished) National Social Housing Survey","%","77.9","80.9","85.5","87.2","81.3","80.4","81.6","83.0","","81.9"
"18A.54","2023","Self-reported benefits of living in social housing - Public housing","All ages","All people","All households","All areas","All households","Public housing","","Public housing","Benefit type; derived from self-reported benefits data","","Wellbeing and Social connection","","","95%CI","AIHW (unpublished) National Social Housing Survey","%","6.1","3.7","2.4","3.4","4.2","4.1","3.5","3.9","","1.9"
"18A.54","2023","Self-reported benefits of living in social housing - Public housing","All ages","All people","All households","All areas","All households","Public housing","","Public housing","Self-reported benefit","","Wellbeing","Enjoy better health","","","AIHW (unpublished) National Social Housing Survey","%","75.2","80.3","85.9","82.7","81.1","83.7","80.6","83.8","","80.6"
"18A.54","2023","Self-reported benefits of living in social housing - Public housing","All ages","All people","All households","All areas","All households","Public housing","","Public housing","Self-reported benefit","","Wellbeing","Enjoy better health","","95%CI","AIHW (unpublished) National Social Housing Survey","%","6.5","4.1","2.6","4.3","4.7","4.2","3.9","4.3","","2.1"
"18A.54","2023","Self-reported benefits of living in social housing - Public housing","All ages","All people","All households","All areas","All households","Public housing","","Public housing","Self-reported benefit","","Wellbeing","Feel more settled","","","AIHW (unpublished) National Social Housing Survey","%","92.9","93.2","94.1","96.0","94.8","94.0","94.1","95.0","","93.9"
"18A.54","2023","Self-reported benefits of living in social housing - Public housing","All ages","All people","All households","All areas","All households","Public housing","","Public housing","Self-reported benefit","","Wellbeing","Feel more settled","","95%CI","AIHW (unpublished) National Social Housing Survey","%","3.9","2.5","1.6","2.0","2.4","2.5","2.2","2.5","","1.2"
"18A.54","2023","Self-reported benefits of living in social housing - Public housing","All ages","All people","All households","All areas","All households","Public housing","","Public housing","Self-reported benefit","","Wellbeing","Feel more able to cope with life events","","","AIHW (unpublished) National Social Housing Survey","%","83.5","86.0","90.1","88.2","87.5","85.4","87.0","90.4","","86.7"
"18A.54","2023","Self-reported benefits of living in social housing - Public housing","All ages","All people","All households","All areas","All households","Public housing","","Public housing","Self-reported benefit","","Wellbeing","Feel more able to cope with life events","","95%CI","AIHW (unpublished) National Social Housing Survey","%","5.4","3.6","2.2","3.5","3.9","4.0","3.3","3.4","","1.8"
"18A.54","2023","Self-reported benefits of living in social housing - Public housing","All ages","All people","All households","All areas","All households","Public housing","","Public housing","Self-reported benefit","","Social connection","Feel part of the local community","","","AIHW (unpublished) National Social Housing Survey","%","76.1","77.2","83.7","83.1","80.2","77.5","77.2","83.1","","79.4"
"18A.54","2023","Self-reported benefits of living in social housing - Public housing","All ages","All people","All households","All areas","All households","Public housing","","Public housing","Self-reported benefit","","Social connection","Feel part of the local community","","95%CI","AIHW (unpublished) National Social Housing Survey","%","6.9","4.4","2.8","4.3","4.9","4.9","4.2","4.2","","2.2"
"18A.54","2023","Self-reported benefits of living in social housing - Public housing","All ages","All people","All households","All areas","All households","Public housing","","Public housing","Self-reported benefit","","Social connection","Able to continue living in this area","","","AIHW (unpublished) National Social Housing Survey","%","86.1","89.8","92.2","92.7","91.3","92.8","91.7","89.8","","90.0"
"18A.54","2023","Self-reported benefits of living in social housing - Public housing","All ages","All people","All households","All areas","All households","Public housing","","Public housing","Self-reported benefit","","Social connection","Able to continue living in this area","","95%CI","AIHW (unpublished) National Social Housing Survey","%","5.4","3.0","1.9","2.7","3.2","2.8","2.6","3.3","","1.6"
"18A.54","2023","Self-reported benefits of living in social housing - Public housing","All ages","All people","All households","All areas","All households","Public housing","","Public housing","Self-reported benefit","","Economic participation","Able to manage rent/money better","","","AIHW (unpublished) National Social Housing Survey","%","90.8","92.5","96.2","93.5","93.7","93.5","94.3","95.8","","93.2"
"18A.54","2023","Self-reported benefits of living in social housing - Public housing","All ages","All people","All households","All areas","All households","Public housing","","Public housing","Self-reported benefit","","Economic participation","Able to manage rent/money better","","95%CI","AIHW (unpublished) National Social Housing Survey","%","4.3","2.6","1.3","2.5","2.7","2.6","2.2","2.0","","1.3"
"18A.54","2023","Self-reported benefits of living in social housing - Public housing","All ages","All people","All households","All areas","All households","Public housing","","Public housing","Self-reported benefit","","Economic participation","Feel more able to improve job situation","","","AIHW (unpublished) National Social Housing Survey","%","68.2","73.9","74.4","65.8","68.4","66.7","70.3","71.4","","70.5"
"18A.54","2023","Self-reported benefits of living in social housing - Public housing","All ages","All people","All households","All areas","All households","Public housing","","Public housing","Self-reported benefit","","Economic participation","Feel more able to improve job situation","","95%CI","AIHW (unpublished) National Social Housing Survey","%","10.3","6.6","5.4","8.0","9.0","8.5","6.4","8.1","","3.8"
"18A.54","2023","Self-reported benefits of living in social housing - Public housing","All ages","All people","All households","All areas","All households","Public housing","","Public housing","Self-reported benefit","","Economic participation","Feel more able to start or continue education/training","","","AIHW (unpublished) National Social Housing Survey","%","71.6","75.4","76.5","72.1","69.1","70.1","76.5","80.9","","73.5"
"18A.54","2023","Self-reported benefits of living in social housing - Public housing","All ages","All people","All households","All areas","All households","Public housing","","Public housing","Self-reported benefit","","Economic participation","Feel more able to start or continue education/training","","95%CI","AIHW (unpublished) National Social Housing Survey","%","10.2","6.9","5.5","7.8","9.2","8.6","5.9","7.6","","3.8"
"18A.54","2023","Self-reported benefits of living in social housing - Public housing","All ages","All people","All households","All areas","All households","Public housing","","Public housing","Self-reported benefit","","Economic participation","Have better access to services","","","AIHW (unpublished) National Social Housing Survey","%","81.9","85.7","89.5","88.9","88.7","83.2","85.1","88.9","","86.3"
"18A.54","2023","Self-reported benefits of living in social housing - Public housing","All ages","All people","All households","All areas","All households","Public housing","","Public housing","Self-reported benefit","","Economic participation","Have better access to services","","95%CI","AIHW (unpublished) National Social Housing Survey","%","6.2","3.6","2.3","3.4","3.8","4.2","3.6","4.0","","1.9"
"18A.54","2023","Self-reported benefits of living in social housing - Public housing","All ages","All people","All households","All areas","All households","Public housing","","Public housing","Self-reported benefit","","Economic participation","Have better access to public transport","","","AIHW (unpublished) National Social Housing Survey","%","84.3","88.8","88.5","85.9","88.5","84.9","85.6","92.1","","87.1"
"18A.54","2023","Self-reported benefits of living in social housing - Public housing","All ages","All people","All households","All areas","All households","Public housing","","Public housing","Self-reported benefit","","Economic participation","Have better access to public transport","","95%CI","AIHW (unpublished) National Social Housing Survey","%","6.0","3.3","2.5","3.9","3.8","4.3","3.6","3.6","","1.9"
"18A.54","2021","Self-reported benefits of living in social housing - Public housing","All ages","All people","All households","All areas","Households with a member with disability","Public housing","","Public housing","Benefit type; derived from self-reported benefits data","","Wellbeing","","","","AIHW (unpublished) National Social Housing Survey","%","94.0","93.3","96.6","97.6","94.8","94.0","88.2","97.6","","94.6"
"18A.54","2021","Self-reported benefits of living in social housing - Public housing","All ages","All people","All households","All areas","Households with a member with disability","Public housing","","Public housing","Benefit type; derived from self-reported benefits data","","Wellbeing","","","95%CI","AIHW (unpublished) National Social Housing Survey","%","4.4","4.5","2.4","2.9","4.5","4.3","5.1","2.6","","1.9"
"18A.54","2021","Self-reported benefits of living in social housing - Public housing","All ages","All people","All households","All areas","Households with a member with disability","Public housing","","Public housing","Benefit type; derived from self-reported benefits data","","Social connection","","","","AIHW (unpublished) National Social Housing Survey","%","92.1","91.2","92.0","91.7","90.7","93.4","88.5","91.4","","91.6"
"18A.54","2021","Self-reported benefits of living in social housing - Public housing","All ages","All people","All households","All areas","Households with a member with disability","Public housing","","Public housing","Benefit type; derived from self-reported benefits data","","Social connection","","","95%CI","AIHW (unpublished) National Social Housing Survey","%","5.5","5.2","3.7","5.0","6.5","4.8","5.1","5.7","","2.5"
"18A.54","2021","Self-reported benefits of living in social housing - Public housing","All ages","All people","All households","All areas","Households with a member with disability","Public housing","","Public housing","Benefit type; derived from self-reported benefits data","","Economic participation","","","","AIHW (unpublished) National Social Housing Survey","%","97.9","94.6","98.1","97.7","99.6","96.3","98.0","96.1","","97.3"
"18A.54","2021","Self-reported benefits of living in social housing - Public housing","All ages","All people","All households","All areas","Households with a member with disability","Public housing","","Public housing","Benefit type; derived from self-reported benefits data","","Economic participation","","","95%CI","AIHW (unpublished) National Social Housing Survey","%","2.5","4.0","1.8","2.5","0.8","3.6","2.2","3.4","","1.3"
"18A.54","2021","Self-reported benefits of living in social housing - Public housing","All ages","All people","All households","All areas","Households with a member with disability","Public housing","","Public housing","Benefit type; derived from self-reported benefits data","","Wellbeing and Economic participation","","","","AIHW (unpublished) National Social Housing Survey","%","91.5","81.7","91.3","91.3","84.3","85.6","82.8","87.0","","88.1"
"18A.54","2021","Self-reported benefits of living in social housing - Public housing","All ages","All people","All households","All areas","Households with a member with disability","Public housing","","Public housing","Benefit type; derived from self-reported benefits data","","Wellbeing and Economic participation","","","95%CI","AIHW (unpublished) National Social Housing Survey","%","5.0","6.8","3.7","5.1","7.5","6.3","5.9","6.5","","2.6"
"18A.54","2021","Self-reported benefits of living in social housing - Public housing","All ages","All people","All households","All areas","Households with a member with disability","Public housing","","Public housing","Benefit type; derived from self-reported benefits data","","Social and Economic participation","","","","AIHW (unpublished) National Social Housing Survey","%","86.6","83.5","85.9","87.3","84.4","85.3","81.9","82.7","","85.4"
"18A.54","2021","Self-reported benefits of living in social housing - Public housing","All ages","All people","All households","All areas","Households with a member with disability","Public housing","","Public housing","Benefit type; derived from self-reported benefits data","","Social and Economic participation","","","95%CI","AIHW (unpublished) National Social Housing Survey","%","7.2","6.6","4.6","5.9","7.7","6.5","6.1","7.0","","3.1"
"18A.54","2021","Self-reported benefits of living in social housing - Public housing","All ages","All people","All households","All areas","Households with a member with disability","Public housing","","Public housing","Benefit type; derived from self-reported benefits data","","Wellbeing and Social connection","","","","AIHW (unpublished) National Social Housing Survey","%","84.6","81.7","86.8","85.7","78.7","81.3","76.9","82.6","","83.6"
"18A.54","2021","Self-reported benefits of living in social housing - Public housing","All ages","All people","All households","All areas","Households with a member with disability","Public housing","","Public housing","Benefit type; derived from self-reported benefits data","","Wellbeing and Social connection","","","95%CI","AIHW (unpublished) National Social Housing Survey","%","7.7","6.8","4.4","6.3","8.5","7.1","6.6","7.6","","3.3"
"18A.54","2021","Self-reported benefits of living in social housing - Public housing","All ages","All people","All households","All areas","All households","Public housing","","Public housing","Benefit type; derived from self-reported benefits data","","Wellbeing","","","","AIHW (unpublished) National Social Housing Survey","%","95.5","92.7","97.0","97.7","98.1","95.7","93.2","97.6","","95.7"
"18A.54","2021","Self-reported benefits of living in social housing - Public housing","All ages","All people","All households","All areas","All households","Public housing","","Public housing","Benefit type; derived from self-reported benefits data","","Wellbeing","","","95%CI","AIHW (unpublished) National Social Housing Survey","%","2.4","2.6","1.2","1.5","1.3","1.9","2.1","1.3","","1.0"
"18A.54","2021","Self-reported benefits of living in social housing - Public housing","All ages","All people","All households","All areas","All households","Public housing","","Public housing","Benefit type; derived from self-reported benefits data","","Social connection","","","","AIHW (unpublished) National Social Housing Survey","%","92.9","90.8","94.9","93.7","96.0","94.1","93.2","94.6","","93.2"
"18A.54","2021","Self-reported benefits of living in social housing - Public housing","All ages","All people","All households","All areas","All households","Public housing","","Public housing","Benefit type; derived from self-reported benefits data","","Social connection","","","95%CI","AIHW (unpublished) National Social Housing Survey","%","3.2","2.9","1.5","2.3","2.0","2.2","2.2","2.1","","1.3"
"18A.54","2021","Self-reported benefits of living in social housing - Public housing","All ages","All people","All households","All areas","All households","Public housing","","Public housing","Benefit type; derived from self-reported benefits data","","Economic participation","","","","AIHW (unpublished) National Social Housing Survey","%","96.0","96.1","98.3","97.0","98.7","96.5","97.3","96.2","","96.8"
"18A.54","2021","Self-reported benefits of living in social housing - Public housing","All ages","All people","All households","All areas","All households","Public housing","","Public housing","Benefit type; derived from self-reported benefits data","","Economic participation","","","95%CI","AIHW (unpublished) National Social Housing Survey","%","2.6","1.9","0.9","1.5","1.1","1.8","1.4","1.9","","1.0"
"18A.54","2021","Self-reported benefits of living in social housing - Public housing","All ages","All people","All households","All areas","All households","Public housing","","Public housing","Benefit type; derived from self-reported benefits data","","Wellbeing and Economic participation","","","","AIHW (unpublished) National Social Housing Survey","%","86.5","83.9","89.6","86.8","86.8","85.4","84.8","86.3","","86.5"
"18A.54","2021","Self-reported benefits of living in social housing - Public housing","All ages","All people","All households","All areas","All households","Public housing","","Public housing","Benefit type; derived from self-reported benefits data","","Wellbeing and Economic participation","","","95%CI","AIHW (unpublished) National Social Housing Survey","%","4.1","3.6","2.0","3.3","3.2","3.2","3.0","3.5","","1.7"
"18A.54","2021","Self-reported benefits of living in social housing - Public housing","All ages","All people","All households","All areas","All households","Public housing","","Public housing","Benefit type; derived from self-reported benefits data","","Social and Economic participation","","","","AIHW (unpublished) National Social Housing Survey","%","85.6","85.4","87.5","86.9","85.8","84.9","84.8","83.3","","86.0"
"18A.54","2021","Self-reported benefits of living in social housing - Public housing","All ages","All people","All households","All areas","All households","Public housing","","Public housing","Benefit type; derived from self-reported benefits data","","Social and Economic participation","","","95%CI","AIHW (unpublished) National Social Housing Survey","%","4.4","3.4","2.2","3.2","3.4","3.3","3.0","3.7","","1.7"
"18A.54","2021","Self-reported benefits of living in social housing - Public housing","All ages","All people","All households","All areas","All households","Public housing","","Public housing","Benefit type; derived from self-reported benefits data","","Wellbeing and Social connection","","","","AIHW (unpublished) National Social Housing Survey","%","85.3","82.0","86.1","85.9","82.8","82.5","82.4","86.3","","84.4"
"18A.54","2021","Self-reported benefits of living in social housing - Public housing","All ages","All people","All households","All areas","All households","Public housing","","Public housing","Benefit type; derived from self-reported benefits data","","Wellbeing and Social connection","","","95%CI","AIHW (unpublished) National Social Housing Survey","%","4.3","3.7","2.3","3.4","3.7","3.5","3.2","3.4","","1.7"
"18A.54","2021","Self-reported benefits of living in social housing - Public housing","All ages","All people","All households","All areas","All households","Public housing","","Public housing","Self-reported benefit","","Wellbeing","Enjoy better health","","","AIHW (unpublished) National Social Housing Survey","%","82.1","76.6","86.7","86.4","87.3","79.5","81.3","88.8","","82.8"
"18A.54","2021","Self-reported benefits of living in social housing - Public housing","All ages","All people","All households","All areas","All households","Public housing","","Public housing","Self-reported benefit","","Wellbeing","Enjoy better health","","95%CI","AIHW (unpublished) National Social Housing Survey","%","5.1","4.7","2.6","3.7","3.9","4.2","3.6","3.5","","2.1"
"18A.54","2021","Self-reported benefits of living in social housing - Public housing","All ages","All people","All households","All areas","All households","Public housing","","Public housing","Self-reported benefit","","Wellbeing","Feel more settled","","","AIHW (unpublished) National Social Housing Survey","%","95.8","92.0","96.9","97.6","96.8","95.1","93.1","98.0","","95.4"
"18A.54","2021","Self-reported benefits of living in social housing - Public housing","All ages","All people","All households","All areas","All households","Public housing","","Public housing","Self-reported benefit","","Wellbeing","Feel more settled","","95%CI","AIHW (unpublished) National Social Housing Survey","%","2.2","2.8","1.2","1.5","1.8","2.1","2.2","1.3","","1.0"
"18A.54","2021","Self-reported benefits of living in social housing - Public housing","All ages","All people","All households","All areas","All households","Public housing","","Public housing","Self-reported benefit","","Wellbeing","Feel more able to cope with life events","","","AIHW (unpublished) National Social Housing Survey","%","89.8","81.1","91.3","91.9","92.0","88.7","87.0","93.5","","88.6"
"18A.54","2021","Self-reported benefits of living in social housing - Public housing","All ages","All people","All households","All areas","All households","Public housing","","Public housing","Self-reported benefit","","Wellbeing","Feel more able to cope with life events","","95%CI","AIHW (unpublished) National Social Housing Survey","%","3.8","4.2","2.1","2.9","3.1","3.1","3.0","2.5","","1.6"
"18A.54","2021","Self-reported benefits of living in social housing - Public housing","All ages","All people","All households","All areas","All households","Public housing","","Public housing","Self-reported benefit","","Social connection","Feel part of the local community","","","AIHW (unpublished) National Social Housing Survey","%","81.6","76.4","84.5","84.6","85.3","81.5","79.2","86.9","","81.7"
"18A.54","2021","Self-reported benefits of living in social housing - Public housing","All ages","All people","All households","All areas","All households","Public housing","","Public housing","Self-reported benefit","","Social connection","Feel part of the local community","","95%CI","AIHW (unpublished) National Social Housing Survey","%","5.0","4.6","2.8","3.8","4.2","4.1","3.8","3.7","","2.1"
"18A.54","2021","Self-reported benefits of living in social housing - Public housing","All ages","All people","All households","All areas","All households","Public housing","","Public housing","Self-reported benefit","","Social connection","Able to continue living in this area","","","AIHW (unpublished) National Social Housing Survey","%","89.7","89.3","94.1","93.0","96.0","92.4","92.8","93.9","","91.6"
"18A.54","2021","Self-reported benefits of living in social housing - Public housing","All ages","All people","All households","All areas","All households","Public housing","","Public housing","Self-reported benefit","","Social connection","Able to continue living in this area","","95%CI","AIHW (unpublished) National Social Housing Survey","%","4.0","3.2","1.7","2.5","2.1","2.6","2.3","2.4","","1.6"
"18A.54","2021","Self-reported benefits of living in social housing - Public housing","All ages","All people","All households","All areas","All households","Public housing","","Public housing","Self-reported benefit","","Economic participation","Able to manage rent/money better","","","AIHW (unpublished) National Social Housing Survey","%","92.0","92.1","97.3","95.5","94.9","94.6","93.6","94.9","","93.8"
"18A.54","2021","Self-reported benefits of living in social housing - Public housing","All ages","All people","All households","All areas","All households","Public housing","","Public housing","Self-reported benefit","","Economic participation","Able to manage rent/money better","","95%CI","AIHW (unpublished) National Social Housing Survey","%","3.6","2.7","1.1","2.0","2.3","2.2","2.1","2.2","","1.4"
"18A.54","2021","Self-reported benefits of living in social housing - Public housing","All ages","All people","All households","All areas","All households","Public housing","","Public housing","Self-reported benefit","","Economic participation","Feel more able to improve job situation","","","AIHW (unpublished) National Social Housing Survey","%","69.0","67.1","73.2","67.7","73.9","60.8","75.0","72.4","","69.6"
"18A.54","2021","Self-reported benefits of living in social housing - Public housing","All ages","All people","All households","All areas","All households","Public housing","","Public housing","Self-reported benefit","","Economic participation","Feel more able to improve job situation","","95%CI","AIHW (unpublished) National Social Housing Survey","%","10.3","7.5","5.4","7.6","8.5","8.1","5.9","7.1","","4.0"
"18A.54","2021","Self-reported benefits of living in social housing - Public housing","All ages","All people","All households","All areas","All households","Public housing","","Public housing","Self-reported benefit","","Economic participation","Feel more able to start or continue education/training","","","AIHW (unpublished) National Social Housing Survey","%","77.0","67.1","72.7","74.4","74.6","67.7","77.9","75.8","","73.2"
"18A.54","2021","Self-reported benefits of living in social housing - Public housing","All ages","All people","All households","All areas","All households","Public housing","","Public housing","Self-reported benefit","","Economic participation","Feel more able to start or continue education/training","","95%CI","AIHW (unpublished) National Social Housing Survey","%","8.9","7.4","5.7","7.2","9.1","8.2","5.8","7.1","","3.7"
"18A.54","2021","Self-reported benefits of living in social housing - Public housing","All ages","All people","All households","All areas","All households","Public housing","","Public housing","Self-reported benefit","","Economic participation","Have better access to services","","","AIHW (unpublished) National Social Housing Survey","%","86.8","82.3","88.8","90.3","90.1","85.2","85.9","89.8","","86.9"
"18A.54","2021","Self-reported benefits of living in social housing - Public housing","All ages","All people","All households","All areas","All households","Public housing","","Public housing","Self-reported benefit","","Economic participation","Have better access to services","","95%CI","AIHW (unpublished) National Social Housing Survey","%","4.9","4.2","2.4","3.2","3.5","3.7","3.3","3.3","","1.9"
"18A.54","2021","Self-reported benefits of living in social housing - Public housing","All ages","All people","All households","All areas","All households","Public housing","","Public housing","Self-reported benefit","","Economic participation","Have better access to public transport","","","AIHW (unpublished) National Social Housing Survey","%","90.1","86.9","88.9","86.2","92.4","85.5","85.0","87.3","","88.6"
"18A.54","2021","Self-reported benefits of living in social housing - Public housing","All ages","All people","All households","All areas","All households","Public housing","","Public housing","Self-reported benefit","","Economic participation","Have better access to public transport","","95%CI","AIHW (unpublished) National Social Housing Survey","%","3.9","3.7","2.4","3.8","3.0","3.9","3.5","3.8","","1.6"
"18A.54","2018","Self-reported benefits of living in social housing - Public housing","All ages","All people","All households","All areas","Households with a member with disability","Public housing","","Public housing","Benefit type; derived from self-reported benefits data","","Wellbeing","","","","AIHW (unpublished) National Social Housing Survey","%","94.6","97.0","96.8","93.9","94.7","97.2","97.5","95.1","","95.6"
"18A.54","2018","Self-reported benefits of living in social housing - Public housing","All ages","All people","All households","All areas","Households with a member with disability","Public housing","","Public housing","Benefit type; derived from self-reported benefits data","","Wellbeing","","","95%CI","AIHW (unpublished) National Social Housing Survey","%","4.2","2.4","2.0","3.8","3.7","2.7","2.8","3.9","","1.6"
"18A.54","2018","Self-reported benefits of living in social housing - Public housing","All ages","All people","All households","All areas","Households with a member with disability","Public housing","","Public housing","Benefit type; derived from self-reported benefits data","","Social connection","","","","AIHW (unpublished) National Social Housing Survey","%","91.8","91.9","94.0","89.7","89.2","91.3","92.8","90.2","","91.8"
"18A.54","2018","Self-reported benefits of living in social housing - Public housing","All ages","All people","All households","All areas","Households with a member with disability","Public housing","","Public housing","Benefit type; derived from self-reported benefits data","","Social connection","","","95%CI","AIHW (unpublished) National Social Housing Survey","%","4.9","4.1","2.8","4.9","5.3","4.9","4.8","5.5","","2.1"
"18A.54","2018","Self-reported benefits of living in social housing - Public housing","All ages","All people","All households","All areas","Households with a member with disability","Public housing","","Public housing","Benefit type; derived from self-reported benefits data","","Economic participation","","","","AIHW (unpublished) National Social Housing Survey","%","97.5","98.0","96.2","96.3","96.9","97.0","97.5","94.2","","97.1"
"18A.54","2018","Self-reported benefits of living in social housing - Public housing","All ages","All people","All households","All areas","Households with a member with disability","Public housing","","Public housing","Benefit type; derived from self-reported benefits data","","Economic participation","","","95%CI","AIHW (unpublished) National Social Housing Survey","%","2.8","2.0","2.2","2.8","2.8","2.9","2.8","4.2","","1.2"
"18A.54","2018","Self-reported benefits of living in social housing - Public housing","All ages","All people","All households","All areas","Households with a member with disability","Public housing","","Public housing","Benefit type; derived from self-reported benefits data","","Wellbeing and Economic participation","","","","AIHW (unpublished) National Social Housing Survey","%","86.9","88.2","87.5","82.4","83.6","80.4","90.2","81.2","","86.4"
"18A.54","2018","Self-reported benefits of living in social housing - Public housing","All ages","All people","All households","All areas","Households with a member with disability","Public housing","","Public housing","Benefit type; derived from self-reported benefits data","","Wellbeing and Economic participation","","","95%CI","AIHW (unpublished) National Social Housing Survey","%","5.9","4.6","3.8","6.1","5.9","6.4","5.2","6.8","","2.4"
"18A.54","2018","Self-reported benefits of living in social housing - Public housing","All ages","All people","All households","All areas","Households with a member with disability","Public housing","","Public housing","Benefit type; derived from self-reported benefits data","","Social and Economic participation","","","","AIHW (unpublished) National Social Housing Survey","%","83.0","82.4","84.8","76.9","75.8","79.7","82.6","78.8","","81.7"
"18A.54","2018","Self-reported benefits of living in social housing - Public housing","All ages","All people","All households","All areas","Households with a member with disability","Public housing","","Public housing","Benefit type; derived from self-reported benefits data","","Social and Economic participation","","","95%CI","AIHW (unpublished) National Social Housing Survey","%","6.5","5.5","4.1","6.7","7.0","6.7","6.8","7.3","","2.8"
"18A.54","2018","Self-reported benefits of living in social housing - Public housing","All ages","All people","All households","All areas","Households with a member with disability","Public housing","","Public housing","Benefit type; derived from self-reported benefits data","","Wellbeing and Social connection","","","","AIHW (unpublished) National Social Housing Survey","%","80.1","80.4","84.5","78.2","75.9","78.9","82.6","82.6","","80.4"
"18A.54","2018","Self-reported benefits of living in social housing - Public housing","All ages","All people","All households","All areas","Households with a member with disability","Public housing","","Public housing","Benefit type; derived from self-reported benefits data","","Wellbeing and Social connection","","","95%CI","AIHW (unpublished) National Social Housing Survey","%","7.1","5.7","4.1","6.6","7.0","6.7","6.8","6.8","","2.9"
"18A.54","2018","Self-reported benefits of living in social housing - Public housing","All ages","All people","All households","All areas","All households","Public housing","","Public housing","Benefit type; derived from self-reported benefits data","","Wellbeing","","","","AIHW (unpublished) National Social Housing Survey","%","94.8","95.8","96.7","94.7","96.5","95.7","95.6","97.7","","95.6"
"18A.54","2018","Self-reported benefits of living in social housing - Public housing","All ages","All people","All households","All areas","All households","Public housing","","Public housing","Benefit type; derived from self-reported benefits data","","Wellbeing","","","95%CI","AIHW (unpublished) National Social Housing Survey","%","2.0","1.6","1.1","1.9","1.7","1.9","1.8","1.3","","0.8"
"18A.54","2018","Self-reported benefits of living in social housing - Public housing","All ages","All people","All households","All areas","All households","Public housing","","Public housing","Benefit type; derived from self-reported benefits data","","Social connection","","","","AIHW (unpublished) National Social Housing Survey","%","92.0","92.4","93.8","91.4","92.9","93.4","93.3","92.0","","92.5"
"18A.54","2018","Self-reported benefits of living in social housing - Public housing","All ages","All people","All households","All areas","All households","Public housing","","Public housing","Benefit type; derived from self-reported benefits data","","Social connection","","","95%CI","AIHW (unpublished) National Social Housing Survey","%","2.5","2.2","1.6","2.4","2.4","2.4","2.3","2.5","","1.1"
"18A.54","2018","Self-reported benefits of living in social housing - Public housing","All ages","All people","All households","All areas","All households","Public housing","","Public housing","Benefit type; derived from self-reported benefits data","","Economic participation","","","","AIHW (unpublished) National Social Housing Survey","%","97.3","97.9","97.3","97.7","97.2","96.2","98.1","97.6","","97.5"
"18A.54","2018","Self-reported benefits of living in social housing - Public housing","All ages","All people","All households","All areas","All households","Public housing","","Public housing","Benefit type; derived from self-reported benefits data","","Economic participation","","","95%CI","AIHW (unpublished) National Social Housing Survey","%","1.5","1.1","1.0","1.2","1.4","1.8","1.2","1.4","","0.6"
"18A.54","2018","Self-reported benefits of living in social housing - Public housing","All ages","All people","All households","All areas","All households","Public housing","","Public housing","Benefit type; derived from self-reported benefits data","","Wellbeing and Economic participation","","","","AIHW (unpublished) National Social Housing Survey","%","84.6","85.2","87.0","84.4","87.2","79.6","86.2","84.9","","85.3"
"18A.54","2018","Self-reported benefits of living in social housing - Public housing","All ages","All people","All households","All areas","All households","Public housing","","Public housing","Benefit type; derived from self-reported benefits data","","Wellbeing and Economic participation","","","95%CI","AIHW (unpublished) National Social Housing Survey","%","3.2","2.8","2.1","3.0","2.9","3.6","3.0","3.1","","1.4"
"18A.54","2018","Self-reported benefits of living in social housing - Public housing","All ages","All people","All households","All areas","All households","Public housing","","Public housing","Benefit type; derived from self-reported benefits data","","Social and Economic participation","","","","AIHW (unpublished) National Social Housing Survey","%","81.8","82.7","83.7","79.9","81.9","80.6","83.9","81.2","","82.1"
"18A.54","2018","Self-reported benefits of living in social housing - Public housing","All ages","All people","All households","All areas","All households","Public housing","","Public housing","Benefit type; derived from self-reported benefits data","","Social and Economic participation","","","95%CI","AIHW (unpublished) National Social Housing Survey","%","3.5","3.0","2.3","3.3","3.4","3.6","3.2","3.4","","1.5"
"18A.54","2018","Self-reported benefits of living in social housing - Public housing","All ages","All people","All households","All areas","All households","Public housing","","Public housing","Benefit type; derived from self-reported benefits data","","Wellbeing and Social connection","","","","AIHW (unpublished) National Social Housing Survey","%","80.4","80.7","82.6","80.2","81.5","80.0","80.8","80.2","","80.9"
"18A.54","2018","Self-reported benefits of living in social housing - Public housing","All ages","All people","All households","All areas","All households","Public housing","","Public housing","Benefit type; derived from self-reported benefits data","","Wellbeing and Social connection","","","95%CI","AIHW (unpublished) National Social Housing Survey","%","3.6","3.1","2.4","3.3","3.4","3.6","3.5","3.5","","1.6"
"18A.54","2018","Self-reported benefits of living in social housing - Public housing","All ages","All people","All households","All areas","All households","Public housing","","Public housing","Self-reported benefit","","Wellbeing","Enjoy better health","","","AIHW (unpublished) National Social Housing Survey","%","79.2","82.4","84.4","80.5","83.8","82.2","82.1","86.7","","81.6"
"18A.54","2018","Self-reported benefits of living in social housing - Public housing","All ages","All people","All households","All areas","All households","Public housing","","Public housing","Self-reported benefit","","Wellbeing","Enjoy better health","","95%CI","AIHW (unpublished) National Social Housing Survey","%","4.2","3.5","2.6","3.9","3.7","4.0","3.8","3.3","","1.8"
"18A.54","2018","Self-reported benefits of living in social housing - Public housing","All ages","All people","All households","All areas","All households","Public housing","","Public housing","Self-reported benefit","","Wellbeing","Feel more settled","","","AIHW (unpublished) National Social Housing Survey","%","94.7","96.1","96.5","92.7","95.3","94.9","94.9","96.6","","95.2"
"18A.54","2018","Self-reported benefits of living in social housing - Public housing","All ages","All people","All households","All areas","All households","Public housing","","Public housing","Self-reported benefit","","Wellbeing","Feel more settled","","95%CI","AIHW (unpublished) National Social Housing Survey","%","2.1","1.6","1.2","2.2","1.9","2.0","2.0","1.7","","0.9"
"18A.54","2018","Self-reported benefits of living in social housing - Public housing","All ages","All people","All households","All areas","All households","Public housing","","Public housing","Self-reported benefit","","Wellbeing","Feel more able to cope with life events","","","AIHW (unpublished) National Social Housing Survey","%","86.0","89.9","89.7","88.4","90.6","86.4","89.4","89.8","","88.3"
"18A.54","2018","Self-reported benefits of living in social housing - Public housing","All ages","All people","All households","All areas","All households","Public housing","","Public housing","Self-reported benefit","","Wellbeing","Feel more able to cope with life events","","95%CI","AIHW (unpublished) National Social Housing Survey","%","3.5","2.7","2.1","3.0","2.9","3.4","3.0","2.9","","1.4"
"18A.54","2018","Self-reported benefits of living in social housing - Public housing","All ages","All people","All households","All areas","All households","Public housing","","Public housing","Self-reported benefit","","Social connection","Feel part of the local community","","","AIHW (unpublished) National Social Housing Survey","%","80.1","79.6","85.1","80.5","81.6","82.4","78.6","84.0","","81.1"
"18A.54","2018","Self-reported benefits of living in social housing - Public housing","All ages","All people","All households","All areas","All households","Public housing","","Public housing","Self-reported benefit","","Social connection","Feel part of the local community","","95%CI","AIHW (unpublished) National Social Housing Survey","%","4.1","3.7","2.5","3.8","3.9","3.9","4.1","3.6","","1.8"
"18A.54","2018","Self-reported benefits of living in social housing - Public housing","All ages","All people","All households","All areas","All households","Public housing","","Public housing","Self-reported benefit","","Social connection","Able to continue living in this area","","","AIHW (unpublished) National Social Housing Survey","%","89.4","90.3","92.3","90.9","91.3","91.7","92.2","90.3","","90.5"
"18A.54","2018","Self-reported benefits of living in social housing - Public housing","All ages","All people","All households","All areas","All households","Public housing","","Public housing","Self-reported benefit","","Social connection","Able to continue living in this area","","95%CI","AIHW (unpublished) National Social Housing Survey","%","2.9","2.5","1.8","2.5","2.6","2.7","2.5","2.8","","1.2"
"18A.54","2018","Self-reported benefits of living in social housing - Public housing","All ages","All people","All households","All areas","All households","Public housing","","Public housing","Self-reported benefit","","Economic participation","Able to manage rent/money better","","","AIHW (unpublished) National Social Housing Survey","%","93.0","95.5","95.9","95.1","95.6","94.6","94.1","95.3","","94.6"
"18A.54","2018","Self-reported benefits of living in social housing - Public housing","All ages","All people","All households","All areas","All households","Public housing","","Public housing","Self-reported benefit","","Economic participation","Able to manage rent/money better","","95%CI","AIHW (unpublished) National Social Housing Survey","%","2.4","1.7","1.3","1.8","1.9","2.2","2.2","1.9","","1.0"
"18A.54","2018","Self-reported benefits of living in social housing - Public housing","All ages","All people","All households","All areas","All households","Public housing","","Public housing","Self-reported benefit","","Economic participation","Feel more able to improve job situation","","","AIHW (unpublished) National Social Housing Survey","%","62.7","69.1","71.8","62.3","66.9","62.1","69.0","70.4","","66.3"
"18A.54","2018","Self-reported benefits of living in social housing - Public housing","All ages","All people","All households","All areas","All households","Public housing","","Public housing","Self-reported benefit","","Economic participation","Feel more able to improve job situation","","95%CI","AIHW (unpublished) National Social Housing Survey","%","7.7","6.1","5.0","6.9","7.2","7.4","6.4","6.5","","3.2"
"18A.54","2018","Self-reported benefits of living in social housing - Public housing","All ages","All people","All households","All areas","All households","Public housing","","Public housing","Self-reported benefit","","Economic participation","Feel more able to start or continue education/training","","","AIHW (unpublished) National Social Housing Survey","%","64.0","72.1","74.5","67.4","72.0","69.3","74.0","76.4","","69.5"
"18A.54","2018","Self-reported benefits of living in social housing - Public housing","All ages","All people","All households","All areas","All households","Public housing","","Public housing","Self-reported benefit","","Economic participation","Feel more able to start or continue education/training","","95%CI","AIHW (unpublished) National Social Housing Survey","%","7.9","5.8","5.0","6.7","7.0","7.9","6.1","6.2","","3.2"
"18A.54","2018","Self-reported benefits of living in social housing - Public housing","All ages","All people","All households","All areas","All households","Public housing","","Public housing","Self-reported benefit","","Economic participation","Have better access to services","","","AIHW (unpublished) National Social Housing Survey","%","86.4","88.3","89.3","85.9","86.4","87.2","86.4","88.8","","87.3"
"18A.54","2018","Self-reported benefits of living in social housing - Public housing","All ages","All people","All households","All areas","All households","Public housing","","Public housing","Self-reported benefit","","Economic participation","Have better access to services","","95%CI","AIHW (unpublished) National Social Housing Survey","%","3.4","2.9","2.2","3.4","3.4","3.4","3.4","3.2","","1.5"
"18A.54","2018","Self-reported benefits of living in social housing - Public housing","All ages","All people","All households","All areas","All households","Public housing","","Public housing","Self-reported benefit","","Economic participation","Have better access to public transport","","","AIHW (unpublished) National Social Housing Survey","%","84.6","87.3","87.9","87.7","89.2","84.3","87.8","87.9","","86.6"
"18A.54","2018","Self-reported benefits of living in social housing - Public housing","All ages","All people","All households","All areas","All households","Public housing","","Public housing","Self-reported benefit","","Economic participation","Have better access to public transport","","95%CI","AIHW (unpublished) National Social Housing Survey","%","3.7","3.0","2.4","3.2","3.1","3.9","3.3","3.3","","1.6"
"18A.55","2025","Self-reported benefits of living in social housing - SOMIH","All ages","All people","All households","All areas","Households with a member with disability","State owned and managed Indigenous housing","","State owned and managed Indigenous housing","Benefit type; derived from self-reported benefits data","","Wellbeing","","","","AIHW (unpublished) National Social Housing Survey","%","84.5","..","98.1","..","89.7","100.0","..","na","","88.7"
"18A.55","2025","Self-reported benefits of living in social housing - SOMIH","All ages","All people","All households","All areas","Households with a member with disability","State owned and managed Indigenous housing","","State owned and managed Indigenous housing","Benefit type; derived from self-reported benefits data","","Wellbeing","","","95%CI","AIHW (unpublished) National Social Housing Survey","%","10.5","..","2.8","..","11.4","..","..","na","","7.2"
"18A.55","2025","Self-reported benefits of living in social housing - SOMIH","All ages","All people","All households","All areas","Households with a member with disability","State owned and managed Indigenous housing","","State owned and managed Indigenous housing","Benefit type; derived from self-reported benefits data","","Social connection","","","","AIHW (unpublished) National Social Housing Survey","%","84.7","..","96.3","..","84.2","100.0","..","na","","87.8"
"18A.55","2025","Self-reported benefits of living in social housing - SOMIH","All ages","All people","All households","All areas","Households with a member with disability","State owned and managed Indigenous housing","","State owned and managed Indigenous housing","Benefit type; derived from self-reported benefits data","","Social connection","","","95%CI","AIHW (unpublished) National Social Housing Survey","%","10.7","..","4.0","..","13.3","..","..","na","","7.2"
"18A.55","2025","Self-reported benefits of living in social housing - SOMIH","All ages","All people","All households","All areas","Households with a member with disability","State owned and managed Indigenous housing","","State owned and managed Indigenous housing","Benefit type; derived from self-reported benefits data","","Economic participation","","","","AIHW (unpublished) National Social Housing Survey","%","90.6","..","99.0","..","89.7","np","..","na","","92.8"
"18A.55","2025","Self-reported benefits of living in social housing - SOMIH","All ages","All people","All households","All areas","Households with a member with disability","State owned and managed Indigenous housing","","State owned and managed Indigenous housing","Benefit type; derived from self-reported benefits data","","Economic participation","","","95%CI","AIHW (unpublished) National Social Housing Survey","%","9.3","..","2.0","..","11.4","np","..","na","","6.1"
"18A.55","2025","Self-reported benefits of living in social housing - SOMIH","All ages","All people","All households","All areas","Households with a member with disability","State owned and managed Indigenous housing","","State owned and managed Indigenous housing","Benefit type; derived from self-reported benefits data","","Wellbeing and Economic participation","","","","AIHW (unpublished) National Social Housing Survey","%","82.0","..","97.1","..","75.0","np","..","na","","85.2"
"18A.55","2025","Self-reported benefits of living in social housing - SOMIH","All ages","All people","All households","All areas","Households with a member with disability","State owned and managed Indigenous housing","","State owned and managed Indigenous housing","Benefit type; derived from self-reported benefits data","","Wellbeing and Economic participation","","","95%CI","AIHW (unpublished) National Social Housing Survey","%","11.5","..","3.5","..","15.2","np","..","na","","7.8"
"18A.55","2025","Self-reported benefits of living in social housing - SOMIH","All ages","All people","All households","All areas","Households with a member with disability","State owned and managed Indigenous housing","","State owned and managed Indigenous housing","Benefit type; derived from self-reported benefits data","","Social and Economic participation","","","","AIHW (unpublished) National Social Housing Survey","%","81.0","..","96.3","..","70.0","np","..","na","","83.8"
"18A.55","2025","Self-reported benefits of living in social housing - SOMIH","All ages","All people","All households","All areas","Households with a member with disability","State owned and managed Indigenous housing","","State owned and managed Indigenous housing","Benefit type; derived from self-reported benefits data","","Social and Economic participation","","","95%CI","AIHW (unpublished) National Social Housing Survey","%","13.7","..","4.0","..","15.9","np","..","na","","9.0"
"18A.55","2025","Self-reported benefits of living in social housing - SOMIH","All ages","All people","All households","All areas","Households with a member with disability","State owned and managed Indigenous housing","","State owned and managed Indigenous housing","Benefit type; derived from self-reported benefits data","","Wellbeing and Social connection","","","","AIHW (unpublished) National Social Housing Survey","%","80.6","..","94.4","..","80.0","np","..","na","","84.2"
"18A.55","2025","Self-reported benefits of living in social housing - SOMIH","All ages","All people","All households","All areas","Households with a member with disability","State owned and managed Indigenous housing","","State owned and managed Indigenous housing","Benefit type; derived from self-reported benefits data","","Wellbeing and Social connection","","","95%CI","AIHW (unpublished) National Social Housing Survey","%","11.4","..","4.6","..","13.8","np","..","na","","7.7"
"18A.55","2025","Self-reported benefits of living in social housing - SOMIH","All ages","All people","All households","All areas","All households","State owned and managed Indigenous housing","","State owned and managed Indigenous housing","Benefit type; derived from self-reported benefits data","","Wellbeing","","","","AIHW (unpublished) National Social Housing Survey","%","94.7","..","98.7","..","93.2","np","..","na","","95.9"
"18A.55","2025","Self-reported benefits of living in social housing - SOMIH","All ages","All people","All households","All areas","All households","State owned and managed Indigenous housing","","State owned and managed Indigenous housing","Benefit type; derived from self-reported benefits data","","Wellbeing","","","95%CI","AIHW (unpublished) National Social Housing Survey","%","3.2","..","1.0","..","4.0","np","..","na","","1.9"
"18A.55","2025","Self-reported benefits of living in social housing - SOMIH","All ages","All people","All households","All areas","All households","State owned and managed Indigenous housing","","State owned and managed Indigenous housing","Benefit type; derived from self-reported benefits data","","Social connection","","","","AIHW (unpublished) National Social Housing Survey","%","92.2","..","98.2","..","90.9","np","..","na","","94.1"
"18A.55","2025","Self-reported benefits of living in social housing - SOMIH","All ages","All people","All households","All areas","All households","State owned and managed Indigenous housing","","State owned and managed Indigenous housing","Benefit type; derived from self-reported benefits data","","Social connection","","","95%CI","AIHW (unpublished) National Social Housing Survey","%","3.5","..","1.0","..","4.5","np","..","na","","2.0"
"18A.55","2025","Self-reported benefits of living in social housing - SOMIH","All ages","All people","All households","All areas","All households","State owned and managed Indigenous housing","","State owned and managed Indigenous housing","Benefit type; derived from self-reported benefits data","","Economic participation","","","","AIHW (unpublished) National Social Housing Survey","%","96.2","..","98.8","..","95.1","97.9","..","na","","97.0"
"18A.55","2025","Self-reported benefits of living in social housing - SOMIH","All ages","All people","All households","All areas","All households","State owned and managed Indigenous housing","","State owned and managed Indigenous housing","Benefit type; derived from self-reported benefits data","","Economic participation","","","95%CI","AIHW (unpublished) National Social Housing Survey","%","3.2","..","0.9","..","3.5","4.2","..","na","","1.8"
"18A.55","2025","Self-reported benefits of living in social housing - SOMIH","All ages","All people","All households","All areas","All households","State owned and managed Indigenous housing","","State owned and managed Indigenous housing","Benefit type; derived from self-reported benefits data","","Wellbeing and Economic participation","","","","AIHW (unpublished) National Social Housing Survey","%","93.1","..","98.1","..","85.6","95.8","..","na","","93.8"
"18A.55","2025","Self-reported benefits of living in social housing - SOMIH","All ages","All people","All households","All areas","All households","State owned and managed Indigenous housing","","State owned and managed Indigenous housing","Benefit type; derived from self-reported benefits data","","Wellbeing and Economic participation","","","95%CI","AIHW (unpublished) National Social Housing Survey","%","4.0","..","1.2","..","5.4","6.2","..","na","","2.3"
"18A.55","2025","Self-reported benefits of living in social housing - SOMIH","All ages","All people","All households","All areas","All households","State owned and managed Indigenous housing","","State owned and managed Indigenous housing","Benefit type; derived from self-reported benefits data","","Social and Economic participation","","","","AIHW (unpublished) National Social Housing Survey","%","90.0","..","97.9","..","82.4","93.8","..","na","","91.7"
"18A.55","2025","Self-reported benefits of living in social housing - SOMIH","All ages","All people","All households","All areas","All households","State owned and managed Indigenous housing","","State owned and managed Indigenous housing","Benefit type; derived from self-reported benefits data","","Social and Economic participation","","","95%CI","AIHW (unpublished) National Social Housing Survey","%","4.0","..","1.1","..","5.7","5.9","..","na","","2.4"
"18A.55","2025","Self-reported benefits of living in social housing - SOMIH","All ages","All people","All households","All areas","All households","State owned and managed Indigenous housing","","State owned and managed Indigenous housing","Benefit type; derived from self-reported benefits data","","Wellbeing and Social connection","","","","AIHW (unpublished) National Social Housing Survey","%","90.0","..","97.6","..","82.1","97.9","..","na","","91.6"
"18A.55","2025","Self-reported benefits of living in social housing - SOMIH","All ages","All people","All households","All areas","All households","State owned and managed Indigenous housing","","State owned and managed Indigenous housing","Benefit type; derived from self-reported benefits data","","Wellbeing and Social connection","","","95%CI","AIHW (unpublished) National Social Housing Survey","%","3.6","..","1.2","..","5.9","3.1","..","na","","2.2"
"18A.55","2025","Self-reported benefits of living in social housing - SOMIH","All ages","All people","All households","All areas","All households","State owned and managed Indigenous housing","","State owned and managed Indigenous housing","Self-reported benefit","","Wellbeing","Enjoy better health","","","AIHW (unpublished) National Social Housing Survey","%","80.8","..","95.2","..","80.8","95.2","..","na","","85.7"
"18A.55","2025","Self-reported benefits of living in social housing - SOMIH","All ages","All people","All households","All areas","All households","State owned and managed Indigenous housing","","State owned and managed Indigenous housing","Self-reported benefit","","Wellbeing","Enjoy better health","","95%CI","AIHW (unpublished) National Social Housing Survey","%","4.3","..","2.0","..","6.4","6.9","..","na","","3.0"
"18A.55","2025","Self-reported benefits of living in social housing - SOMIH","All ages","All people","All households","All areas","All households","State owned and managed Indigenous housing","","State owned and managed Indigenous housing","Self-reported benefit","","Wellbeing","Feel more settled","","","AIHW (unpublished) National Social Housing Survey","%","89.2","..","97.4","..","91.3","100.0","..","na","","92.2"
"18A.55","2025","Self-reported benefits of living in social housing - SOMIH","All ages","All people","All households","All areas","All households","State owned and managed Indigenous housing","","State owned and managed Indigenous housing","Self-reported benefit","","Wellbeing","Feel more settled","","95%CI","AIHW (unpublished) National Social Housing Survey","%","3.1","..","1.5","..","4.5","..","..","na","","1.9"
"18A.55","2025","Self-reported benefits of living in social housing - SOMIH","All ages","All people","All households","All areas","All households","State owned and managed Indigenous housing","","State owned and managed Indigenous housing","Self-reported benefit","","Wellbeing","Feel more able to cope with life events","","","AIHW (unpublished) National Social Housing Survey","%","88.5","..","95.8","..","89.9","97.7","..","na","","91.1"
"18A.55","2025","Self-reported benefits of living in social housing - SOMIH","All ages","All people","All households","All areas","All households","State owned and managed Indigenous housing","","State owned and managed Indigenous housing","Self-reported benefit","","Wellbeing","Feel more able to cope with life events","","95%CI","AIHW (unpublished) National Social Housing Survey","%","3.9","..","2.2","..","5.0","4.6","..","na","","2.5"
"18A.55","2025","Self-reported benefits of living in social housing - SOMIH","All ages","All people","All households","All areas","All households","State owned and managed Indigenous housing","","State owned and managed Indigenous housing","Self-reported benefit","","Social connection","Feel part of the local community","","","AIHW (unpublished) National Social Housing Survey","%","82.7","..","94.4","..","86.0","90.0","..","na","","86.9"
"18A.55","2025","Self-reported benefits of living in social housing - SOMIH","All ages","All people","All households","All areas","All households","State owned and managed Indigenous housing","","State owned and managed Indigenous housing","Self-reported benefit","","Social connection","Feel part of the local community","","95%CI","AIHW (unpublished) National Social Housing Survey","%","3.9","..","2.6","..","6.1","10.2","..","na","","2.7"
"18A.55","2025","Self-reported benefits of living in social housing - SOMIH","All ages","All people","All households","All areas","All households","State owned and managed Indigenous housing","","State owned and managed Indigenous housing","Self-reported benefit","","Social connection","Able to continue living in this area","","","AIHW (unpublished) National Social Housing Survey","%","85.5","..","96.2","..","89.6","93.3","..","na","","89.5"
"18A.55","2025","Self-reported benefits of living in social housing - SOMIH","All ages","All people","All households","All areas","All households","State owned and managed Indigenous housing","","State owned and managed Indigenous housing","Self-reported benefit","","Social connection","Able to continue living in this area","","95%CI","AIHW (unpublished) National Social Housing Survey","%","4.6","..","1.4","..","4.7","6.3","..","na","","2.6"
"18A.55","2025","Self-reported benefits of living in social housing - SOMIH","All ages","All people","All households","All areas","All households","State owned and managed Indigenous housing","","State owned and managed Indigenous housing","Self-reported benefit","","Economic participation","Able to manage rent/money better","","","AIHW (unpublished) National Social Housing Survey","%","89.0","..","97.1","..","90.2","93.6","..","na","","91.8"
"18A.55","2025","Self-reported benefits of living in social housing - SOMIH","All ages","All people","All households","All areas","All households","State owned and managed Indigenous housing","","State owned and managed Indigenous housing","Self-reported benefit","","Economic participation","Able to manage rent/money better","","95%CI","AIHW (unpublished) National Social Housing Survey","%","3.5","..","1.5","..","4.9","7.8","..","na","","2.2"
"18A.55","2025","Self-reported benefits of living in social housing - SOMIH","All ages","All people","All households","All areas","All households","State owned and managed Indigenous housing","","State owned and managed Indigenous housing","Self-reported benefit","","Economic participation","Feel more able to improve job situation","","","AIHW (unpublished) National Social Housing Survey","%","80.0","..","93.4","..","80.8","86.7","..","na","","86.0"
"18A.55","2025","Self-reported benefits of living in social housing - SOMIH","All ages","All people","All households","All areas","All households","State owned and managed Indigenous housing","","State owned and managed Indigenous housing","Self-reported benefit","","Economic participation","Feel more able to improve job situation","","95%CI","AIHW (unpublished) National Social Housing Survey","%","5.6","..","2.3","..","8.4","14.9","..","na","","3.1"
"18A.55","2025","Self-reported benefits of living in social housing - SOMIH","All ages","All people","All households","All areas","All households","State owned and managed Indigenous housing","","State owned and managed Indigenous housing","Self-reported benefit","","Economic participation","Feel more able to start or continue education/training","","","AIHW (unpublished) National Social Housing Survey","%","85.1","..","94.4","..","78.1","89.3","..","na","","88.6"
"18A.55","2025","Self-reported benefits of living in social housing - SOMIH","All ages","All people","All households","All areas","All households","State owned and managed Indigenous housing","","State owned and managed Indigenous housing","Self-reported benefit","","Economic participation","Feel more able to start or continue education/training","","95%CI","AIHW (unpublished) National Social Housing Survey","%","6.0","..","2.1","..","9.3","13.6","..","na","","3.0"
"18A.55","2025","Self-reported benefits of living in social housing - SOMIH","All ages","All people","All households","All areas","All households","State owned and managed Indigenous housing","","State owned and managed Indigenous housing","Self-reported benefit","","Economic participation","Have better access to services","","","AIHW (unpublished) National Social Housing Survey","%","83.2","..","95.6","..","85.0","97.7","..","na","","87.7"
"18A.55","2025","Self-reported benefits of living in social housing - SOMIH","All ages","All people","All households","All areas","All households","State owned and managed Indigenous housing","","State owned and managed Indigenous housing","Self-reported benefit","","Economic participation","Have better access to services","","95%CI","AIHW (unpublished) National Social Housing Survey","%","4.7","..","2.4","..","5.9","4.6","..","na","","3.1"
"18A.55","2025","Self-reported benefits of living in social housing - SOMIH","All ages","All people","All households","All areas","All households","State owned and managed Indigenous housing","","State owned and managed Indigenous housing","Self-reported benefit","","Economic participation","Have better access to public transport","","","AIHW (unpublished) National Social Housing Survey","%","83.2","..","92.5","..","87.9","87.5","..","na","","87.0"
"18A.55","2025","Self-reported benefits of living in social housing - SOMIH","All ages","All people","All households","All areas","All households","State owned and managed Indigenous housing","","State owned and managed Indigenous housing","Self-reported benefit","","Economic participation","Have better access to public transport","","95%CI","AIHW (unpublished) National Social Housing Survey","%","5.1","..","2.6","..","5.7","10.0","..","na","","3.0"
"18A.55","2023","Self-reported benefits of living in social housing - SOMIH","All ages","All people","All households","All areas","Households with a member with disability","State owned and managed Indigenous housing","","State owned and managed Indigenous housing","Benefit type; derived from self-reported benefits data","","Wellbeing","","","","AIHW (unpublished) National Social Housing Survey","%","89.8","..","95.8","..","98.0","np","..","na","","94.2"
"18A.55","2023","Self-reported benefits of living in social housing - SOMIH","All ages","All people","All households","All areas","Households with a member with disability","State owned and managed Indigenous housing","","State owned and managed Indigenous housing","Benefit type; derived from self-reported benefits data","","Wellbeing","","","95%CI","AIHW (unpublished) National Social Housing Survey","%","12.4","..","5.0","..","4.0","np","..","na","","5.1"
"18A.55","2023","Self-reported benefits of living in social housing - SOMIH","All ages","All people","All households","All areas","Households with a member with disability","State owned and managed Indigenous housing","","State owned and managed Indigenous housing","Benefit type; derived from self-reported benefits data","","Social connection","","","","AIHW (unpublished) National Social Housing Survey","%","90.0","..","93.9","..","96.1","np","..","na","","93.1"
"18A.55","2023","Self-reported benefits of living in social housing - SOMIH","All ages","All people","All households","All areas","Households with a member with disability","State owned and managed Indigenous housing","","State owned and managed Indigenous housing","Benefit type; derived from self-reported benefits data","","Social connection","","","95%CI","AIHW (unpublished) National Social Housing Survey","%","7.9","..","6.3","..","5.4","np","..","na","","4.0"
"18A.55","2023","Self-reported benefits of living in social housing - SOMIH","All ages","All people","All households","All areas","Households with a member with disability","State owned and managed Indigenous housing","","State owned and managed Indigenous housing","Benefit type; derived from self-reported benefits data","","Economic participation","","","","AIHW (unpublished) National Social Housing Survey","%","99.2","..","98.6","..","94.3","np","..","na","","97.9"
"18A.55","2023","Self-reported benefits of living in social housing - SOMIH","All ages","All people","All households","All areas","Households with a member with disability","State owned and managed Indigenous housing","","State owned and managed Indigenous housing","Benefit type; derived from self-reported benefits data","","Economic participation","","","95%CI","AIHW (unpublished) National Social Housing Survey","%","1.4","..","2.7","..","6.3","np","..","na","","1.9"
"18A.55","2023","Self-reported benefits of living in social housing - SOMIH","All ages","All people","All households","All areas","Households with a member with disability","State owned and managed Indigenous housing","","State owned and managed Indigenous housing","Benefit type; derived from self-reported benefits data","","Wellbeing and Economic participation","","","","AIHW (unpublished) National Social Housing Survey","%","89.0","..","95.8","..","78.6","np","..","na","","89.6"
"18A.55","2023","Self-reported benefits of living in social housing - SOMIH","All ages","All people","All households","All areas","Households with a member with disability","State owned and managed Indigenous housing","","State owned and managed Indigenous housing","Benefit type; derived from self-reported benefits data","","Wellbeing and Economic participation","","","95%CI","AIHW (unpublished) National Social Housing Survey","%","12.3","..","5.0","..","12.3","np","..","na","","5.7"
"18A.55","2023","Self-reported benefits of living in social housing - SOMIH","All ages","All people","All households","All areas","Households with a member with disability","State owned and managed Indigenous housing","","State owned and managed Indigenous housing","Benefit type; derived from self-reported benefits data","","Social and Economic participation","","","","AIHW (unpublished) National Social Housing Survey","%","89.2","..","93.9","..","85.4","np","..","na","","90.5"
"18A.55","2023","Self-reported benefits of living in social housing - SOMIH","All ages","All people","All households","All areas","Households with a member with disability","State owned and managed Indigenous housing","","State owned and managed Indigenous housing","Benefit type; derived from self-reported benefits data","","Social and Economic participation","","","95%CI","AIHW (unpublished) National Social Housing Survey","%","7.8","..","6.3","..","10.4","np","..","na","","4.6"
"18A.55","2023","Self-reported benefits of living in social housing - SOMIH","All ages","All people","All households","All areas","Households with a member with disability","State owned and managed Indigenous housing","","State owned and managed Indigenous housing","Benefit type; derived from self-reported benefits data","","Wellbeing and Social connection","","","","AIHW (unpublished) National Social Housing Survey","%","85.1","..","93.2","..","86.7","np","..","na","","89.1"
"18A.55","2023","Self-reported benefits of living in social housing - SOMIH","All ages","All people","All households","All areas","Households with a member with disability","State owned and managed Indigenous housing","","State owned and managed Indigenous housing","Benefit type; derived from self-reported benefits data","","Wellbeing and Social connection","","","95%CI","AIHW (unpublished) National Social Housing Survey","%","12.6","..","6.4","..","10.3","np","..","na","","5.8"
"18A.55","2023","Self-reported benefits of living in social housing - SOMIH","All ages","All people","All households","All areas","All households","State owned and managed Indigenous housing","","State owned and managed Indigenous housing","Benefit type; derived from self-reported benefits data","","Wellbeing","","","","AIHW (unpublished) National Social Housing Survey","%","95.8","..","98.1","..","98.7","95.6","..","na","","97.2"
"18A.55","2023","Self-reported benefits of living in social housing - SOMIH","All ages","All people","All households","All areas","All households","State owned and managed Indigenous housing","","State owned and managed Indigenous housing","Benefit type; derived from self-reported benefits data","","Wellbeing","","","95%CI","AIHW (unpublished) National Social Housing Survey","%","2.6","..","1.2","..","1.4","8.5","..","na","","1.2"
"18A.55","2023","Self-reported benefits of living in social housing - SOMIH","All ages","All people","All households","All areas","All households","State owned and managed Indigenous housing","","State owned and managed Indigenous housing","Benefit type; derived from self-reported benefits data","","Social connection","","","","AIHW (unpublished) National Social Housing Survey","%","95.4","..","98.3","..","96.3","91.3","..","na","","96.7"
"18A.55","2023","Self-reported benefits of living in social housing - SOMIH","All ages","All people","All households","All areas","All households","State owned and managed Indigenous housing","","State owned and managed Indigenous housing","Benefit type; derived from self-reported benefits data","","Social connection","","","95%CI","AIHW (unpublished) National Social Housing Survey","%","2.2","..","1.1","..","2.6","11.7","..","na","","1.2"
"18A.55","2023","Self-reported benefits of living in social housing - SOMIH","All ages","All people","All households","All areas","All households","State owned and managed Indigenous housing","","State owned and managed Indigenous housing","Benefit type; derived from self-reported benefits data","","Economic participation","","","","AIHW (unpublished) National Social Housing Survey","%","98.4","..","99.6","..","97.6","np","..","na","","98.8"
"18A.55","2023","Self-reported benefits of living in social housing - SOMIH","All ages","All people","All households","All areas","All households","State owned and managed Indigenous housing","","State owned and managed Indigenous housing","Benefit type; derived from self-reported benefits data","","Economic participation","","","95%CI","AIHW (unpublished) National Social Housing Survey","%","1.3","..","0.6","..","2.2","np","..","na","","0.7"
"18A.55","2023","Self-reported benefits of living in social housing - SOMIH","All ages","All people","All households","All areas","All households","State owned and managed Indigenous housing","","State owned and managed Indigenous housing","Benefit type; derived from self-reported benefits data","","Wellbeing and Economic participation","","","","AIHW (unpublished) National Social Housing Survey","%","94.6","..","97.7","..","89.8","91.6","..","na","","95.0"
"18A.55","2023","Self-reported benefits of living in social housing - SOMIH","All ages","All people","All households","All areas","All households","State owned and managed Indigenous housing","","State owned and managed Indigenous housing","Benefit type; derived from self-reported benefits data","","Wellbeing and Economic participation","","","95%CI","AIHW (unpublished) National Social Housing Survey","%","2.9","..","1.3","..","4.2","11.2","..","na","","1.5"
"18A.55","2023","Self-reported benefits of living in social housing - SOMIH","All ages","All people","All households","All areas","All households","State owned and managed Indigenous housing","","State owned and managed Indigenous housing","Benefit type; derived from self-reported benefits data","","Social and Economic participation","","","","AIHW (unpublished) National Social Housing Survey","%","94.3","..","98.3","..","92.0","87.5","..","na","","95.5"
"18A.55","2023","Self-reported benefits of living in social housing - SOMIH","All ages","All people","All households","All areas","All households","State owned and managed Indigenous housing","","State owned and managed Indigenous housing","Benefit type; derived from self-reported benefits data","","Social and Economic participation","","","95%CI","AIHW (unpublished) National Social Housing Survey","%","2.5","..","1.1","..","3.8","13.4","..","na","","1.4"
"18A.55","2023","Self-reported benefits of living in social housing - SOMIH","All ages","All people","All households","All areas","All households","State owned and managed Indigenous housing","","State owned and managed Indigenous housing","Benefit type; derived from self-reported benefits data","","Wellbeing and Social connection","","","","AIHW (unpublished) National Social Housing Survey","%","93.2","..","96.8","..","90.5","91.3","..","na","","94.2"
"18A.55","2023","Self-reported benefits of living in social housing - SOMIH","All ages","All people","All households","All areas","All households","State owned and managed Indigenous housing","","State owned and managed Indigenous housing","Benefit type; derived from self-reported benefits data","","Wellbeing and Social connection","","","95%CI","AIHW (unpublished) National Social Housing Survey","%","2.7","..","1.5","..","4.1","11.7","..","na","","1.5"
"18A.55","2023","Self-reported benefits of living in social housing - SOMIH","All ages","All people","All households","All areas","All households","State owned and managed Indigenous housing","","State owned and managed Indigenous housing","Self-reported benefit","","Wellbeing","Enjoy better health","","","AIHW (unpublished) National Social Housing Survey","%","83.9","..","95.3","..","91.2","80.6","..","na","","89.6"
"18A.55","2023","Self-reported benefits of living in social housing - SOMIH","All ages","All people","All households","All areas","All households","State owned and managed Indigenous housing","","State owned and managed Indigenous housing","Self-reported benefit","","Wellbeing","Enjoy better health","","95%CI","AIHW (unpublished) National Social Housing Survey","%","5.6","..","1.9","..","4.1","17.3","..","na","","2.7"
"18A.55","2023","Self-reported benefits of living in social housing - SOMIH","All ages","All people","All households","All areas","All households","State owned and managed Indigenous housing","","State owned and managed Indigenous housing","Self-reported benefit","","Wellbeing","Feel more settled","","","AIHW (unpublished) National Social Housing Survey","%","91.9","..","97.2","..","96.1","95.6","..","na","","94.8"
"18A.55","2023","Self-reported benefits of living in social housing - SOMIH","All ages","All people","All households","All areas","All households","State owned and managed Indigenous housing","","State owned and managed Indigenous housing","Self-reported benefit","","Wellbeing","Feel more settled","","95%CI","AIHW (unpublished) National Social Housing Survey","%","3.8","..","1.5","..","3.0","8.5","..","na","","1.9"
"18A.55","2023","Self-reported benefits of living in social housing - SOMIH","All ages","All people","All households","All areas","All households","State owned and managed Indigenous housing","","State owned and managed Indigenous housing","Self-reported benefit","","Wellbeing","Feel more able to cope with life events","","","AIHW (unpublished) National Social Housing Survey","%","89.6","..","96.8","..","94.2","89.8","..","na","","93.3"
"18A.55","2023","Self-reported benefits of living in social housing - SOMIH","All ages","All people","All households","All areas","All households","State owned and managed Indigenous housing","","State owned and managed Indigenous housing","Self-reported benefit","","Wellbeing","Feel more able to cope with life events","","95%CI","AIHW (unpublished) National Social Housing Survey","%","4.1","..","1.5","..","3.3","13.6","..","na","","2.0"
"18A.55","2023","Self-reported benefits of living in social housing - SOMIH","All ages","All people","All households","All areas","All households","State owned and managed Indigenous housing","","State owned and managed Indigenous housing","Self-reported benefit","","Social connection","Feel part of the local community","","","AIHW (unpublished) National Social Housing Survey","%","87.8","..","94.8","..","93.0","83.9","..","na","","91.4"
"18A.55","2023","Self-reported benefits of living in social housing - SOMIH","All ages","All people","All households","All areas","All households","State owned and managed Indigenous housing","","State owned and managed Indigenous housing","Self-reported benefit","","Social connection","Feel part of the local community","","95%CI","AIHW (unpublished) National Social Housing Survey","%","5.1","..","2.0","..","3.6","17.0","..","na","","2.5"
"18A.55","2023","Self-reported benefits of living in social housing - SOMIH","All ages","All people","All households","All areas","All households","State owned and managed Indigenous housing","","State owned and managed Indigenous housing","Self-reported benefit","","Social connection","Able to continue living in this area","","","AIHW (unpublished) National Social Housing Survey","%","90.0","..","96.6","..","92.4","86.9","..","na","","93.0"
"18A.55","2023","Self-reported benefits of living in social housing - SOMIH","All ages","All people","All households","All areas","All households","State owned and managed Indigenous housing","","State owned and managed Indigenous housing","Self-reported benefit","","Social connection","Able to continue living in this area","","95%CI","AIHW (unpublished) National Social Housing Survey","%","3.5","..","1.4","..","3.7","13.9","..","na","","1.8"
"18A.55","2023","Self-reported benefits of living in social housing - SOMIH","All ages","All people","All households","All areas","All households","State owned and managed Indigenous housing","","State owned and managed Indigenous housing","Self-reported benefit","","Economic participation","Able to manage rent/money better","","","AIHW (unpublished) National Social Housing Survey","%","91.0","..","98.3","..","95.1","87.5","..","na","","94.5"
"18A.55","2023","Self-reported benefits of living in social housing - SOMIH","All ages","All people","All households","All areas","All households","State owned and managed Indigenous housing","","State owned and managed Indigenous housing","Self-reported benefit","","Economic participation","Able to manage rent/money better","","95%CI","AIHW (unpublished) National Social Housing Survey","%","3.3","..","1.2","..","2.8","13.4","..","na","","1.6"
"18A.55","2023","Self-reported benefits of living in social housing - SOMIH","All ages","All people","All households","All areas","All households","State owned and managed Indigenous housing","","State owned and managed Indigenous housing","Self-reported benefit","","Economic participation","Feel more able to improve job situation","","","AIHW (unpublished) National Social Housing Survey","%","81.6","..","93.5","..","76.7","82.3","..","na","","85.1"
"18A.55","2023","Self-reported benefits of living in social housing - SOMIH","All ages","All people","All households","All areas","All households","State owned and managed Indigenous housing","","State owned and managed Indigenous housing","Self-reported benefit","","Economic participation","Feel more able to improve job situation","","95%CI","AIHW (unpublished) National Social Housing Survey","%","6.6","..","3.6","..","8.9","22.8","..","na","","3.9"
"18A.55","2023","Self-reported benefits of living in social housing - SOMIH","All ages","All people","All households","All areas","All households","State owned and managed Indigenous housing","","State owned and managed Indigenous housing","Self-reported benefit","","Economic participation","Feel more able to start or continue education/training","","","AIHW (unpublished) National Social Housing Survey","%","86.4","..","93.7","..","74.3","np","..","na","","87.3"
"18A.55","2023","Self-reported benefits of living in social housing - SOMIH","All ages","All people","All households","All areas","All households","State owned and managed Indigenous housing","","State owned and managed Indigenous housing","Self-reported benefit","","Economic participation","Feel more able to start or continue education/training","","95%CI","AIHW (unpublished) National Social Housing Survey","%","5.8","..","3.5","..","9.5","np","..","na","","3.5"
"18A.55","2023","Self-reported benefits of living in social housing - SOMIH","All ages","All people","All households","All areas","All households","State owned and managed Indigenous housing","","State owned and managed Indigenous housing","Self-reported benefit","","Economic participation","Have better access to services","","","AIHW (unpublished) National Social Housing Survey","%","86.3","..","95.7","..","89.4","np","..","na","","90.8"
"18A.55","2023","Self-reported benefits of living in social housing - SOMIH","All ages","All people","All households","All areas","All households","State owned and managed Indigenous housing","","State owned and managed Indigenous housing","Self-reported benefit","","Economic participation","Have better access to services","","95%CI","AIHW (unpublished) National Social Housing Survey","%","4.2","..","2.1","..","5.0","np","..","na","","2.2"
"18A.55","2023","Self-reported benefits of living in social housing - SOMIH","All ages","All people","All households","All areas","All households","State owned and managed Indigenous housing","","State owned and managed Indigenous housing","Self-reported benefit","","Economic participation","Have better access to public transport","","","AIHW (unpublished) National Social Housing Survey","%","91.7","..","79.6","..","91.2","np","..","na","","86.6"
"18A.55","2023","Self-reported benefits of living in social housing - SOMIH","All ages","All people","All households","All areas","All households","State owned and managed Indigenous housing","","State owned and managed Indigenous housing","Self-reported benefit","","Economic participation","Have better access to public transport","","95%CI","AIHW (unpublished) National Social Housing Survey","%","3.2","..","5.3","..","5.0","np","..","na","","2.6"
"18A.55","2021","Self-reported benefits of living in social housing - SOMIH","All ages","All people","All households","All areas","Households with a member with disability","State owned and managed Indigenous housing","","State owned and managed Indigenous housing","Benefit type; derived from self-reported benefits data","","Wellbeing","","","","AIHW (unpublished) National Social Housing Survey","%","96.9","..","97.8","..","100.0","100.0","..","na","","97.8"
"18A.55","2021","Self-reported benefits of living in social housing - SOMIH","All ages","All people","All households","All areas","Households with a member with disability","State owned and managed Indigenous housing","","State owned and managed Indigenous housing","Benefit type; derived from self-reported benefits data","","Wellbeing","","","95%CI","AIHW (unpublished) National Social Housing Survey","%","3.5","..","3.0","..","..","..","..","na","","2.0"
"18A.55","2021","Self-reported benefits of living in social housing - SOMIH","All ages","All people","All households","All areas","Households with a member with disability","State owned and managed Indigenous housing","","State owned and managed Indigenous housing","Benefit type; derived from self-reported benefits data","","Social connection","","","","AIHW (unpublished) National Social Housing Survey","%","89.8","..","94.6","..","91.8","88.4","..","na","","91.8"
"18A.55","2021","Self-reported benefits of living in social housing - SOMIH","All ages","All people","All households","All areas","Households with a member with disability","State owned and managed Indigenous housing","","State owned and managed Indigenous housing","Benefit type; derived from self-reported benefits data","","Social connection","","","95%CI","AIHW (unpublished) National Social Housing Survey","%","7.6","..","4.3","..","7.7","21.6","..","na","","4.1"
"18A.55","2021","Self-reported benefits of living in social housing - SOMIH","All ages","All people","All households","All areas","Households with a member with disability","State owned and managed Indigenous housing","","State owned and managed Indigenous housing","Benefit type; derived from self-reported benefits data","","Economic participation","","","","AIHW (unpublished) National Social Housing Survey","%","99.9","..","95.5","..","94.4","88.4","..","na","","97.1"
"18A.55","2021","Self-reported benefits of living in social housing - SOMIH","All ages","All people","All households","All areas","Households with a member with disability","State owned and managed Indigenous housing","","State owned and managed Indigenous housing","Benefit type; derived from self-reported benefits data","","Economic participation","","","95%CI","AIHW (unpublished) National Social Housing Survey","%","0.2","..","3.9","..","10.5","21.6","..","na","","2.4"
"18A.55","2021","Self-reported benefits of living in social housing - SOMIH","All ages","All people","All households","All areas","Households with a member with disability","State owned and managed Indigenous housing","","State owned and managed Indigenous housing","Benefit type; derived from self-reported benefits data","","Wellbeing and Economic participation","","","","AIHW (unpublished) National Social Housing Survey","%","96.8","..","88.7","..","90.5","82.6","..","na","","92.4"
"18A.55","2021","Self-reported benefits of living in social housing - SOMIH","All ages","All people","All households","All areas","Households with a member with disability","State owned and managed Indigenous housing","","State owned and managed Indigenous housing","Benefit type; derived from self-reported benefits data","","Wellbeing and Economic participation","","","95%CI","AIHW (unpublished) National Social Housing Survey","%","3.5","..","6.3","..","11.5","23.2","..","na","","3.5"
"18A.55","2021","Self-reported benefits of living in social housing - SOMIH","All ages","All people","All households","All areas","Households with a member with disability","State owned and managed Indigenous housing","","State owned and managed Indigenous housing","Benefit type; derived from self-reported benefits data","","Social and Economic participation","","","","AIHW (unpublished) National Social Housing Survey","%","89.7","..","87.3","..","82.7","88.4","..","na","","87.7"
"18A.55","2021","Self-reported benefits of living in social housing - SOMIH","All ages","All people","All households","All areas","Households with a member with disability","State owned and managed Indigenous housing","","State owned and managed Indigenous housing","Benefit type; derived from self-reported benefits data","","Social and Economic participation","","","95%CI","AIHW (unpublished) National Social Housing Survey","%","7.6","..","6.5","..","13.0","21.6","..","na","","4.7"
"18A.55","2021","Self-reported benefits of living in social housing - SOMIH","All ages","All people","All households","All areas","Households with a member with disability","State owned and managed Indigenous housing","","State owned and managed Indigenous housing","Benefit type; derived from self-reported benefits data","","Wellbeing and Social connection","","","","AIHW (unpublished) National Social Housing Survey","%","89.3","..","86.9","..","90.0","82.6","..","na","","88.3"
"18A.55","2021","Self-reported benefits of living in social housing - SOMIH","All ages","All people","All households","All areas","Households with a member with disability","State owned and managed Indigenous housing","","State owned and managed Indigenous housing","Benefit type; derived from self-reported benefits data","","Wellbeing and Social connection","","","95%CI","AIHW (unpublished) National Social Housing Survey","%","7.6","..","6.4","..","8.4","23.2","..","na","","4.4"
"18A.55","2021","Self-reported benefits of living in social housing - SOMIH","All ages","All people","All households","All areas","All households","State owned and managed Indigenous housing","","State owned and managed Indigenous housing","Benefit type; derived from self-reported benefits data","","Wellbeing","","","","AIHW (unpublished) National Social Housing Survey","%","96.0","..","98.1","..","98.4","100.0","..","na","","97.1"
"18A.55","2021","Self-reported benefits of living in social housing - SOMIH","All ages","All people","All households","All areas","All households","State owned and managed Indigenous housing","","State owned and managed Indigenous housing","Benefit type; derived from self-reported benefits data","","Wellbeing","","","95%CI","AIHW (unpublished) National Social Housing Survey","%","1.5","..","1.5","..","1.5","..","..","na","","1.0"
"18A.55","2021","Self-reported benefits of living in social housing - SOMIH","All ages","All people","All households","All areas","All households","State owned and managed Indigenous housing","","State owned and managed Indigenous housing","Benefit type; derived from self-reported benefits data","","Social connection","","","","AIHW (unpublished) National Social Housing Survey","%","93.8","..","96.4","..","95.2","96.0","..","na","","94.9"
"18A.55","2021","Self-reported benefits of living in social housing - SOMIH","All ages","All people","All households","All areas","All households","State owned and managed Indigenous housing","","State owned and managed Indigenous housing","Benefit type; derived from self-reported benefits data","","Social connection","","","95%CI","AIHW (unpublished) National Social Housing Survey","%","3.0","..","1.9","..","2.8","5.7","..","na","","1.7"
"18A.55","2021","Self-reported benefits of living in social housing - SOMIH","All ages","All people","All households","All areas","All households","State owned and managed Indigenous housing","","State owned and managed Indigenous housing","Benefit type; derived from self-reported benefits data","","Economic participation","","","","AIHW (unpublished) National Social Housing Survey","%","98.9","..","97.6","..","97.9","97.7","..","na","","98.3"
"18A.55","2021","Self-reported benefits of living in social housing - SOMIH","All ages","All people","All households","All areas","All households","State owned and managed Indigenous housing","","State owned and managed Indigenous housing","Benefit type; derived from self-reported benefits data","","Economic participation","","","95%CI","AIHW (unpublished) National Social Housing Survey","%","0.9","..","1.6","..","2.6","4.5","..","na","","0.8"
"18A.55","2021","Self-reported benefits of living in social housing - SOMIH","All ages","All people","All households","All areas","All households","State owned and managed Indigenous housing","","State owned and managed Indigenous housing","Benefit type; derived from self-reported benefits data","","Wellbeing and Economic participation","","","","AIHW (unpublished) National Social Housing Survey","%","95.4","..","88.6","..","85.3","91.9","..","na","","91.7"
"18A.55","2021","Self-reported benefits of living in social housing - SOMIH","All ages","All people","All households","All areas","All households","State owned and managed Indigenous housing","","State owned and managed Indigenous housing","Benefit type; derived from self-reported benefits data","","Wellbeing and Economic participation","","","95%CI","AIHW (unpublished) National Social Housing Survey","%","1.5","..","3.3","..","5.1","7.8","..","na","","1.5"
"18A.55","2021","Self-reported benefits of living in social housing - SOMIH","All ages","All people","All households","All areas","All households","State owned and managed Indigenous housing","","State owned and managed Indigenous housing","Benefit type; derived from self-reported benefits data","","Social and Economic participation","","","","AIHW (unpublished) National Social Housing Survey","%","93.2","..","89.2","..","87.0","88.8","..","na","","91.0"
"18A.55","2021","Self-reported benefits of living in social housing - SOMIH","All ages","All people","All households","All areas","All households","State owned and managed Indigenous housing","","State owned and managed Indigenous housing","Benefit type; derived from self-reported benefits data","","Social and Economic participation","","","95%CI","AIHW (unpublished) National Social Housing Survey","%","3.1","..","3.2","..","4.9","8.7","..","na","","2.0"
"18A.55","2021","Self-reported benefits of living in social housing - SOMIH","All ages","All people","All households","All areas","All households","State owned and managed Indigenous housing","","State owned and managed Indigenous housing","Benefit type; derived from self-reported benefits data","","Wellbeing and Social connection","","","","AIHW (unpublished) National Social Housing Survey","%","91.5","..","88.7","..","85.6","83.4","..","na","","89.6"
"18A.55","2021","Self-reported benefits of living in social housing - SOMIH","All ages","All people","All households","All areas","All households","State owned and managed Indigenous housing","","State owned and managed Indigenous housing","Benefit type; derived from self-reported benefits data","","Wellbeing and Social connection","","","95%CI","AIHW (unpublished) National Social Housing Survey","%","2.5","..","3.0","..","4.8","10.3","..","na","","1.7"
"18A.55","2021","Self-reported benefits of living in social housing - SOMIH","All ages","All people","All households","All areas","All households","State owned and managed Indigenous housing","","State owned and managed Indigenous housing","Self-reported benefit","","Wellbeing","Enjoy better health","","","AIHW (unpublished) National Social Housing Survey","%","83.2","..","89.9","..","90.5","91.4","..","na","","86.3"
"18A.55","2021","Self-reported benefits of living in social housing - SOMIH","All ages","All people","All households","All areas","All households","State owned and managed Indigenous housing","","State owned and managed Indigenous housing","Self-reported benefit","","Wellbeing","Enjoy better health","","95%CI","AIHW (unpublished) National Social Housing Survey","%","5.1","..","3.3","..","4.5","8.4","..","na","","3.0"
"18A.55","2021","Self-reported benefits of living in social housing - SOMIH","All ages","All people","All households","All areas","All households","State owned and managed Indigenous housing","","State owned and managed Indigenous housing","Self-reported benefit","","Wellbeing","Feel more settled","","","AIHW (unpublished) National Social Housing Survey","%","94.2","..","97.4","..","98.4","97.7","..","na","","95.9"
"18A.55","2021","Self-reported benefits of living in social housing - SOMIH","All ages","All people","All households","All areas","All households","State owned and managed Indigenous housing","","State owned and managed Indigenous housing","Self-reported benefit","","Wellbeing","Feel more settled","","95%CI","AIHW (unpublished) National Social Housing Survey","%","2.0","..","1.7","..","1.6","4.5","..","na","","1.2"
"18A.55","2021","Self-reported benefits of living in social housing - SOMIH","All ages","All people","All households","All areas","All households","State owned and managed Indigenous housing","","State owned and managed Indigenous housing","Self-reported benefit","","Wellbeing","Feel more able to cope with life events","","","AIHW (unpublished) National Social Housing Survey","%","89.8","..","93.3","..","94.5","96.6","..","na","","91.6"
"18A.55","2021","Self-reported benefits of living in social housing - SOMIH","All ages","All people","All households","All areas","All households","State owned and managed Indigenous housing","","State owned and managed Indigenous housing","Self-reported benefit","","Wellbeing","Feel more able to cope with life events","","95%CI","AIHW (unpublished) National Social Housing Survey","%","4.7","..","3.0","..","3.1","4.5","..","na","","2.8"
"18A.55","2021","Self-reported benefits of living in social housing - SOMIH","All ages","All people","All households","All areas","All households","State owned and managed Indigenous housing","","State owned and managed Indigenous housing","Self-reported benefit","","Social connection","Feel part of the local community","","","AIHW (unpublished) National Social Housing Survey","%","86.1","..","92.4","..","88.1","86.5","..","na","","88.3"
"18A.55","2021","Self-reported benefits of living in social housing - SOMIH","All ages","All people","All households","All areas","All households","State owned and managed Indigenous housing","","State owned and managed Indigenous housing","Self-reported benefit","","Social connection","Feel part of the local community","","95%CI","AIHW (unpublished) National Social Housing Survey","%","5.0","..","2.6","..","4.4","11.3","..","na","","2.9"
"18A.55","2021","Self-reported benefits of living in social housing - SOMIH","All ages","All people","All households","All areas","All households","State owned and managed Indigenous housing","","State owned and managed Indigenous housing","Self-reported benefit","","Social connection","Able to continue living in this area","","","AIHW (unpublished) National Social Housing Survey","%","89.9","..","92.4","..","92.7","93.3","..","na","","91.2"
"18A.55","2021","Self-reported benefits of living in social housing - SOMIH","All ages","All people","All households","All areas","All households","State owned and managed Indigenous housing","","State owned and managed Indigenous housing","Self-reported benefit","","Social connection","Able to continue living in this area","","95%CI","AIHW (unpublished) National Social Housing Survey","%","4.1","..","3.1","..","3.5","7.6","..","na","","2.5"
"18A.55","2021","Self-reported benefits of living in social housing - SOMIH","All ages","All people","All households","All areas","All households","State owned and managed Indigenous housing","","State owned and managed Indigenous housing","Self-reported benefit","","Economic participation","Able to manage rent/money better","","","AIHW (unpublished) National Social Housing Survey","%","94.3","..","94.1","..","95.0","90.0","..","na","","94.2"
"18A.55","2021","Self-reported benefits of living in social housing - SOMIH","All ages","All people","All households","All areas","All households","State owned and managed Indigenous housing","","State owned and managed Indigenous housing","Self-reported benefit","","Economic participation","Able to manage rent/money better","","95%CI","AIHW (unpublished) National Social Housing Survey","%","2.3","..","2.7","..","3.5","9.4","..","na","","1.6"
"18A.55","2021","Self-reported benefits of living in social housing - SOMIH","All ages","All people","All households","All areas","All households","State owned and managed Indigenous housing","","State owned and managed Indigenous housing","Self-reported benefit","","Economic participation","Feel more able to improve job situation","","","AIHW (unpublished) National Social Housing Survey","%","79.8","..","78.8","..","80.4","67.4","..","na","","79.3"
"18A.55","2021","Self-reported benefits of living in social housing - SOMIH","All ages","All people","All households","All areas","All households","State owned and managed Indigenous housing","","State owned and managed Indigenous housing","Self-reported benefit","","Economic participation","Feel more able to improve job situation","","95%CI","AIHW (unpublished) National Social Housing Survey","%","7.5","..","6.4","..","7.3","22.0","..","na","","4.6"
"18A.55","2021","Self-reported benefits of living in social housing - SOMIH","All ages","All people","All households","All areas","All households","State owned and managed Indigenous housing","","State owned and managed Indigenous housing","Self-reported benefit","","Economic participation","Feel more able to start or continue education/training","","","AIHW (unpublished) National Social Housing Survey","%","87.8","..","75.2","..","82.9","57.7","..","na","","82.6"
"18A.55","2021","Self-reported benefits of living in social housing - SOMIH","All ages","All people","All households","All areas","All households","State owned and managed Indigenous housing","","State owned and managed Indigenous housing","Self-reported benefit","","Economic participation","Feel more able to start or continue education/training","","95%CI","AIHW (unpublished) National Social Housing Survey","%","3.1","..","6.9","..","7.1","24.5","..","na","","3.1"
"18A.55","2021","Self-reported benefits of living in social housing - SOMIH","All ages","All people","All households","All areas","All households","State owned and managed Indigenous housing","","State owned and managed Indigenous housing","Self-reported benefit","","Economic participation","Have better access to services","","","AIHW (unpublished) National Social Housing Survey","%","88.2","..","90.0","..","89.8","81.2","..","na","","88.8"
"18A.55","2021","Self-reported benefits of living in social housing - SOMIH","All ages","All people","All households","All areas","All households","State owned and managed Indigenous housing","","State owned and managed Indigenous housing","Self-reported benefit","","Economic participation","Have better access to services","","95%CI","AIHW (unpublished) National Social Housing Survey","%","4.9","..","3.3","..","5.0","12.6","..","na","","3.0"
"18A.55","2021","Self-reported benefits of living in social housing - SOMIH","All ages","All people","All households","All areas","All households","State owned and managed Indigenous housing","","State owned and managed Indigenous housing","Self-reported benefit","","Economic participation","Have better access to public transport","","","AIHW (unpublished) National Social Housing Survey","%","90.2","..","88.1","..","88.8","87.8","..","na","","89.3"
"18A.55","2021","Self-reported benefits of living in social housing - SOMIH","All ages","All people","All households","All areas","All households","State owned and managed Indigenous housing","","State owned and managed Indigenous housing","Self-reported benefit","","Economic participation","Have better access to public transport","","95%CI","AIHW (unpublished) National Social Housing Survey","%","5.7","..","4.1","..","4.9","10.3","..","na","","3.4"
"18A.55","2018","Self-reported benefits of living in social housing - SOMIH","All ages","All people","All households","All areas","Households with a member with disability","State owned and managed Indigenous housing","","State owned and managed Indigenous housing","Benefit type; derived from self-reported benefits data","","Wellbeing","","","","AIHW (unpublished) National Social Housing Survey","%","98.4","..","90.4","..","96.4","100.0","..","na","","95.0"
"18A.55","2018","Self-reported benefits of living in social housing - SOMIH","All ages","All people","All households","All areas","Households with a member with disability","State owned and managed Indigenous housing","","State owned and managed Indigenous housing","Benefit type; derived from self-reported benefits data","","Wellbeing","","","95%CI","AIHW (unpublished) National Social Housing Survey","%","3.1","..","6.3","..","4.9","..","..","na","","2.9"
"18A.55","2018","Self-reported benefits of living in social housing - SOMIH","All ages","All people","All households","All areas","Households with a member with disability","State owned and managed Indigenous housing","","State owned and managed Indigenous housing","Benefit type; derived from self-reported benefits data","","Social connection","","","","AIHW (unpublished) National Social Housing Survey","%","96.8","..","94.0","..","93.1","100.0","..","na","","95.1"
"18A.55","2018","Self-reported benefits of living in social housing - SOMIH","All ages","All people","All households","All areas","Households with a member with disability","State owned and managed Indigenous housing","","State owned and managed Indigenous housing","Benefit type; derived from self-reported benefits data","","Social connection","","","95%CI","AIHW (unpublished) National Social Housing Survey","%","4.4","..","5.1","..","6.5","..","..","na","","2.9"
"18A.55","2018","Self-reported benefits of living in social housing - SOMIH","All ages","All people","All households","All areas","Households with a member with disability","State owned and managed Indigenous housing","","State owned and managed Indigenous housing","Benefit type; derived from self-reported benefits data","","Economic participation","","","","AIHW (unpublished) National Social Housing Survey","%","98.4","..","96.4","..","94.0","100.0","..","na","","96.9"
"18A.55","2018","Self-reported benefits of living in social housing - SOMIH","All ages","All people","All households","All areas","Households with a member with disability","State owned and managed Indigenous housing","","State owned and managed Indigenous housing","Benefit type; derived from self-reported benefits data","","Economic participation","","","95%CI","AIHW (unpublished) National Social Housing Survey","%","3.1","..","4.0","..","6.6","..","..","na","","2.3"
"18A.55","2018","Self-reported benefits of living in social housing - SOMIH","All ages","All people","All households","All areas","Households with a member with disability","State owned and managed Indigenous housing","","State owned and managed Indigenous housing","Benefit type; derived from self-reported benefits data","","Wellbeing and Economic participation","","","","AIHW (unpublished) National Social Housing Survey","%","96.8","..","90.4","..","79.6","100.0","..","na","","91.1"
"18A.55","2018","Self-reported benefits of living in social housing - SOMIH","All ages","All people","All households","All areas","Households with a member with disability","State owned and managed Indigenous housing","","State owned and managed Indigenous housing","Benefit type; derived from self-reported benefits data","","Wellbeing and Economic participation","","","95%CI","AIHW (unpublished) National Social Housing Survey","%","4.3","..","6.3","..","10.4","..","..","na","","3.6"
"18A.55","2018","Self-reported benefits of living in social housing - SOMIH","All ages","All people","All households","All areas","Households with a member with disability","State owned and managed Indigenous housing","","State owned and managed Indigenous housing","Benefit type; derived from self-reported benefits data","","Social and Economic participation","","","","AIHW (unpublished) National Social Housing Survey","%","95.3","..","92.8","..","82.4","85.5","..","na","","91.6"
"18A.55","2018","Self-reported benefits of living in social housing - SOMIH","All ages","All people","All households","All areas","Households with a member with disability","State owned and managed Indigenous housing","","State owned and managed Indigenous housing","Benefit type; derived from self-reported benefits data","","Social and Economic participation","","","95%CI","AIHW (unpublished) National Social Housing Survey","%","5.2","..","5.5","..","10.0","18.7","..","na","","3.6"
"18A.55","2018","Self-reported benefits of living in social housing - SOMIH","All ages","All people","All households","All areas","Households with a member with disability","State owned and managed Indigenous housing","","State owned and managed Indigenous housing","Benefit type; derived from self-reported benefits data","","Wellbeing and Social connection","","","","AIHW (unpublished) National Social Housing Survey","%","96.8","..","86.8","..","81.7","85.5","..","na","","89.7"
"18A.55","2018","Self-reported benefits of living in social housing - SOMIH","All ages","All people","All households","All areas","Households with a member with disability","State owned and managed Indigenous housing","","State owned and managed Indigenous housing","Benefit type; derived from self-reported benefits data","","Wellbeing and Social connection","","","95%CI","AIHW (unpublished) National Social Housing Survey","%","4.4","..","7.3","..","9.9","18.7","..","na","","3.9"
"18A.55","2018","Self-reported benefits of living in social housing - SOMIH","All ages","All people","All households","All areas","All households","State owned and managed Indigenous housing","","State owned and managed Indigenous housing","Benefit type; derived from self-reported benefits data","","Wellbeing","","","","AIHW (unpublished) National Social Housing Survey","%","97.3","..","94.4","..","97.7","95.0","..","na","","96.3"
"18A.55","2018","Self-reported benefits of living in social housing - SOMIH","All ages","All people","All households","All areas","All households","State owned and managed Indigenous housing","","State owned and managed Indigenous housing","Benefit type; derived from self-reported benefits data","","Wellbeing","","","95%CI","AIHW (unpublished) National Social Housing Survey","%","1.4","..","1.9","..","1.8","5.5","..","na","","1.0"
"18A.55","2018","Self-reported benefits of living in social housing - SOMIH","All ages","All people","All households","All areas","All households","State owned and managed Indigenous housing","","State owned and managed Indigenous housing","Benefit type; derived from self-reported benefits data","","Social connection","","","","AIHW (unpublished) National Social Housing Survey","%","97.0","..","95.6","..","96.0","94.7","..","na","","96.3"
"18A.55","2018","Self-reported benefits of living in social housing - SOMIH","All ages","All people","All households","All areas","All households","State owned and managed Indigenous housing","","State owned and managed Indigenous housing","Benefit type; derived from self-reported benefits data","","Social connection","","","95%CI","AIHW (unpublished) National Social Housing Survey","%","1.5","..","1.8","..","2.4","5.8","..","na","","1.0"
"18A.55","2018","Self-reported benefits of living in social housing - SOMIH","All ages","All people","All households","All areas","All households","State owned and managed Indigenous housing","","State owned and managed Indigenous housing","Benefit type; derived from self-reported benefits data","","Economic participation","","","","AIHW (unpublished) National Social Housing Survey","%","97.5","..","97.7","..","95.7","98.4","..","na","","97.3"
"18A.55","2018","Self-reported benefits of living in social housing - SOMIH","All ages","All people","All households","All areas","All households","State owned and managed Indigenous housing","","State owned and managed Indigenous housing","Benefit type; derived from self-reported benefits data","","Economic participation","","","95%CI","AIHW (unpublished) National Social Housing Survey","%","1.3","..","1.3","..","2.7","3.2","..","na","","0.9"
"18A.55","2018","Self-reported benefits of living in social housing - SOMIH","All ages","All people","All households","All areas","All households","State owned and managed Indigenous housing","","State owned and managed Indigenous housing","Benefit type; derived from self-reported benefits data","","Wellbeing and Economic participation","","","","AIHW (unpublished) National Social Housing Survey","%","95.6","..","93.1","..","85.2","89.0","..","na","","93.1"
"18A.55","2018","Self-reported benefits of living in social housing - SOMIH","All ages","All people","All households","All areas","All households","State owned and managed Indigenous housing","","State owned and managed Indigenous housing","Benefit type; derived from self-reported benefits data","","Wellbeing and Economic participation","","","95%CI","AIHW (unpublished) National Social Housing Survey","%","1.7","..","2.1","..","4.3","7.8","..","na","","1.3"
"18A.55","2018","Self-reported benefits of living in social housing - SOMIH","All ages","All people","All households","All areas","All households","State owned and managed Indigenous housing","","State owned and managed Indigenous housing","Benefit type; derived from self-reported benefits data","","Social and Economic participation","","","","AIHW (unpublished) National Social Housing Survey","%","95.3","..","94.1","..","86.0","87.1","..","na","","93.4"
"18A.55","2018","Self-reported benefits of living in social housing - SOMIH","All ages","All people","All households","All areas","All households","State owned and managed Indigenous housing","","State owned and managed Indigenous housing","Benefit type; derived from self-reported benefits data","","Social and Economic participation","","","95%CI","AIHW (unpublished) National Social Housing Survey","%","1.8","..","2.0","..","4.2","8.3","..","na","","1.3"
"18A.55","2018","Self-reported benefits of living in social housing - SOMIH","All ages","All people","All households","All areas","All households","State owned and managed Indigenous housing","","State owned and managed Indigenous housing","Benefit type; derived from self-reported benefits data","","Wellbeing and Social connection","","","","AIHW (unpublished) National Social Housing Survey","%","95.7","..","90.8","..","86.1","82.4","..","na","","92.3"
"18A.55","2018","Self-reported benefits of living in social housing - SOMIH","All ages","All people","All households","All areas","All households","State owned and managed Indigenous housing","","State owned and managed Indigenous housing","Benefit type; derived from self-reported benefits data","","Wellbeing and Social connection","","","95%CI","AIHW (unpublished) National Social Housing Survey","%","1.7","..","2.5","..","4.2","9.5","..","na","","1.4"
"18A.55","2018","Self-reported benefits of living in social housing - SOMIH","All ages","All people","All households","All areas","All households","State owned and managed Indigenous housing","","State owned and managed Indigenous housing","Self-reported benefit","","Wellbeing","Enjoy better health","","","AIHW (unpublished) National Social Housing Survey","%","89.0","..","81.8","..","88.8","79.4","..","na","","86.3"
"18A.55","2018","Self-reported benefits of living in social housing - SOMIH","All ages","All people","All households","All areas","All households","State owned and managed Indigenous housing","","State owned and managed Indigenous housing","Self-reported benefit","","Wellbeing","Enjoy better health","","95%CI","AIHW (unpublished) National Social Housing Survey","%","2.7","..","3.5","..","4.1","12.1","..","na","","1.9"
"18A.55","2018","Self-reported benefits of living in social housing - SOMIH","All ages","All people","All households","All areas","All households","State owned and managed Indigenous housing","","State owned and managed Indigenous housing","Self-reported benefit","","Wellbeing","Feel more settled","","","AIHW (unpublished) National Social Housing Survey","%","96.4","..","91.5","..","96.6","94.9","..","na","","94.7"
"18A.55","2018","Self-reported benefits of living in social housing - SOMIH","All ages","All people","All households","All areas","All households","State owned and managed Indigenous housing","","State owned and managed Indigenous housing","Self-reported benefit","","Wellbeing","Feel more settled","","95%CI","AIHW (unpublished) National Social Housing Survey","%","1.6","..","2.4","..","2.2","5.6","..","na","","1.2"
"18A.55","2018","Self-reported benefits of living in social housing - SOMIH","All ages","All people","All households","All areas","All households","State owned and managed Indigenous housing","","State owned and managed Indigenous housing","Self-reported benefit","","Wellbeing","Feel more able to cope with life events","","","AIHW (unpublished) National Social Housing Survey","%","94.2","..","88.2","..","93.6","83.7","..","na","","91.8"
"18A.55","2018","Self-reported benefits of living in social housing - SOMIH","All ages","All people","All households","All areas","All households","State owned and managed Indigenous housing","","State owned and managed Indigenous housing","Self-reported benefit","","Wellbeing","Feel more able to cope with life events","","95%CI","AIHW (unpublished) National Social Housing Survey","%","2.0","..","2.8","..","3.2","10.3","..","na","","1.5"
"18A.55","2018","Self-reported benefits of living in social housing - SOMIH","All ages","All people","All households","All areas","All households","State owned and managed Indigenous housing","","State owned and managed Indigenous housing","Self-reported benefit","","Social connection","Feel part of the local community","","","AIHW (unpublished) National Social Housing Survey","%","90.3","..","85.3","..","88.8","84.9","..","na","","88.3"
"18A.55","2018","Self-reported benefits of living in social housing - SOMIH","All ages","All people","All households","All areas","All households","State owned and managed Indigenous housing","","State owned and managed Indigenous housing","Self-reported benefit","","Social connection","Feel part of the local community","","95%CI","AIHW (unpublished) National Social Housing Survey","%","2.5","..","3.1","..","4.1","10.3","..","na","","1.8"
"18A.55","2018","Self-reported benefits of living in social housing - SOMIH","All ages","All people","All households","All areas","All households","State owned and managed Indigenous housing","","State owned and managed Indigenous housing","Self-reported benefit","","Social connection","Able to continue living in this area","","","AIHW (unpublished) National Social Housing Survey","%","93.1","..","92.7","..","94.5","92.7","..","na","","93.1"
"18A.55","2018","Self-reported benefits of living in social housing - SOMIH","All ages","All people","All households","All areas","All households","State owned and managed Indigenous housing","","State owned and managed Indigenous housing","Self-reported benefit","","Social connection","Able to continue living in this area","","95%CI","AIHW (unpublished) National Social Housing Survey","%","2.2","..","2.3","..","2.9","6.9","..","na","","1.4"
"18A.55","2018","Self-reported benefits of living in social housing - SOMIH","All ages","All people","All households","All areas","All households","State owned and managed Indigenous housing","","State owned and managed Indigenous housing","Self-reported benefit","","Economic participation","Able to manage rent/money better","","","AIHW (unpublished) National Social Housing Survey","%","93.6","..","95.2","..","93.6","98.3","..","na","","94.3"
"18A.55","2018","Self-reported benefits of living in social housing - SOMIH","All ages","All people","All households","All areas","All households","State owned and managed Indigenous housing","","State owned and managed Indigenous housing","Self-reported benefit","","Economic participation","Able to manage rent/money better","","95%CI","AIHW (unpublished) National Social Housing Survey","%","2.1","..","1.8","..","3.2","3.4","..","na","","1.3"
"18A.55","2018","Self-reported benefits of living in social housing - SOMIH","All ages","All people","All households","All areas","All households","State owned and managed Indigenous housing","","State owned and managed Indigenous housing","Self-reported benefit","","Economic participation","Feel more able to improve job situation","","","AIHW (unpublished) National Social Housing Survey","%","80.4","..","74.2","..","73.6","77.0","..","na","","77.3"
"18A.55","2018","Self-reported benefits of living in social housing - SOMIH","All ages","All people","All households","All areas","All households","State owned and managed Indigenous housing","","State owned and managed Indigenous housing","Self-reported benefit","","Economic participation","Feel more able to improve job situation","","95%CI","AIHW (unpublished) National Social Housing Survey","%","4.2","..","4.8","..","7.2","17.8","..","na","","2.9"
"18A.55","2018","Self-reported benefits of living in social housing - SOMIH","All ages","All people","All households","All areas","All households","State owned and managed Indigenous housing","","State owned and managed Indigenous housing","Self-reported benefit","","Economic participation","Feel more able to start or continue education/training","","","AIHW (unpublished) National Social Housing Survey","%","87.4","..","84.7","..","75.7","69.3","..","na","","84.8"
"18A.55","2018","Self-reported benefits of living in social housing - SOMIH","All ages","All people","All households","All areas","All households","State owned and managed Indigenous housing","","State owned and managed Indigenous housing","Self-reported benefit","","Economic participation","Feel more able to start or continue education/training","","95%CI","AIHW (unpublished) National Social Housing Survey","%","3.6","..","3.9","..","7.2","19.0","..","na","","2.5"
"18A.55","2018","Self-reported benefits of living in social housing - SOMIH","All ages","All people","All households","All areas","All households","State owned and managed Indigenous housing","","State owned and managed Indigenous housing","Self-reported benefit","","Economic participation","Have better access to services","","","AIHW (unpublished) National Social Housing Survey","%","91.1","..","80.6","..","89.4","90.7","..","na","","87.3"
"18A.55","2018","Self-reported benefits of living in social housing - SOMIH","All ages","All people","All households","All areas","All households","State owned and managed Indigenous housing","","State owned and managed Indigenous housing","Self-reported benefit","","Economic participation","Have better access to services","","95%CI","AIHW (unpublished) National Social Housing Survey","%","2.5","..","3.5","..","4.2","7.7","..","na","","1.8"
"18A.55","2018","Self-reported benefits of living in social housing - SOMIH","All ages","All people","All households","All areas","All households","State owned and managed Indigenous housing","","State owned and managed Indigenous housing","Self-reported benefit","","Economic participation","Have better access to public transport","","","AIHW (unpublished) National Social Housing Survey","%","87.0","..","53.0","..","90.2","96.2","..","na","","75.7"
"18A.55","2018","Self-reported benefits of living in social housing - SOMIH","All ages","All people","All households","All areas","All households","State owned and managed Indigenous housing","","State owned and managed Indigenous housing","Self-reported benefit","","Economic participation","Have better access to public transport","","95%CI","AIHW (unpublished) National Social Housing Survey","%","3.0","..","4.0","..","4.2","5.2","..","na","","2.1"
"18A.56","2025","Self-reported benefits of living in social housing - Community housing","All ages","All people","All households","All areas","Households with a member with disability","Community housing","","Community housing","Benefit type; derived from self-reported benefits data","","Wellbeing","","","","AIHW (unpublished) National Social Housing Survey","%","92.3","96.2","92.6","92.5","91.0","90.9","93.1","na","","92.8"
"18A.56","2025","Self-reported benefits of living in social housing - Community housing","All ages","All people","All households","All areas","Households with a member with disability","Community housing","","Community housing","Benefit type; derived from self-reported benefits data","","Wellbeing","","","95%CI","AIHW (unpublished) National Social Housing Survey","%","4.5","4.5","4.6","7.8","4.4","5.5","9.3","na","","2.5"
"18A.56","2025","Self-reported benefits of living in social housing - Community housing","All ages","All people","All households","All areas","Households with a member with disability","Community housing","","Community housing","Benefit type; derived from self-reported benefits data","","Social connection","","","","AIHW (unpublished) National Social Housing Survey","%","83.4","87.5","92.6","88.6","87.1","83.1","90.3","na","","85.8"
"18A.56","2025","Self-reported benefits of living in social housing - Community housing","All ages","All people","All households","All areas","Households with a member with disability","Community housing","","Community housing","Benefit type; derived from self-reported benefits data","","Social connection","","","95%CI","AIHW (unpublished) National Social Housing Survey","%","6.8","7.9","4.7","8.8","5.5","7.5","10.5","na","","3.8"
"18A.56","2025","Self-reported benefits of living in social housing - Community housing","All ages","All people","All households","All areas","Households with a member with disability","Community housing","","Community housing","Benefit type; derived from self-reported benefits data","","Economic participation","","","","AIHW (unpublished) National Social Housing Survey","%","92.0","93.3","96.1","96.1","93.6","95.6","96.4","na","","93.3"
"18A.56","2025","Self-reported benefits of living in social housing - Community housing","All ages","All people","All households","All areas","Households with a member with disability","Community housing","","Community housing","Benefit type; derived from self-reported benefits data","","Economic participation","","","95%CI","AIHW (unpublished) National Social Housing Survey","%","4.8","5.6","3.4","4.8","3.8","4.2","6.9","na","","2.6"
"18A.56","2025","Self-reported benefits of living in social housing - Community housing","All ages","All people","All households","All areas","Households with a member with disability","Community housing","","Community housing","Benefit type; derived from self-reported benefits data","","Wellbeing and Economic participation","","","","AIHW (unpublished) National Social Housing Survey","%","82.6","81.7","86.7","78.9","80.7","79.3","83.3","na","","82.2"
"18A.56","2025","Self-reported benefits of living in social housing - Community housing","All ages","All people","All households","All areas","Households with a member with disability","Community housing","","Community housing","Benefit type; derived from self-reported benefits data","","Wellbeing and Economic participation","","","95%CI","AIHW (unpublished) National Social Housing Survey","%","6.4","8.9","5.9","11.0","6.1","7.7","13.4","na","","3.7"
"18A.56","2025","Self-reported benefits of living in social housing - Community housing","All ages","All people","All households","All areas","Households with a member with disability","Community housing","","Community housing","Benefit type; derived from self-reported benefits data","","Social and Economic participation","","","","AIHW (unpublished) National Social Housing Survey","%","75.1","79.9","85.9","80.2","79.2","74.0","83.9","na","","77.8"
"18A.56","2025","Self-reported benefits of living in social housing - Community housing","All ages","All people","All households","All areas","Households with a member with disability","Community housing","","Community housing","Benefit type; derived from self-reported benefits data","","Social and Economic participation","","","95%CI","AIHW (unpublished) National Social Housing Survey","%","7.6","9.3","6.0","10.7","6.4","8.6","13.0","na","","4.3"
"18A.56","2025","Self-reported benefits of living in social housing - Community housing","All ages","All people","All households","All areas","Households with a member with disability","Community housing","","Community housing","Benefit type; derived from self-reported benefits data","","Wellbeing and Social connection","","","","AIHW (unpublished) National Social Housing Survey","%","79.0","78.3","87.9","80.7","74.2","68.8","80.6","na","","78.8"
"18A.56","2025","Self-reported benefits of living in social housing - Community housing","All ages","All people","All households","All areas","Households with a member with disability","Community housing","","Community housing","Benefit type; derived from self-reported benefits data","","Wellbeing and Social connection","","","95%CI","AIHW (unpublished) National Social Housing Survey","%","7.2","9.7","5.8","10.8","6.8","8.9","14.0","na","","4.2"
"18A.56","2025","Self-reported benefits of living in social housing - Community housing","All ages","All people","All households","All areas","All households","Community housing","","Community housing","Benefit type; derived from self-reported benefits data","","Wellbeing","","","","AIHW (unpublished) National Social Housing Survey","%","94.9","97.6","94.2","95.1","94.3","95.8","89.6","na","","95.3"
"18A.56","2025","Self-reported benefits of living in social housing - Community housing","All ages","All people","All households","All areas","All households","Community housing","","Community housing","Benefit type; derived from self-reported benefits data","","Wellbeing","","","95%CI","AIHW (unpublished) National Social Housing Survey","%","2.1","1.9","2.2","2.9","1.8","1.9","5.8","na","","1.1"
"18A.56","2025","Self-reported benefits of living in social housing - Community housing","All ages","All people","All households","All areas","All households","Community housing","","Community housing","Benefit type; derived from self-reported benefits data","","Social connection","","","","AIHW (unpublished) National Social Housing Survey","%","90.2","93.5","92.4","92.9","90.7","91.3","91.8","na","","91.3"
"18A.56","2025","Self-reported benefits of living in social housing - Community housing","All ages","All people","All households","All areas","All households","Community housing","","Community housing","Benefit type; derived from self-reported benefits data","","Social connection","","","95%CI","AIHW (unpublished) National Social Housing Survey","%","3.0","3.1","2.5","3.5","2.3","2.8","5.1","na","","1.6"
"18A.56","2025","Self-reported benefits of living in social housing - Community housing","All ages","All people","All households","All areas","All households","Community housing","","Community housing","Benefit type; derived from self-reported benefits data","","Economic participation","","","","AIHW (unpublished) National Social Housing Survey","%","95.9","97.1","96.7","97.1","96.0","96.0","98.2","na","","96.3"
"18A.56","2025","Self-reported benefits of living in social housing - Community housing","All ages","All people","All households","All areas","All households","Community housing","","Community housing","Benefit type; derived from self-reported benefits data","","Economic participation","","","95%CI","AIHW (unpublished) National Social Housing Survey","%","2.0","2.0","1.6","2.1","1.5","1.8","2.5","na","","1.0"
"18A.56","2025","Self-reported benefits of living in social housing - Community housing","All ages","All people","All households","All areas","All households","Community housing","","Community housing","Benefit type; derived from self-reported benefits data","","Wellbeing and Economic participation","","","","AIHW (unpublished) National Social Housing Survey","%","85.7","91.5","87.7","86.8","84.4","86.7","79.8","na","","86.9"
"18A.56","2025","Self-reported benefits of living in social housing - Community housing","All ages","All people","All households","All areas","All households","Community housing","","Community housing","Benefit type; derived from self-reported benefits data","","Wellbeing and Economic participation","","","95%CI","AIHW (unpublished) National Social Housing Survey","%","3.2","3.3","3.0","4.4","2.7","3.1","7.4","na","","1.7"
"18A.56","2025","Self-reported benefits of living in social housing - Community housing","All ages","All people","All households","All areas","All households","Community housing","","Community housing","Benefit type; derived from self-reported benefits data","","Social and Economic participation","","","","AIHW (unpublished) National Social Housing Survey","%","83.1","86.8","85.6","85.7","82.2","83.3","85.1","na","","84.1"
"18A.56","2025","Self-reported benefits of living in social housing - Community housing","All ages","All people","All households","All areas","All households","Community housing","","Community housing","Benefit type; derived from self-reported benefits data","","Social and Economic participation","","","95%CI","AIHW (unpublished) National Social Housing Survey","%","3.5","4.0","3.2","4.7","2.9","3.5","6.6","na","","1.9"
"18A.56","2025","Self-reported benefits of living in social housing - Community housing","All ages","All people","All households","All areas","All households","Community housing","","Community housing","Benefit type; derived from self-reported benefits data","","Wellbeing and Social connection","","","","AIHW (unpublished) National Social Housing Survey","%","81.9","87.4","86.0","83.8","79.9","82.3","78.4","na","","83.2"
"18A.56","2025","Self-reported benefits of living in social housing - Community housing","All ages","All people","All households","All areas","All households","Community housing","","Community housing","Benefit type; derived from self-reported benefits data","","Wellbeing and Social connection","","","95%CI","AIHW (unpublished) National Social Housing Survey","%","3.7","4.0","3.2","5.0","3.0","3.6","7.7","na","","1.9"
"18A.56","2025","Self-reported benefits of living in social housing - Community housing","All ages","All people","All households","All areas","All households","Community housing","","Community housing","Self-reported benefit","","Wellbeing","Enjoy better health","","","AIHW (unpublished) National Social Housing Survey","%","78.3","80.0","81.7","81.5","83.9","82.8","83.3","na","","80.1"
"18A.56","2025","Self-reported benefits of living in social housing - Community housing","All ages","All people","All households","All areas","All households","Community housing","","Community housing","Self-reported benefit","","Wellbeing","Enjoy better health","","95%CI","AIHW (unpublished) National Social Housing Survey","%","4.3","5.3","3.8","5.9","3.1","3.8","7.5","na","","2.3"
"18A.56","2025","Self-reported benefits of living in social housing - Community housing","All ages","All people","All households","All areas","All households","Community housing","","Community housing","Self-reported benefit","","Wellbeing","Feel more settled","","","AIHW (unpublished) National Social Housing Survey","%","95.0","96.1","92.9","94.1","94.0","94.9","85.6","na","","94.8"
"18A.56","2025","Self-reported benefits of living in social housing - Community housing","All ages","All people","All households","All areas","All households","Community housing","","Community housing","Self-reported benefit","","Wellbeing","Feel more settled","","95%CI","AIHW (unpublished) National Social Housing Survey","%","2.0","2.4","2.4","3.2","1.9","2.1","6.8","na","","1.1"
"18A.56","2025","Self-reported benefits of living in social housing - Community housing","All ages","All people","All households","All areas","All households","Community housing","","Community housing","Self-reported benefit","","Wellbeing","Feel more able to cope with life events","","","AIHW (unpublished) National Social Housing Survey","%","81.9","90.3","89.2","88.1","86.1","87.3","87.9","na","","85.5"
"18A.56","2025","Self-reported benefits of living in social housing - Community housing","All ages","All people","All households","All areas","All households","Community housing","","Community housing","Self-reported benefit","","Wellbeing","Feel more able to cope with life events","","95%CI","AIHW (unpublished) National Social Housing Survey","%","4.0","3.8","3.0","4.7","2.9","3.3","6.5","na","","2.0"
"18A.56","2025","Self-reported benefits of living in social housing - Community housing","All ages","All people","All households","All areas","All households","Community housing","","Community housing","Self-reported benefit","","Social connection","Feel part of the local community","","","AIHW (unpublished) National Social Housing Survey","%","76.8","82.4","80.2","84.5","79.3","78.2","81.6","na","","79.2"
"18A.56","2025","Self-reported benefits of living in social housing - Community housing","All ages","All people","All households","All areas","All households","Community housing","","Community housing","Self-reported benefit","","Social connection","Feel part of the local community","","95%CI","AIHW (unpublished) National Social Housing Survey","%","4.5","5.0","4.0","5.3","3.5","4.3","7.7","na","","2.3"
"18A.56","2025","Self-reported benefits of living in social housing - Community housing","All ages","All people","All households","All areas","All households","Community housing","","Community housing","Self-reported benefit","","Social connection","Able to continue living in this area","","","AIHW (unpublished) National Social Housing Survey","%","90.0","91.9","91.8","91.3","89.9","89.2","89.4","na","","90.5"
"18A.56","2025","Self-reported benefits of living in social housing - Community housing","All ages","All people","All households","All areas","All households","Community housing","","Community housing","Self-reported benefit","","Social connection","Able to continue living in this area","","95%CI","AIHW (unpublished) National Social Housing Survey","%","3.0","3.5","2.6","4.0","2.4","3.1","5.9","na","","1.6"
"18A.56","2025","Self-reported benefits of living in social housing - Community housing","All ages","All people","All households","All areas","All households","Community housing","","Community housing","Self-reported benefit","","Economic participation","Able to manage rent/money better","","","AIHW (unpublished) National Social Housing Survey","%","92.8","91.8","92.2","93.1","92.1","91.7","88.1","na","","92.4"
"18A.56","2025","Self-reported benefits of living in social housing - Community housing","All ages","All people","All households","All areas","All households","Community housing","","Community housing","Self-reported benefit","","Economic participation","Able to manage rent/money better","","95%CI","AIHW (unpublished) National Social Housing Survey","%","2.5","3.4","2.5","3.4","2.1","2.7","6.3","na","","1.4"
"18A.56","2025","Self-reported benefits of living in social housing - Community housing","All ages","All people","All households","All areas","All households","Community housing","","Community housing","Self-reported benefit","","Economic participation","Feel more able to improve job situation","","","AIHW (unpublished) National Social Housing Survey","%","71.1","74.8","75.2","74.1","73.9","75.7","69.6","na","","73.1"
"18A.56","2025","Self-reported benefits of living in social housing - Community housing","All ages","All people","All households","All areas","All households","Community housing","","Community housing","Self-reported benefit","","Economic participation","Feel more able to improve job situation","","95%CI","AIHW (unpublished) National Social Housing Survey","%","7.6","8.2","6.6","10.2","5.5","6.5","12.1","na","","3.9"
"18A.56","2025","Self-reported benefits of living in social housing - Community housing","All ages","All people","All households","All areas","All households","Community housing","","Community housing","Self-reported benefit","","Economic participation","Feel more able to start or continue education/training","","","AIHW (unpublished) National Social Housing Survey","%","77.0","76.4","79.9","80.9","76.6","73.6","75.4","na","","77.1"
"18A.56","2025","Self-reported benefits of living in social housing - Community housing","All ages","All people","All households","All areas","All households","Community housing","","Community housing","Self-reported benefit","","Economic participation","Feel more able to start or continue education/training","","95%CI","AIHW (unpublished) National Social Housing Survey","%","7.0","7.9","6.3","9.3","5.5","6.9","10.9","na","","3.7"
"18A.56","2025","Self-reported benefits of living in social housing - Community housing","All ages","All people","All households","All areas","All households","Community housing","","Community housing","Self-reported benefit","","Economic participation","Have better access to services","","","AIHW (unpublished) National Social Housing Survey","%","85.1","86.3","88.0","89.1","87.7","85.4","86.3","na","","86.2"
"18A.56","2025","Self-reported benefits of living in social housing - Community housing","All ages","All people","All households","All areas","All households","Community housing","","Community housing","Self-reported benefit","","Economic participation","Have better access to services","","95%CI","AIHW (unpublished) National Social Housing Survey","%","3.8","4.5","3.2","4.6","2.8","3.7","6.9","na","","2.0"
"18A.56","2025","Self-reported benefits of living in social housing - Community housing","All ages","All people","All households","All areas","All households","Community housing","","Community housing","Self-reported benefit","","Economic participation","Have better access to public transport","","","AIHW (unpublished) National Social Housing Survey","%","84.8","88.7","87.0","85.8","87.9","85.6","90.8","na","","86.3"
"18A.56","2025","Self-reported benefits of living in social housing - Community housing","All ages","All people","All households","All areas","All households","Community housing","","Community housing","Self-reported benefit","","Economic participation","Have better access to public transport","","95%CI","AIHW (unpublished) National Social Housing Survey","%","3.9","4.0","3.5","5.5","2.7","3.8","6.1","na","","2.1"
"18A.56","2023","Self-reported benefits of living in social housing - Community housing","All ages","All people","All households","All areas","Households with a member with disability","Community housing","","Community housing","Benefit type; derived from self-reported benefits data","","Wellbeing","","","","AIHW (unpublished) National Social Housing Survey","%","90.4","95.6","94.7","95.3","95.1","86.8","95.1","na","","92.3"
"18A.56","2023","Self-reported benefits of living in social housing - Community housing","All ages","All people","All households","All areas","Households with a member with disability","Community housing","","Community housing","Benefit type; derived from self-reported benefits data","","Wellbeing","","","95%CI","AIHW (unpublished) National Social Housing Survey","%","6.3","4.6","4.1","7.4","3.7","8.1","6.6","na","","3.3"
"18A.56","2023","Self-reported benefits of living in social housing - Community housing","All ages","All people","All households","All areas","Households with a member with disability","Community housing","","Community housing","Benefit type; derived from self-reported benefits data","","Social connection","","","","AIHW (unpublished) National Social Housing Survey","%","91.6","93.6","92.0","85.6","87.5","85.6","86.0","na","","90.8"
"18A.56","2023","Self-reported benefits of living in social housing - Community housing","All ages","All people","All households","All areas","Households with a member with disability","Community housing","","Community housing","Benefit type; derived from self-reported benefits data","","Social connection","","","95%CI","AIHW (unpublished) National Social Housing Survey","%","5.8","4.9","5.0","12.8","5.8","8.7","10.4","na","","3.2"
"18A.56","2023","Self-reported benefits of living in social housing - Community housing","All ages","All people","All households","All areas","Households with a member with disability","Community housing","","Community housing","Benefit type; derived from self-reported benefits data","","Economic participation","","","","AIHW (unpublished) National Social Housing Survey","%","93.6","97.6","96.3","88.9","96.2","90.7","100.0","na","","94.5"
"18A.56","2023","Self-reported benefits of living in social housing - Community housing","All ages","All people","All households","All areas","Households with a member with disability","Community housing","","Community housing","Benefit type; derived from self-reported benefits data","","Economic participation","","","95%CI","AIHW (unpublished) National Social Housing Survey","%","5.3","2.8","3.3","11.7","3.2","7.1","..","na","","2.8"
"18A.56","2023","Self-reported benefits of living in social housing - Community housing","All ages","All people","All households","All areas","Households with a member with disability","Community housing","","Community housing","Benefit type; derived from self-reported benefits data","","Wellbeing and Economic participation","","","","AIHW (unpublished) National Social Housing Survey","%","80.6","91.1","90.3","71.3","86.3","75.3","81.8","na","","83.1"
"18A.56","2023","Self-reported benefits of living in social housing - Community housing","All ages","All people","All households","All areas","Households with a member with disability","Community housing","","Community housing","Benefit type; derived from self-reported benefits data","","Wellbeing and Economic participation","","","95%CI","AIHW (unpublished) National Social Housing Survey","%","7.8","6.3","5.3","15.3","5.9","10.2","11.4","na","","4.2"
"18A.56","2023","Self-reported benefits of living in social housing - Community housing","All ages","All people","All households","All areas","Households with a member with disability","Community housing","","Community housing","Benefit type; derived from self-reported benefits data","","Social and Economic participation","","","","AIHW (unpublished) National Social Housing Survey","%","85.4","88.8","83.7","73.1","82.4","74.5","77.3","na","","84.0"
"18A.56","2023","Self-reported benefits of living in social housing - Community housing","All ages","All people","All households","All areas","Households with a member with disability","Community housing","","Community housing","Benefit type; derived from self-reported benefits data","","Social and Economic participation","","","95%CI","AIHW (unpublished) National Social Housing Survey","%","7.1","6.7","6.6","15.2","6.5","10.5","12.4","na","","4.0"
"18A.56","2023","Self-reported benefits of living in social housing - Community housing","All ages","All people","All households","All areas","Households with a member with disability","Community housing","","Community housing","Benefit type; derived from self-reported benefits data","","Wellbeing and Social connection","","","","AIHW (unpublished) National Social Housing Survey","%","82.2","86.4","85.4","72.5","79.5","71.0","77.3","na","","81.7"
"18A.56","2023","Self-reported benefits of living in social housing - Community housing","All ages","All people","All households","All areas","Households with a member with disability","Community housing","","Community housing","Benefit type; derived from self-reported benefits data","","Wellbeing and Social connection","","","95%CI","AIHW (unpublished) National Social Housing Survey","%","7.6","7.5","6.4","15.1","6.9","10.7","12.4","na","","4.2"
"18A.56","2023","Self-reported benefits of living in social housing - Community housing","All ages","All people","All households","All areas","All households","Community housing","","Community housing","Benefit type; derived from self-reported benefits data","","Wellbeing","","","","AIHW (unpublished) National Social Housing Survey","%","94.9","94.5","95.9","98.8","96.5","92.7","90.6","na","","95.3"
"18A.56","2023","Self-reported benefits of living in social housing - Community housing","All ages","All people","All households","All areas","All households","Community housing","","Community housing","Benefit type; derived from self-reported benefits data","","Wellbeing","","","95%CI","AIHW (unpublished) National Social Housing Survey","%","2.3","2.8","1.9","1.5","1.5","2.8","4.9","na","","1.2"
"18A.56","2023","Self-reported benefits of living in social housing - Community housing","All ages","All people","All households","All areas","All households","Community housing","","Community housing","Benefit type; derived from self-reported benefits data","","Social connection","","","","AIHW (unpublished) National Social Housing Survey","%","93.9","94.1","94.6","95.4","93.4","90.9","91.5","na","","93.8"
"18A.56","2023","Self-reported benefits of living in social housing - Community housing","All ages","All people","All households","All areas","All households","Community housing","","Community housing","Benefit type; derived from self-reported benefits data","","Social connection","","","95%CI","AIHW (unpublished) National Social Housing Survey","%","2.6","2.8","2.2","3.0","2.1","3.1","4.6","na","","1.4"
"18A.56","2023","Self-reported benefits of living in social housing - Community housing","All ages","All people","All households","All areas","All households","Community housing","","Community housing","Benefit type; derived from self-reported benefits data","","Economic participation","","","","AIHW (unpublished) National Social Housing Survey","%","96.9","96.5","98.2","97.5","97.2","97.1","96.4","na","","97.1"
"18A.56","2023","Self-reported benefits of living in social housing - Community housing","All ages","All people","All households","All areas","All households","Community housing","","Community housing","Benefit type; derived from self-reported benefits data","","Economic participation","","","95%CI","AIHW (unpublished) National Social Housing Survey","%","1.7","2.1","1.2","2.4","1.3","1.8","3.1","na","","0.9"
"18A.56","2023","Self-reported benefits of living in social housing - Community housing","All ages","All people","All households","All areas","All households","Community housing","","Community housing","Benefit type; derived from self-reported benefits data","","Wellbeing and Economic participation","","","","AIHW (unpublished) National Social Housing Survey","%","85.2","88.8","91.1","88.7","88.8","82.7","81.6","na","","86.8"
"18A.56","2023","Self-reported benefits of living in social housing - Community housing","All ages","All people","All households","All areas","All households","Community housing","","Community housing","Benefit type; derived from self-reported benefits data","","Wellbeing and Economic participation","","","95%CI","AIHW (unpublished) National Social Housing Survey","%","3.4","3.7","2.6","4.4","2.6","3.9","6.3","na","","1.8"
"18A.56","2023","Self-reported benefits of living in social housing - Community housing","All ages","All people","All households","All areas","All households","Community housing","","Community housing","Benefit type; derived from self-reported benefits data","","Social and Economic participation","","","","AIHW (unpublished) National Social Housing Survey","%","86.2","87.0","88.9","85.8","86.9","83.3","84.8","na","","86.5"
"18A.56","2023","Self-reported benefits of living in social housing - Community housing","All ages","All people","All households","All areas","All households","Community housing","","Community housing","Benefit type; derived from self-reported benefits data","","Social and Economic participation","","","95%CI","AIHW (unpublished) National Social Housing Survey","%","3.6","3.9","3.0","4.9","2.8","3.9","5.9","na","","1.9"
"18A.56","2023","Self-reported benefits of living in social housing - Community housing","All ages","All people","All households","All areas","All households","Community housing","","Community housing","Benefit type; derived from self-reported benefits data","","Wellbeing and Social connection","","","","AIHW (unpublished) National Social Housing Survey","%","84.0","87.8","88.5","85.8","85.2","79.8","78.9","na","","85.0"
"18A.56","2023","Self-reported benefits of living in social housing - Community housing","All ages","All people","All households","All areas","All households","Community housing","","Community housing","Benefit type; derived from self-reported benefits data","","Wellbeing and Social connection","","","95%CI","AIHW (unpublished) National Social Housing Survey","%","3.7","3.8","3.0","4.9","2.9","4.2","6.6","na","","2.0"
"18A.56","2023","Self-reported benefits of living in social housing - Community housing","All ages","All people","All households","All areas","All households","Community housing","","Community housing","Self-reported benefit","","Wellbeing","Enjoy better health","","","AIHW (unpublished) National Social Housing Survey","%","84.7","84.3","88.1","86.8","89.0","76.6","81.3","na","","85.1"
"18A.56","2023","Self-reported benefits of living in social housing - Community housing","All ages","All people","All households","All areas","All households","Community housing","","Community housing","Self-reported benefit","","Wellbeing","Enjoy better health","","95%CI","AIHW (unpublished) National Social Housing Survey","%","4.1","4.7","3.2","5.7","2.9","4.9","6.9","na","","2.2"
"18A.56","2023","Self-reported benefits of living in social housing - Community housing","All ages","All people","All households","All areas","All households","Community housing","","Community housing","Self-reported benefit","","Wellbeing","Feel more settled","","","AIHW (unpublished) National Social Housing Survey","%","94.4","93.2","95.1","98.8","95.5","91.4","88.9","na","","94.5"
"18A.56","2023","Self-reported benefits of living in social housing - Community housing","All ages","All people","All households","All areas","All households","Community housing","","Community housing","Self-reported benefit","","Wellbeing","Feel more settled","","95%CI","AIHW (unpublished) National Social Housing Survey","%","2.4","3.0","2.1","1.5","1.8","3.0","5.3","na","","1.3"
"18A.56","2023","Self-reported benefits of living in social housing - Community housing","All ages","All people","All households","All areas","All households","Community housing","","Community housing","Self-reported benefit","","Wellbeing","Feel more able to cope with life events","","","AIHW (unpublished) National Social Housing Survey","%","88.9","87.0","89.1","91.6","92.6","86.3","84.2","na","","89.1"
"18A.56","2023","Self-reported benefits of living in social housing - Community housing","All ages","All people","All households","All areas","All households","Community housing","","Community housing","Self-reported benefit","","Wellbeing","Feel more able to cope with life events","","95%CI","AIHW (unpublished) National Social Housing Survey","%","3.4","4.2","3.1","4.3","2.3","3.9","6.2","na","","1.8"
"18A.56","2023","Self-reported benefits of living in social housing - Community housing","All ages","All people","All households","All areas","All households","Community housing","","Community housing","Self-reported benefit","","Social connection","Feel part of the local community","","","AIHW (unpublished) National Social Housing Survey","%","83.2","82.1","83.8","85.8","84.5","80.1","80.9","na","","83.2"
"18A.56","2023","Self-reported benefits of living in social housing - Community housing","All ages","All people","All households","All areas","All households","Community housing","","Community housing","Self-reported benefit","","Social connection","Feel part of the local community","","95%CI","AIHW (unpublished) National Social Housing Survey","%","4.4","4.8","3.8","5.7","3.3","4.6","6.8","na","","2.3"
"18A.56","2023","Self-reported benefits of living in social housing - Community housing","All ages","All people","All households","All areas","All households","Community housing","","Community housing","Self-reported benefit","","Social connection","Able to continue living in this area","","","AIHW (unpublished) National Social Housing Survey","%","93.4","93.7","92.8","91.7","92.6","89.6","89.0","na","","92.8"
"18A.56","2023","Self-reported benefits of living in social housing - Community housing","All ages","All people","All households","All areas","All households","Community housing","","Community housing","Self-reported benefit","","Social connection","Able to continue living in this area","","95%CI","AIHW (unpublished) National Social Housing Survey","%","2.7","2.9","2.5","4.4","2.2","3.3","5.3","na","","1.4"
"18A.56","2023","Self-reported benefits of living in social housing - Community housing","All ages","All people","All households","All areas","All households","Community housing","","Community housing","Self-reported benefit","","Economic participation","Able to manage rent/money better","","","AIHW (unpublished) National Social Housing Survey","%","93.1","92.5","94.0","94.6","92.0","90.5","88.4","na","","92.9"
"18A.56","2023","Self-reported benefits of living in social housing - Community housing","All ages","All people","All households","All areas","All households","Community housing","","Community housing","Self-reported benefit","","Economic participation","Able to manage rent/money better","","95%CI","AIHW (unpublished) National Social Housing Survey","%","2.7","3.0","2.3","3.6","2.3","3.2","5.5","na","","1.5"
"18A.56","2023","Self-reported benefits of living in social housing - Community housing","All ages","All people","All households","All areas","All households","Community housing","","Community housing","Self-reported benefit","","Economic participation","Feel more able to improve job situation","","","AIHW (unpublished) National Social Housing Survey","%","69.5","77.2","77.2","82.5","74.2","70.6","72.5","na","","73.1"
"18A.56","2023","Self-reported benefits of living in social housing - Community housing","All ages","All people","All households","All areas","All households","Community housing","","Community housing","Self-reported benefit","","Economic participation","Feel more able to improve job situation","","95%CI","AIHW (unpublished) National Social Housing Survey","%","7.9","7.3","6.0","9.2","5.9","7.6","10.6","na","","4.0"
"18A.56","2023","Self-reported benefits of living in social housing - Community housing","All ages","All people","All households","All areas","All households","Community housing","","Community housing","Self-reported benefit","","Economic participation","Feel more able to start or continue education/training","","","AIHW (unpublished) National Social Housing Survey","%","76.8","78.8","80.0","82.5","75.9","70.2","76.8","na","","77.3"
"18A.56","2023","Self-reported benefits of living in social housing - Community housing","All ages","All people","All households","All areas","All households","Community housing","","Community housing","Self-reported benefit","","Economic participation","Feel more able to start or continue education/training","","95%CI","AIHW (unpublished) National Social Housing Survey","%","7.2","7.4","6.0","9.7","6.1","8.1","10.0","na","","3.8"
"18A.56","2023","Self-reported benefits of living in social housing - Community housing","All ages","All people","All households","All areas","All households","Community housing","","Community housing","Self-reported benefit","","Economic participation","Have better access to services","","","AIHW (unpublished) National Social Housing Survey","%","86.5","87.5","91.5","86.8","89.7","82.6","88.0","na","","87.4"
"18A.56","2023","Self-reported benefits of living in social housing - Community housing","All ages","All people","All households","All areas","All households","Community housing","","Community housing","Self-reported benefit","","Economic participation","Have better access to services","","95%CI","AIHW (unpublished) National Social Housing Survey","%","4.1","4.2","2.8","5.5","2.7","4.4","5.9","na","","2.1"
"18A.56","2023","Self-reported benefits of living in social housing - Community housing","All ages","All people","All households","All areas","All households","Community housing","","Community housing","Self-reported benefit","","Economic participation","Have better access to public transport","","","AIHW (unpublished) National Social Housing Survey","%","87.6","84.9","89.1","84.1","87.9","83.8","84.7","na","","86.9"
"18A.56","2023","Self-reported benefits of living in social housing - Community housing","All ages","All people","All households","All areas","All households","Community housing","","Community housing","Self-reported benefit","","Economic participation","Have better access to public transport","","95%CI","AIHW (unpublished) National Social Housing Survey","%","3.8","4.7","3.2","5.9","3.0","4.6","6.7","na","","2.1"
"18A.56","2021","Self-reported benefits of living in social housing - Community housing","All ages","All people","All households","All areas","Households with a member with disability","Community housing","","Community housing","Benefit type; derived from self-reported benefits data","","Wellbeing","","","","AIHW (unpublished) National Social Housing Survey","%","90.5","97.9","92.6","88.3","90.4","95.4","98.4","na","","92.1"
"18A.56","2021","Self-reported benefits of living in social housing - Community housing","All ages","All people","All households","All areas","Households with a member with disability","Community housing","","Community housing","Benefit type; derived from self-reported benefits data","","Wellbeing","","","95%CI","AIHW (unpublished) National Social Housing Survey","%","6.5","4.1","4.9","11.6","5.0","5.1","3.0","na","","3.5"
"18A.56","2021","Self-reported benefits of living in social housing - Community housing","All ages","All people","All households","All areas","Households with a member with disability","Community housing","","Community housing","Benefit type; derived from self-reported benefits data","","Social connection","","","","AIHW (unpublished) National Social Housing Survey","%","95.3","94.2","88.1","84.1","87.9","90.5","96.8","na","","92.6"
"18A.56","2021","Self-reported benefits of living in social housing - Community housing","All ages","All people","All households","All areas","Households with a member with disability","Community housing","","Community housing","Benefit type; derived from self-reported benefits data","","Social connection","","","95%CI","AIHW (unpublished) National Social Housing Survey","%","4.2","6.6","6.1","13.4","5.6","7.3","4.4","na","","2.7"
"18A.56","2021","Self-reported benefits of living in social housing - Community housing","All ages","All people","All households","All areas","Households with a member with disability","Community housing","","Community housing","Benefit type; derived from self-reported benefits data","","Economic participation","","","","AIHW (unpublished) National Social Housing Survey","%","95.7","94.4","92.0","94.3","91.0","92.9","93.5","na","","94.3"
"18A.56","2021","Self-reported benefits of living in social housing - Community housing","All ages","All people","All households","All areas","Households with a member with disability","Community housing","","Community housing","Benefit type; derived from self-reported benefits data","","Economic participation","","","95%CI","AIHW (unpublished) National Social Housing Survey","%","4.0","6.2","5.0","7.5","4.8","6.1","6.1","na","","2.4"
"18A.56","2021","Self-reported benefits of living in social housing - Community housing","All ages","All people","All households","All areas","Households with a member with disability","Community housing","","Community housing","Benefit type; derived from self-reported benefits data","","Wellbeing and Economic participation","","","","AIHW (unpublished) National Social Housing Survey","%","84.7","92.3","81.8","80.2","81.6","82.9","89.2","na","","84.8"
"18A.56","2021","Self-reported benefits of living in social housing - Community housing","All ages","All people","All households","All areas","Households with a member with disability","Community housing","","Community housing","Benefit type; derived from self-reported benefits data","","Wellbeing and Economic participation","","","95%CI","AIHW (unpublished) National Social Housing Survey","%","7.6","7.3","7.1","13.1","6.4","8.6","7.6","na","","4.2"
"18A.56","2021","Self-reported benefits of living in social housing - Community housing","All ages","All people","All households","All areas","Households with a member with disability","Community housing","","Community housing","Benefit type; derived from self-reported benefits data","","Social and Economic participation","","","","AIHW (unpublished) National Social Housing Survey","%","84.8","80.2","78.8","79.6","74.9","77.5","79.1","na","","81.5"
"18A.56","2021","Self-reported benefits of living in social housing - Community housing","All ages","All people","All households","All areas","Households with a member with disability","Community housing","","Community housing","Benefit type; derived from self-reported benefits data","","Social and Economic participation","","","95%CI","AIHW (unpublished) National Social Housing Survey","%","7.0","10.7","7.5","13.3","7.2","9.9","9.8","na","","4.2"
"18A.56","2021","Self-reported benefits of living in social housing - Community housing","All ages","All people","All households","All areas","Households with a member with disability","Community housing","","Community housing","Benefit type; derived from self-reported benefits data","","Wellbeing and Social connection","","","","AIHW (unpublished) National Social Housing Survey","%","80.7","85.8","82.2","74.4","78.7","78.5","87.9","na","","81.0"
"18A.56","2021","Self-reported benefits of living in social housing - Community housing","All ages","All people","All households","All areas","Households with a member with disability","Community housing","","Community housing","Benefit type; derived from self-reported benefits data","","Wellbeing and Social connection","","","95%CI","AIHW (unpublished) National Social Housing Survey","%","8.3","9.4","7.0","15.0","6.8","9.5","7.9","na","","4.7"
"18A.56","2021","Self-reported benefits of living in social housing - Community housing","All ages","All people","All households","All areas","All households","Community housing","","Community housing","Benefit type; derived from self-reported benefits data","","Wellbeing","","","","AIHW (unpublished) National Social Housing Survey","%","94.2","97.4","92.9","95.1","95.9","96.1","91.1","na","","95.0"
"18A.56","2021","Self-reported benefits of living in social housing - Community housing","All ages","All people","All households","All areas","All households","Community housing","","Community housing","Benefit type; derived from self-reported benefits data","","Wellbeing","","","95%CI","AIHW (unpublished) National Social Housing Survey","%","2.7","2.2","2.5","3.0","1.6","2.2","4.2","na","","1.4"
"18A.56","2021","Self-reported benefits of living in social housing - Community housing","All ages","All people","All households","All areas","All households","Community housing","","Community housing","Benefit type; derived from self-reported benefits data","","Social connection","","","","AIHW (unpublished) National Social Housing Survey","%","93.0","94.7","91.6","93.8","94.5","92.1","90.9","na","","93.3"
"18A.56","2021","Self-reported benefits of living in social housing - Community housing","All ages","All people","All households","All areas","All households","Community housing","","Community housing","Benefit type; derived from self-reported benefits data","","Social connection","","","95%CI","AIHW (unpublished) National Social Housing Survey","%","2.7","3.1","2.7","3.5","1.9","3.2","4.3","na","","1.5"
"18A.56","2021","Self-reported benefits of living in social housing - Community housing","All ages","All people","All households","All areas","All households","Community housing","","Community housing","Benefit type; derived from self-reported benefits data","","Economic participation","","","","AIHW (unpublished) National Social Housing Survey","%","95.4","95.5","96.8","96.0","96.0","96.0","91.6","na","","95.7"
"18A.56","2021","Self-reported benefits of living in social housing - Community housing","All ages","All people","All households","All areas","All households","Community housing","","Community housing","Benefit type; derived from self-reported benefits data","","Economic participation","","","95%CI","AIHW (unpublished) National Social Housing Survey","%","2.2","2.7","1.7","2.6","1.6","2.3","4.1","na","","1.2"
"18A.56","2021","Self-reported benefits of living in social housing - Community housing","All ages","All people","All households","All areas","All households","Community housing","","Community housing","Benefit type; derived from self-reported benefits data","","Wellbeing and Economic participation","","","","AIHW (unpublished) National Social Housing Survey","%","82.7","91.5","85.1","83.2","85.3","87.2","82.6","na","","85.0"
"18A.56","2021","Self-reported benefits of living in social housing - Community housing","All ages","All people","All households","All areas","All households","Community housing","","Community housing","Benefit type; derived from self-reported benefits data","","Wellbeing and Economic participation","","","95%CI","AIHW (unpublished) National Social Housing Survey","%","4.1","3.6","3.3","4.9","2.8","3.7","5.5","na","","2.1"
"18A.56","2021","Self-reported benefits of living in social housing - Community housing","All ages","All people","All households","All areas","All households","Community housing","","Community housing","Benefit type; derived from self-reported benefits data","","Social and Economic participation","","","","AIHW (unpublished) National Social Housing Survey","%","83.3","88.4","85.1","86.7","83.9","82.2","79.0","na","","84.5"
"18A.56","2021","Self-reported benefits of living in social housing - Community housing","All ages","All people","All households","All areas","All households","Community housing","","Community housing","Benefit type; derived from self-reported benefits data","","Social and Economic participation","","","95%CI","AIHW (unpublished) National Social Housing Survey","%","3.9","4.1","3.4","4.5","3.0","4.4","5.9","na","","2.0"
"18A.56","2021","Self-reported benefits of living in social housing - Community housing","All ages","All people","All households","All areas","All households","Community housing","","Community housing","Benefit type; derived from self-reported benefits data","","Wellbeing and Social connection","","","","AIHW (unpublished) National Social Housing Survey","%","81.4","89.3","84.4","81.1","83.8","81.4","79.1","na","","83.2"
"18A.56","2021","Self-reported benefits of living in social housing - Community housing","All ages","All people","All households","All areas","All households","Community housing","","Community housing","Benefit type; derived from self-reported benefits data","","Wellbeing and Social connection","","","95%CI","AIHW (unpublished) National Social Housing Survey","%","4.2","4.0","3.4","5.2","3.0","4.4","5.8","na","","2.2"
"18A.56","2021","Self-reported benefits of living in social housing - Community housing","All ages","All people","All households","All areas","All households","Community housing","","Community housing","Self-reported benefit","","Wellbeing","Enjoy better health","","","AIHW (unpublished) National Social Housing Survey","%","80.2","80.5","82.9","84.2","83.8","84.6","80.3","na","","81.6"
"18A.56","2021","Self-reported benefits of living in social housing - Community housing","All ages","All people","All households","All areas","All households","Community housing","","Community housing","Self-reported benefit","","Wellbeing","Enjoy better health","","95%CI","AIHW (unpublished) National Social Housing Survey","%","4.5","5.6","3.9","5.9","3.4","4.5","6.4","na","","2.4"
"18A.56","2021","Self-reported benefits of living in social housing - Community housing","All ages","All people","All households","All areas","All households","Community housing","","Community housing","Self-reported benefit","","Wellbeing","Feel more settled","","","AIHW (unpublished) National Social Housing Survey","%","94.8","95.2","91.3","95.1","95.7","94.9","89.4","na","","94.6"
"18A.56","2021","Self-reported benefits of living in social housing - Community housing","All ages","All people","All households","All areas","All households","Community housing","","Community housing","Self-reported benefit","","Wellbeing","Feel more settled","","95%CI","AIHW (unpublished) National Social Housing Survey","%","2.5","2.9","2.7","3.0","1.7","2.6","4.6","na","","1.3"
"18A.56","2021","Self-reported benefits of living in social housing - Community housing","All ages","All people","All households","All areas","All households","Community housing","","Community housing","Self-reported benefit","","Wellbeing","Feel more able to cope with life events","","","AIHW (unpublished) National Social Housing Survey","%","84.7","92.2","88.1","88.8","89.3","90.1","84.2","na","","87.5"
"18A.56","2021","Self-reported benefits of living in social housing - Community housing","All ages","All people","All households","All areas","All households","Community housing","","Community housing","Self-reported benefit","","Wellbeing","Feel more able to cope with life events","","95%CI","AIHW (unpublished) National Social Housing Survey","%","4.2","3.8","3.3","5.0","2.8","3.7","5.7","na","","2.2"
"18A.56","2021","Self-reported benefits of living in social housing - Community housing","All ages","All people","All households","All areas","All households","Community housing","","Community housing","Self-reported benefit","","Social connection","Feel part of the local community","","","AIHW (unpublished) National Social Housing Survey","%","80.2","83.1","82.7","87.6","78.6","80.2","82.9","na","","81.3"
"18A.56","2021","Self-reported benefits of living in social housing - Community housing","All ages","All people","All households","All areas","All households","Community housing","","Community housing","Self-reported benefit","","Social connection","Feel part of the local community","","95%CI","AIHW (unpublished) National Social Housing Survey","%","4.8","5.3","3.9","5.1","3.7","5.0","5.9","na","","2.5"
"18A.56","2021","Self-reported benefits of living in social housing - Community housing","All ages","All people","All households","All areas","All households","Community housing","","Community housing","Self-reported benefit","","Social connection","Able to continue living in this area","","","AIHW (unpublished) National Social Housing Survey","%","92.5","94.2","89.2","93.0","93.5","93.2","88.0","na","","92.6"
"18A.56","2021","Self-reported benefits of living in social housing - Community housing","All ages","All people","All households","All areas","All households","Community housing","","Community housing","Self-reported benefit","","Social connection","Able to continue living in this area","","95%CI","AIHW (unpublished) National Social Housing Survey","%","2.7","3.2","3.1","3.8","2.1","3.0","5.0","na","","1.4"
"18A.56","2021","Self-reported benefits of living in social housing - Community housing","All ages","All people","All households","All areas","All households","Community housing","","Community housing","Self-reported benefit","","Economic participation","Able to manage rent/money better","","","AIHW (unpublished) National Social Housing Survey","%","92.2","92.2","93.9","95.0","93.7","92.3","87.4","na","","92.8"
"18A.56","2021","Self-reported benefits of living in social housing - Community housing","All ages","All people","All households","All areas","All households","Community housing","","Community housing","Self-reported benefit","","Economic participation","Able to manage rent/money better","","95%CI","AIHW (unpublished) National Social Housing Survey","%","3.0","3.7","2.3","3.0","2.0","3.1","5.2","na","","1.6"
"18A.56","2021","Self-reported benefits of living in social housing - Community housing","All ages","All people","All households","All areas","All households","Community housing","","Community housing","Self-reported benefit","","Economic participation","Feel more able to improve job situation","","","AIHW (unpublished) National Social Housing Survey","%","57.9","75.2","72.5","70.3","68.6","68.1","70.0","na","","65.5"
"18A.56","2021","Self-reported benefits of living in social housing - Community housing","All ages","All people","All households","All areas","All households","Community housing","","Community housing","Self-reported benefit","","Economic participation","Feel more able to improve job situation","","95%CI","AIHW (unpublished) National Social Housing Survey","%","8.9","8.3","6.9","11.8","6.1","8.3","9.5","na","","4.6"
"18A.56","2021","Self-reported benefits of living in social housing - Community housing","All ages","All people","All households","All areas","All households","Community housing","","Community housing","Self-reported benefit","","Economic participation","Feel more able to start or continue education/training","","","AIHW (unpublished) National Social Housing Survey","%","67.5","76.9","77.5","75.3","76.4","72.1","73.0","na","","72.0"
"18A.56","2021","Self-reported benefits of living in social housing - Community housing","All ages","All people","All households","All areas","All households","Community housing","","Community housing","Self-reported benefit","","Economic participation","Feel more able to start or continue education/training","","95%CI","AIHW (unpublished) National Social Housing Survey","%","8.3","8.2","6.9","11.2","5.7","8.3","9.2","na","","4.4"
"18A.56","2021","Self-reported benefits of living in social housing - Community housing","All ages","All people","All households","All areas","All households","Community housing","","Community housing","Self-reported benefit","","Economic participation","Have better access to services","","","AIHW (unpublished) National Social Housing Survey","%","85.4","87.0","86.4","88.9","87.2","84.7","85.8","na","","86.2"
"18A.56","2021","Self-reported benefits of living in social housing - Community housing","All ages","All people","All households","All areas","All households","Community housing","","Community housing","Self-reported benefit","","Economic participation","Have better access to services","","95%CI","AIHW (unpublished) National Social Housing Survey","%","4.1","4.7","3.5","4.8","3.0","4.6","5.5","na","","2.1"
"18A.56","2021","Self-reported benefits of living in social housing - Community housing","All ages","All people","All households","All areas","All households","Community housing","","Community housing","Self-reported benefit","","Economic participation","Have better access to public transport","","","AIHW (unpublished) National Social Housing Survey","%","84.4","85.6","83.1","89.8","87.9","85.3","83.0","na","","85.3"
"18A.56","2021","Self-reported benefits of living in social housing - Community housing","All ages","All people","All households","All areas","All households","Community housing","","Community housing","Self-reported benefit","","Economic participation","Have better access to public transport","","95%CI","AIHW (unpublished) National Social Housing Survey","%","4.3","5.0","4.0","4.2","3.0","4.8","6.2","na","","2.3"
"18A.56","2018","Self-reported benefits of living in social housing - Community housing","All ages","All people","All households","All areas","Households with a member with disability","Community housing","","Community housing","Benefit type; derived from self-reported benefits data","","Wellbeing","","","","AIHW (unpublished) National Social Housing Survey","%","91.3","84.3","94.3","92.7","95.2","92.7","90.7","na","","91.2"
"18A.56","2018","Self-reported benefits of living in social housing - Community housing","All ages","All people","All households","All areas","Households with a member with disability","Community housing","","Community housing","Benefit type; derived from self-reported benefits data","","Wellbeing","","","95%CI","AIHW (unpublished) National Social Housing Survey","%","6.7","7.1","3.8","5.1","3.2","4.9","7.8","na","","2.9"
"18A.56","2018","Self-reported benefits of living in social housing - Community housing","All ages","All people","All households","All areas","Households with a member with disability","Community housing","","Community housing","Benefit type; derived from self-reported benefits data","","Social connection","","","","AIHW (unpublished) National Social Housing Survey","%","84.6","89.3","92.1","89.4","94.5","89.8","89.5","na","","88.7"
"18A.56","2018","Self-reported benefits of living in social housing - Community housing","All ages","All people","All households","All areas","Households with a member with disability","Community housing","","Community housing","Benefit type; derived from self-reported benefits data","","Social connection","","","95%CI","AIHW (unpublished) National Social Housing Survey","%","8.4","6.1","4.5","6.2","3.4","5.7","8.0","na","","3.4"
"18A.56","2018","Self-reported benefits of living in social housing - Community housing","All ages","All people","All households","All areas","Households with a member with disability","Community housing","","Community housing","Benefit type; derived from self-reported benefits data","","Economic participation","","","","AIHW (unpublished) National Social Housing Survey","%","88.4","91.6","94.4","93.4","97.0","96.5","98.1","na","","92.2"
"18A.56","2018","Self-reported benefits of living in social housing - Community housing","All ages","All people","All households","All areas","Households with a member with disability","Community housing","","Community housing","Benefit type; derived from self-reported benefits data","","Economic participation","","","95%CI","AIHW (unpublished) National Social Housing Survey","%","7.6","5.4","3.8","4.7","2.5","3.4","3.7","na","","3.0"
"18A.56","2018","Self-reported benefits of living in social housing - Community housing","All ages","All people","All households","All areas","Households with a member with disability","Community housing","","Community housing","Benefit type; derived from self-reported benefits data","","Wellbeing and Economic participation","","","","AIHW (unpublished) National Social Housing Survey","%","80.2","73.7","80.7","78.6","87.8","79.7","75.9","na","","79.8"
"18A.56","2018","Self-reported benefits of living in social housing - Community housing","All ages","All people","All households","All areas","Households with a member with disability","Community housing","","Community housing","Benefit type; derived from self-reported benefits data","","Wellbeing and Economic participation","","","95%CI","AIHW (unpublished) National Social Housing Survey","%","9.1","8.5","6.3","7.7","4.8","7.3","11.0","na","","3.9"
"18A.56","2018","Self-reported benefits of living in social housing - Community housing","All ages","All people","All households","All areas","Households with a member with disability","Community housing","","Community housing","Benefit type; derived from self-reported benefits data","","Social and Economic participation","","","","AIHW (unpublished) National Social Housing Survey","%","76.6","77.7","78.7","73.5","84.0","76.3","81.0","na","","77.7"
"18A.56","2018","Self-reported benefits of living in social housing - Community housing","All ages","All people","All households","All areas","Households with a member with disability","Community housing","","Community housing","Benefit type; derived from self-reported benefits data","","Social and Economic participation","","","95%CI","AIHW (unpublished) National Social Housing Survey","%","9.7","8.1","6.6","8.2","5.3","7.7","10.1","na","","4.0"
"18A.56","2018","Self-reported benefits of living in social housing - Community housing","All ages","All people","All households","All areas","Households with a member with disability","Community housing","","Community housing","Benefit type; derived from self-reported benefits data","","Wellbeing and Social connection","","","","AIHW (unpublished) National Social Housing Survey","%","77.8","74.6","80.5","73.8","83.7","76.2","79.3","na","","77.8"
"18A.56","2018","Self-reported benefits of living in social housing - Community housing","All ages","All people","All households","All areas","Households with a member with disability","Community housing","","Community housing","Benefit type; derived from self-reported benefits data","","Wellbeing and Social connection","","","95%CI","AIHW (unpublished) National Social Housing Survey","%","9.5","8.5","6.4","8.3","5.4","7.7","10.5","na","","4.0"
"18A.56","2018","Self-reported benefits of living in social housing - Community housing","All ages","All people","All households","All areas","All households","Community housing","","Community housing","Benefit type; derived from self-reported benefits data","","Wellbeing","","","","AIHW (unpublished) National Social Housing Survey","%","94.7","91.3","95.5","92.9","95.9","95.2","90.0","na","","94.1"
"18A.56","2018","Self-reported benefits of living in social housing - Community housing","All ages","All people","All households","All areas","All households","Community housing","","Community housing","Benefit type; derived from self-reported benefits data","","Wellbeing","","","95%CI","AIHW (unpublished) National Social Housing Survey","%","2.5","2.8","1.8","2.6","1.5","2.1","4.7","na","","1.2"
"18A.56","2018","Self-reported benefits of living in social housing - Community housing","All ages","All people","All households","All areas","All households","Community housing","","Community housing","Benefit type; derived from self-reported benefits data","","Social connection","","","","AIHW (unpublished) National Social Housing Survey","%","91.5","92.4","91.8","91.1","93.7","92.5","90.8","na","","92.0"
"18A.56","2018","Self-reported benefits of living in social housing - Community housing","All ages","All people","All households","All areas","All households","Community housing","","Community housing","Benefit type; derived from self-reported benefits data","","Social connection","","","95%CI","AIHW (unpublished) National Social Housing Survey","%","3.2","2.7","2.4","3.0","1.8","2.7","4.5","na","","1.4"
"18A.56","2018","Self-reported benefits of living in social housing - Community housing","All ages","All people","All households","All areas","All households","Community housing","","Community housing","Benefit type; derived from self-reported benefits data","","Economic participation","","","","AIHW (unpublished) National Social Housing Survey","%","95.4","95.5","96.4","96.5","96.6","97.2","95.0","na","","95.9"
"18A.56","2018","Self-reported benefits of living in social housing - Community housing","All ages","All people","All households","All areas","All households","Community housing","","Community housing","Benefit type; derived from self-reported benefits data","","Economic participation","","","95%CI","AIHW (unpublished) National Social Housing Survey","%","2.4","2.1","1.6","1.8","1.3","1.6","3.4","na","","1.0"
"18A.56","2018","Self-reported benefits of living in social housing - Community housing","All ages","All people","All households","All areas","All households","Community housing","","Community housing","Benefit type; derived from self-reported benefits data","","Wellbeing and Economic participation","","","","AIHW (unpublished) National Social Housing Survey","%","83.8","82.5","84.3","80.9","85.0","82.8","78.2","na","","83.3"
"18A.56","2018","Self-reported benefits of living in social housing - Community housing","All ages","All people","All households","All areas","All households","Community housing","","Community housing","Benefit type; derived from self-reported benefits data","","Wellbeing and Economic participation","","","95%CI","AIHW (unpublished) National Social Housing Survey","%","4.0","3.7","3.1","3.8","2.5","3.7","6.2","na","","1.8"
"18A.56","2018","Self-reported benefits of living in social housing - Community housing","All ages","All people","All households","All areas","All households","Community housing","","Community housing","Benefit type; derived from self-reported benefits data","","Social and Economic participation","","","","AIHW (unpublished) National Social Housing Survey","%","80.2","82.9","81.2","78.9","82.4","80.6","86.1","na","","81.0"
"18A.56","2018","Self-reported benefits of living in social housing - Community housing","All ages","All people","All households","All areas","All households","Community housing","","Community housing","Benefit type; derived from self-reported benefits data","","Social and Economic participation","","","95%CI","AIHW (unpublished) National Social Housing Survey","%","4.5","3.7","3.3","4.0","2.7","3.9","5.3","na","","2.0"
"18A.56","2018","Self-reported benefits of living in social housing - Community housing","All ages","All people","All households","All areas","All households","Community housing","","Community housing","Benefit type; derived from self-reported benefits data","","Wellbeing and Social connection","","","","AIHW (unpublished) National Social Housing Survey","%","81.7","78.8","81.2","76.5","82.7","80.4","78.6","na","","80.6"
"18A.56","2018","Self-reported benefits of living in social housing - Community housing","All ages","All people","All households","All areas","All households","Community housing","","Community housing","Benefit type; derived from self-reported benefits data","","Wellbeing and Social connection","","","95%CI","AIHW (unpublished) National Social Housing Survey","%","4.3","4.0","3.3","4.2","2.7","3.9","6.2","na","","1.9"
"18A.56","2018","Self-reported benefits of living in social housing - Community housing","All ages","All people","All households","All areas","All households","Community housing","","Community housing","Self-reported benefit","","Wellbeing","Enjoy better health","","","AIHW (unpublished) National Social Housing Survey","%","79.6","79.1","84.7","82.6","83.3","81.1","77.1","na","","81.0"
"18A.56","2018","Self-reported benefits of living in social housing - Community housing","All ages","All people","All households","All areas","All households","Community housing","","Community housing","Self-reported benefit","","Wellbeing","Enjoy better health","","95%CI","AIHW (unpublished) National Social Housing Survey","%","5.1","4.6","3.4","4.3","3.1","4.4","7.0","na","","2.3"
"18A.56","2018","Self-reported benefits of living in social housing - Community housing","All ages","All people","All households","All areas","All households","Community housing","","Community housing","Self-reported benefit","","Wellbeing","Feel more settled","","","AIHW (unpublished) National Social Housing Survey","%","94.3","91.1","94.8","92.5","96.1","94.4","88.3","na","","93.8"
"18A.56","2018","Self-reported benefits of living in social housing - Community housing","All ages","All people","All households","All areas","All households","Community housing","","Community housing","Self-reported benefit","","Wellbeing","Feel more settled","","95%CI","AIHW (unpublished) National Social Housing Survey","%","2.6","2.9","2.0","2.8","1.4","2.3","5.1","na","","1.2"
"18A.56","2018","Self-reported benefits of living in social housing - Community housing","All ages","All people","All households","All areas","All households","Community housing","","Community housing","Self-reported benefit","","Wellbeing","Feel more able to cope with life events","","","AIHW (unpublished) National Social Housing Survey","%","84.8","82.8","86.5","86.8","87.9","86.3","79.7","na","","85.3"
"18A.56","2018","Self-reported benefits of living in social housing - Community housing","All ages","All people","All households","All areas","All households","Community housing","","Community housing","Self-reported benefit","","Wellbeing","Feel more able to cope with life events","","95%CI","AIHW (unpublished) National Social Housing Survey","%","4.5","4.1","3.2","3.8","2.7","3.8","6.5","na","","2.0"
"18A.56","2018","Self-reported benefits of living in social housing - Community housing","All ages","All people","All households","All areas","All households","Community housing","","Community housing","Self-reported benefit","","Social connection","Feel part of the local community","","","AIHW (unpublished) National Social Housing Survey","%","79.2","78.8","78.7","84.7","78.5","85.1","75.3","na","","79.9"
"18A.56","2018","Self-reported benefits of living in social housing - Community housing","All ages","All people","All households","All areas","All households","Community housing","","Community housing","Self-reported benefit","","Social connection","Feel part of the local community","","95%CI","AIHW (unpublished) National Social Housing Survey","%","5.1","4.5","4.0","4.0","3.4","4.0","6.9","na","","2.3"
"18A.56","2018","Self-reported benefits of living in social housing - Community housing","All ages","All people","All households","All areas","All households","Community housing","","Community housing","Self-reported benefit","","Social connection","Able to continue living in this area","","","AIHW (unpublished) National Social Housing Survey","%","90.4","91.1","90.4","89.9","93.1","88.6","90.3","na","","90.7"
"18A.56","2018","Self-reported benefits of living in social housing - Community housing","All ages","All people","All households","All areas","All households","Community housing","","Community housing","Self-reported benefit","","Social connection","Able to continue living in this area","","95%CI","AIHW (unpublished) National Social Housing Survey","%","3.4","3.0","2.7","3.2","2.0","3.3","4.7","na","","1.5"
"18A.56","2018","Self-reported benefits of living in social housing - Community housing","All ages","All people","All households","All areas","All households","Community housing","","Community housing","Self-reported benefit","","Economic participation","Able to manage rent/money better","","","AIHW (unpublished) National Social Housing Survey","%","90.3","92.2","92.8","91.6","93.9","93.3","86.6","na","","91.7"
"18A.56","2018","Self-reported benefits of living in social housing - Community housing","All ages","All people","All households","All areas","All households","Community housing","","Community housing","Self-reported benefit","","Economic participation","Able to manage rent/money better","","95%CI","AIHW (unpublished) National Social Housing Survey","%","3.4","2.7","2.3","2.9","1.8","2.6","5.5","na","","1.5"
"18A.56","2018","Self-reported benefits of living in social housing - Community housing","All ages","All people","All households","All areas","All households","Community housing","","Community housing","Self-reported benefit","","Economic participation","Feel more able to improve job situation","","","AIHW (unpublished) National Social Housing Survey","%","59.9","68.5","71.2","71.8","64.6","66.6","62.5","na","","65.1"
"18A.56","2018","Self-reported benefits of living in social housing - Community housing","All ages","All people","All households","All areas","All households","Community housing","","Community housing","Self-reported benefit","","Economic participation","Feel more able to improve job situation","","95%CI","AIHW (unpublished) National Social Housing Survey","%","8.4","6.8","6.1","7.7","6.1","7.5","10.6","na","","3.9"
"18A.56","2018","Self-reported benefits of living in social housing - Community housing","All ages","All people","All households","All areas","All households","Community housing","","Community housing","Self-reported benefit","","Economic participation","Feel more able to start or continue education/training","","","AIHW (unpublished) National Social Housing Survey","%","67.0","73.1","74.7","69.9","73.2","69.4","65.2","na","","70.2"
"18A.56","2018","Self-reported benefits of living in social housing - Community housing","All ages","All people","All households","All areas","All households","Community housing","","Community housing","Self-reported benefit","","Economic participation","Feel more able to start or continue education/training","","95%CI","AIHW (unpublished) National Social Housing Survey","%","8.0","6.5","6.1","7.8","5.9","7.7","9.9","na","","3.8"
"18A.56","2018","Self-reported benefits of living in social housing - Community housing","All ages","All people","All households","All areas","All households","Community housing","","Community housing","Self-reported benefit","","Economic participation","Have better access to services","","","AIHW (unpublished) National Social Housing Survey","%","81.5","83.2","87.0","83.6","86.1","86.3","85.3","na","","83.7"
"18A.56","2018","Self-reported benefits of living in social housing - Community housing","All ages","All people","All households","All areas","All households","Community housing","","Community housing","Self-reported benefit","","Economic participation","Have better access to services","","95%CI","AIHW (unpublished) National Social Housing Survey","%","4.9","4.1","3.2","4.2","2.9","3.8","6.0","na","","2.2"
"18A.56","2018","Self-reported benefits of living in social housing - Community housing","All ages","All people","All households","All areas","All households","Community housing","","Community housing","Self-reported benefit","","Economic participation","Have better access to public transport","","","AIHW (unpublished) National Social Housing Survey","%","79.4","86.3","86.2","80.0","86.2","88.5","78.9","na","","83.0"
"18A.56","2018","Self-reported benefits of living in social housing - Community housing","All ages","All people","All households","All areas","All households","Community housing","","Community housing","Self-reported benefit","","Economic participation","Have better access to public transport","","95%CI","AIHW (unpublished) National Social Housing Survey","%","5.2","3.8","3.5","4.5","2.9","3.7","7.2","na","","2.3"
